40.0,25.081623449728834,246.19
40.0,25.464085999123704,246.04
40.0,25.445391105571534,245.86
40.0,25.579340405720416,245.75
40.0,25.143487402587798,245.9
40.0,25.125553917294496,245.9
40.0,25.505841403481732,245.9
40.0,24.9698809596526,245.9
40.0,25.475536981746597,245.94
40.0,25.023405886146723,246.01
40.0,25.332752674149095,245.9
40.0,25.210047631423866,245.94
40.0,25.29703473650817,245.94
40.0,25.036501469595173,245.97
40.0,24.871734119646927,246.19
40.0,24.904630192292345,245.97
40.0,25.45550131092941,245.86
40.0,24.714405235966503,246.12
40.0,25.20903108749885,246.04
40.0,24.775522827166032,246.08
40.0,25.364949112330585,246.12
40.0,25.361197607139374,246.04
40.0,25.156722578824525,246.01
40.0,24.915216200219177,246.12
40.0,25.31643892345474,245.9
40.0,24.988643818415365,246.12
40.0,25.077553026583892,246.01
40.0,25.045105924418365,246.23
40.0,25.45064953879017,246.08
40.0,25.223163519248057,246.26
40.0,25.028869926171357,246.01
40.0,25.567324343909444,245.97
40.0,25.37346363720101,245.9
40.0,24.799499990693956,245.94
40.0,24.743107705810854,246.01
40.0,25.37239224393385,245.83
40.0,24.818709609838617,245.97
40.0,25.65521319914436,246.04
40.0,25.57992445601997,245.9
40.0,24.875100090328335,246.15
40.0,25.102122076829488,246.04
40.0,25.657184152874805,245.97
40.0,25.572816651381473,245.97
40.0,25.26872282140881,246.04
40.0,24.84970958612406,246.01
40.0,25.041632421594983,246.01
40.0,25.385092245975205,245.94
40.0,25.484908601683475,246.04
40.0,25.180376680970934,245.9
40.0,25.413703889745662,246.01
40.0,25.20816487688934,246.04
40.0,25.08961084119327,246.01
40.0,24.840252025114005,246.12
40.0,24.822944614338727,246.01
40.0,25.046510992587613,245.83
40.0,25.089727552873082,245.97
40.0,25.6003085721445,246.08
40.0,25.59440765934599,245.94
40.0,25.157063433122595,245.83
40.0,25.513311701266918,245.97
40.0,25.213220970368095,245.86
40.0,25.266829058589625,245.9
40.0,25.141387151052122,246.01
40.0,25.4387233849347,246.04
40.0,25.094287552896052,245.9
40.0,24.756246857464625,246.04
40.0,24.956997206972908,246.12
40.0,24.99289880469381,245.97
40.0,24.806110846822246,245.97
40.0,25.387897032096372,245.97
40.0,25.54559790221511,245.9
40.0,25.498731542580522,245.97
40.0,24.971660239701563,245.94
40.0,25.580515372688964,246.04
40.0,24.843898234302387,246.01
40.0,25.325663035025933,246.04
40.0,25.486921207706104,245.97
40.0,25.088956046056804,245.79
40.0,24.957448071026832,245.83
40.0,25.424151082474545,245.94
40.0,24.76925634903369,245.75
40.0,25.184099033552844,245.86
40.0,25.524047489735306,245.68
40.0,24.905491019521435,245.9
40.0,25.047739976280234,245.9
40.0,24.71634543598074,245.83
40.0,25.476041907269785,245.94
40.0,25.42825736486556,245.75
40.0,24.739371489961044,246.04
40.0,66.36,-242.02
40.0,66.31,-242.02
40.0,66.27,-242.02
40.0,66.22,-242.02
40.0,66.17,-242.02
40.0,66.12,-242.02
40.0,0.0,-242.02
40.0,0.0,-242.02
40.0,0.0,-242.02
40.0,0.0,-242.02
40.0,0.0,-242.02
40.0,23.07,-242.02
40.0,23.16,-242.02
40.0,23.25,-242.02
40.0,23.35,-242.02
40.0,23.44,-242.02
40.0,23.55,-242.02
40.0,23.64,-242.02
40.0,23.74,-242.02
40.0,23.84,-242.02
40.0,23.94,-242.02
40.0,24.04,-242.02
40.0,24.14,-242.02
40.0,24.24,-242.02
40.0,24.34,-242.02
40.0,24.44,-242.02
40.0,24.53,-242.02
40.0,24.64,-242.02
40.0,24.73,-242.02
40.0,24.83,-242.02
40.0,24.92,-242.02
40.0,25.02,-242.02
40.0,25.12,-242.02
40.0,25.22,-242.02
40.0,25.31,-242.02
40.0,25.41,-242.02
40.0,25.51,-242.02
40.0,25.6,-242.02
40.0,0.0,-242.02
40.0,25.77,-242.02
40.0,25.87,-242.02
40.0,25.97,-242.02
40.0,26.07,-242.02
40.0,26.17,-242.02
40.0,26.27,-242.02
40.0,26.37,-242.02
40.0,26.47,-242.02
40.0,26.57,-242.02
40.0,26.66,-242.02
40.0,26.75,-242.02
40.0,26.85,-242.02
40.0,26.95,-242.02
40.0,27.05,-242.02
40.0,27.15,-242.02
40.0,27.26,-242.02
40.0,27.37,-242.02
40.0,27.48,-242.02
40.0,27.58,-242.02
40.0,27.69,-242.02
40.0,27.8,-242.02
40.0,27.9,-242.02
40.0,28.01,-242.02
40.0,28.11,-242.02
40.0,28.21,-242.02
40.0,28.31,-242.02
40.0,28.42,-242.02
40.0,28.52,-242.02
40.0,28.63,-242.02
40.0,28.73,-242.02
40.0,28.83,-242.02
40.0,28.94,-242.02
40.0,29.04,-242.02
40.0,29.14,-242.02
40.0,29.23,-242.02
40.0,29.33,-242.02
40.0,29.43,-242.02
40.0,29.52,-242.02
40.0,29.62,-242.02
40.0,29.71,-242.02
40.0,29.8,-242.02
40.0,29.9,-242.02
40.0,29.99,-242.02
40.0,30.08,-242.02
40.0,30.18,-242.02
40.0,30.27,-242.02
40.0,30.36,-242.02
40.0,30.45,-242.02
40.0,30.54,-242.02
40.0,30.63,-242.02
40.0,30.71,-242.02
40.0,30.81,-242.02
40.0,30.89,-242.02
40.0,30.98,-242.02
40.0,31.06,-242.02
40.0,31.15,-242.02
40.0,31.24,-242.02
40.0,31.33,-242.02
40.0,31.39,-242.02
40.0,31.48,-242.02
40.0,31.56,-242.02
40.0,31.65,-242.02
40.0,31.74,-242.02
40.0,31.82,-242.02
40.0,31.91,-242.02
40.0,31.99,-242.02
40.0,32.08,-242.02
40.0,32.16,-242.02
40.0,32.23,-242.02
40.0,32.31,-242.02
40.0,32.39,-242.02
40.0,32.46,-242.02
40.0,32.55,-242.02
40.0,32.63,-242.02
40.0,32.71,-242.02
40.0,32.79,-242.02
40.0,32.87,-242.02
40.0,32.95,-242.02
40.0,33.03,-242.02
40.0,33.1,-242.02
40.0,33.18,-242.02
40.0,33.26,-242.02
40.0,33.33,-242.02
40.0,33.41,-242.02
40.0,33.48,-242.02
40.0,33.55,-242.02
40.0,33.62,-242.02
40.0,33.69,-242.02
40.0,33.76,-242.02
40.0,33.83,-242.02
40.0,33.91,-242.02
40.0,33.97,-242.02
40.0,34.04,-242.02
40.0,34.11,-242.02
40.0,34.17,-242.02
40.0,34.24,-242.02
40.0,34.31,-242.02
40.0,34.37,-242.02
40.0,34.44,-242.02
40.0,34.5,-242.02
40.0,34.56,-242.02
40.0,34.62,-242.02
40.0,34.68,-242.02
40.0,34.74,-242.02
40.0,34.8,-242.02
40.0,34.86,-242.02
40.0,34.92,-242.02
40.0,34.98,-242.02
40.0,35.03,-242.02
40.0,35.09,-242.02
40.0,35.15,-242.02
40.0,35.2,-242.02
40.0,35.26,-242.02
40.0,35.32,-242.02
40.0,35.37,-242.02
40.0,35.42,-242.02
40.0,35.48,-242.02
40.0,35.52,-242.02
40.0,35.58,-242.02
40.0,35.62,-242.02
40.0,35.67,-242.02
40.0,35.72,-242.02
40.0,35.78,-242.02
40.0,35.83,-242.02
40.0,35.88,-242.02
40.0,35.93,-242.02
40.0,35.98,-242.02
40.0,36.03,-242.02
40.0,36.08,-242.02
40.0,36.13,-242.02
40.0,36.17,-242.02
40.0,36.22,-242.02
40.0,36.27,-242.02
40.0,36.32,-242.02
40.0,36.37,-242.02
40.0,36.41,-242.02
40.0,36.46,-242.02
40.0,36.51,-242.02
40.0,36.56,-242.02
40.0,36.6,-242.02
40.0,36.65,-242.02
40.0,36.69,-242.02
40.0,36.74,-242.02
40.0,36.78,-242.02
40.0,36.82,-242.02
40.0,36.86,-242.02
40.0,36.9,-242.02
40.0,36.94,-242.02
40.0,36.98,-242.02
40.0,37.02,-242.02
40.0,37.05,-242.02
40.0,37.09,-242.02
40.0,37.12,-242.02
40.0,37.16,-242.02
40.0,37.19,-242.02
40.0,37.23,-242.02
40.0,37.26,-242.02
40.0,37.3,-242.02
40.0,37.33,-242.02
40.0,37.37,-242.02
40.0,37.4,-242.02
40.0,37.43,-242.02
40.0,37.46,-242.02
40.0,37.5,-242.02
40.0,37.53,-242.02
40.0,37.57,-242.02
40.0,37.6,-242.02
40.0,37.64,-242.02
40.0,37.67,-242.02
40.0,37.7,-242.02
40.0,37.74,-242.02
40.0,37.77,-242.02
40.0,37.8,-242.02
40.0,37.83,-242.02
40.0,37.86,-242.02
40.0,37.89,-242.02
40.0,37.93,-242.02
40.0,37.95,-242.02
40.0,37.98,-242.02
40.0,38.01,-242.02
40.0,38.03,-242.02
40.0,38.06,-242.02
40.0,38.09,-242.02
40.0,38.11,-242.02
40.0,38.14,-242.02
40.0,38.17,-242.02
40.0,38.2,-242.02
40.0,38.22,-242.02
40.0,38.25,-242.02
40.0,38.28,-242.02
40.0,38.3,-242.02
40.0,38.33,-242.02
40.0,38.35,-242.02
40.0,38.38,-242.02
40.0,38.4,-242.02
40.0,38.42,-242.02
40.0,38.45,-242.02
40.0,38.47,-242.02
40.0,38.49,-242.02
40.0,38.51,-242.02
40.0,38.53,-242.02
40.0,38.55,-242.02
40.0,38.57,-242.02
40.0,38.59,-242.02
40.0,38.61,-242.02
40.0,38.63,-242.02
40.0,38.65,-242.02
40.0,38.66,-242.02
40.0,38.68,-242.02
40.0,38.7,-242.02
40.0,38.72,-242.02
40.0,38.74,-242.02
40.0,38.76,-242.02
40.0,38.78,-242.02
40.0,38.8,-242.02
40.0,38.82,-242.02
40.0,38.85,-242.02
40.0,38.87,-242.02
40.0,38.89,-242.02
40.0,38.91,-242.02
40.0,38.94,-242.02
40.0,38.96,-242.02
40.0,38.98,-242.02
40.0,39.0,-242.02
40.0,39.02,-242.02
40.0,39.04,-242.02
40.0,39.06,-242.02
40.0,39.08,-242.02
40.0,39.09,-242.02
40.0,39.11,-242.02
40.0,39.12,-242.02
40.0,39.88,-242.02
40.0,39.88,-242.02
40.0,39.89,-242.02
40.0,39.9,-242.02
40.0,39.9,-242.02
40.0,39.91,-242.02
40.0,39.91,-242.02
40.0,39.92,-242.02
40.0,39.92,-242.02
40.0,39.93,-242.02
40.0,39.93,-242.02
40.0,39.94,-242.02
40.0,39.94,-242.02
40.0,39.95,-242.02
40.0,39.95,-242.02
40.0,39.95,-242.02
40.0,39.96,-242.02
40.0,39.96,-242.02
40.0,39.97,-242.02
40.0,39.98,-242.02
40.0,39.98,-242.02
40.0,39.98,-242.02
40.0,39.99,-242.02
40.0,39.99,-242.02
40.0,39.99,-242.02
40.0,40.0,-242.02
40.0,40.0,-242.02
40.0,40.01,-242.02
40.0,40.01,-242.02
40.0,40.01,-242.02
40.0,40.01,-242.02
40.0,40.01,-242.02
40.0,40.02,-242.02
40.0,40.02,-242.02
40.0,40.02,-242.02
40.0,40.02,-242.02
40.0,40.02,-242.02
40.0,40.02,-242.02
40.0,40.02,-242.02
40.0,40.02,-242.02
40.0,40.03,-242.02
40.0,40.03,-242.02
40.0,40.03,-242.02
40.0,40.03,-242.02
40.0,40.03,-242.02
40.0,40.03,-242.02
40.0,40.04,-242.02
40.0,40.04,-242.02
40.0,40.04,-242.02
40.0,40.04,-242.02
40.0,40.05,-242.02
40.0,40.05,-242.02
40.0,40.05,-242.02
40.0,40.05,-242.02
40.0,40.05,-242.02
40.0,40.06,-242.02
40.0,40.06,-242.02
40.0,40.07,-242.02
40.0,40.07,-242.02
40.0,40.07,-242.02
40.0,40.07,-242.02
40.0,40.07,-242.02
40.0,40.07,-242.02
40.0,40.08,-242.02
40.0,40.08,-242.02
40.0,40.08,-242.02
40.0,40.09,-242.02
40.0,40.09,-242.02
40.0,40.09,-242.02
40.0,40.09,-242.02
40.0,40.09,-242.02
40.0,40.09,-242.02
40.0,40.09,-242.02
40.0,40.09,-242.02
40.0,40.09,-242.02
40.0,40.1,-242.02
40.0,40.1,-242.02
40.0,40.1,-242.02
40.0,40.1,-242.02
40.0,40.1,-242.02
40.0,40.1,-242.02
40.0,40.1,-242.02
40.0,40.1,-242.02
40.0,40.1,-242.02
40.0,40.11,-242.02
40.0,40.11,-242.02
40.0,40.11,-242.02
40.0,40.11,-242.02
40.0,40.11,-242.02
40.0,40.11,-242.02
40.0,40.11,-242.02
40.0,40.11,-242.02
40.0,40.11,-242.02
40.0,40.11,-242.02
40.0,40.11,-242.02
40.0,40.11,-242.02
40.0,40.11,-242.02
40.0,40.12,-242.02
40.0,40.12,-242.02
40.0,40.12,-242.02
40.0,40.11,-242.02
40.0,40.11,-242.02
40.0,40.11,-242.02
40.0,40.11,-242.02
40.0,40.12,-242.02
40.0,40.12,-242.02
40.0,40.12,-242.02
40.0,40.12,-242.02
40.0,40.12,-242.02
40.0,40.12,-242.02
40.0,40.12,-242.02
40.0,40.12,-242.02
40.0,40.12,-242.02
40.0,40.12,-242.02
40.0,40.12,-242.02
40.0,40.12,-242.02
40.0,40.12,-242.02
40.0,40.13,-242.02
40.0,40.13,-242.02
40.0,40.13,-242.02
40.0,40.13,-242.02
40.0,40.12,-242.02
40.0,40.12,-242.02
40.0,40.12,-242.02
40.0,40.12,-242.02
40.0,40.12,-242.02
40.0,40.12,-242.02
40.0,40.13,-242.02
40.0,40.13,-242.02
40.0,40.13,-242.02
40.0,40.13,-242.02
40.0,40.13,-242.02
40.0,40.13,-242.02
40.0,40.13,-242.02
40.0,40.13,-242.02
40.0,40.13,-242.02
40.0,40.13,-242.02
40.0,40.13,-242.02
40.0,40.13,-242.02
40.0,40.13,-242.02
40.0,40.13,-242.02
40.0,40.13,-242.02
40.0,40.13,-242.02
40.0,40.13,-242.02
40.0,40.13,-242.02
40.0,40.13,-242.02
40.0,40.13,-242.02
40.0,40.13,-242.02
40.0,40.13,-242.02
40.0,40.12,-242.02
40.0,40.12,-242.02
40.0,40.12,-242.02
40.0,40.12,-242.02
40.0,40.13,-242.02
40.0,40.13,-242.02
40.0,40.13,-242.02
40.0,40.13,-242.02
40.0,40.13,-242.02
40.0,40.13,-242.02
40.0,40.13,-242.02
40.0,40.13,-242.02
40.0,40.12,-242.02
40.0,40.12,-242.02
40.0,40.12,-242.02
40.0,40.12,-242.02
40.0,40.12,-242.02
40.0,40.12,-242.02
40.0,40.12,-242.02
40.0,40.13,-242.02
40.0,40.13,-242.02
40.0,40.13,-242.02
40.0,40.13,-242.02
40.0,40.13,-242.02
40.0,40.12,-242.02
40.0,40.12,-242.02
40.0,40.12,-242.02
40.0,40.11,-242.02
40.0,40.11,-242.02
40.0,40.11,-242.02
40.0,40.11,-242.02
40.0,40.11,-242.02
40.0,40.12,-242.02
40.0,40.12,-242.02
40.0,40.12,-242.02
40.0,40.12,-242.02
40.0,40.12,-242.02
40.0,40.12,-242.02
40.0,40.12,-242.02
40.0,40.12,-242.02
40.0,40.11,-242.02
40.0,40.11,-242.02
40.0,40.11,-242.02
40.0,40.11,-242.02
40.0,40.11,-242.02
40.0,40.11,-242.02
40.0,40.12,-242.02
40.0,40.12,-242.02
40.0,40.12,-242.02
40.0,40.13,-242.02
40.0,40.13,-242.02
40.0,40.13,-242.02
40.0,40.13,-242.02
40.0,40.13,-242.02
40.0,40.12,-242.02
40.0,40.12,-242.02
40.0,40.12,-242.02
40.0,40.11,-242.02
40.0,40.11,-242.02
40.0,40.1,-242.02
40.0,40.1,-242.02
40.0,40.1,-242.02
40.0,40.1,-242.02
40.0,40.11,-242.02
40.0,40.11,-242.02
40.0,40.11,-242.02
40.0,40.11,-242.02
40.0,40.11,-242.02
40.0,40.11,-242.02
40.0,40.11,-242.02
40.0,40.1,-242.02
40.0,40.1,-242.02
40.0,40.1,-242.02
40.0,40.09,-242.02
40.0,40.09,-242.02
40.0,40.09,-242.02
40.0,40.09,-242.02
40.0,40.1,-242.02
40.0,40.1,-242.02
40.0,40.1,-242.02
40.0,40.1,-242.02
40.0,40.11,-242.02
40.0,40.11,-242.02
40.0,40.11,-242.02
40.0,40.11,-242.02
40.0,40.1,-242.02
40.0,40.1,-242.02
40.0,40.1,-242.02
40.0,40.09,-242.02
40.0,40.09,-242.02
40.0,40.09,-242.02
40.0,40.09,-242.02
40.0,40.09,-242.02
40.0,40.09,-242.02
40.0,40.09,-242.02
40.0,40.09,-242.02
40.0,40.09,-242.02
40.0,40.09,-242.02
40.0,40.09,-242.02
40.0,40.09,-242.02
40.0,40.09,-242.02
40.0,40.09,-242.02
40.0,40.09,-242.02
40.0,40.08,-242.02
40.0,40.08,-242.02
40.0,40.07,-242.02
40.0,40.07,-242.02
40.0,40.07,-242.02
40.0,40.07,-242.02
40.0,40.07,-242.02
40.0,40.07,-242.02
40.0,40.08,-242.02
40.0,40.08,-242.02
40.0,40.08,-242.02
40.0,40.08,-242.02
40.0,40.09,-242.02
40.0,40.09,-242.02
40.0,40.08,-242.02
40.0,40.08,-242.02
40.0,40.08,-242.02
40.0,40.07,-242.02
40.0,40.07,-242.02
40.0,40.06,-242.02
40.0,40.06,-242.02
40.0,40.06,-242.02
40.0,40.06,-242.02
40.0,40.07,-242.02
40.0,40.07,-242.02
40.0,40.07,-242.02
40.0,40.08,-242.02
40.0,40.08,-242.02
40.0,40.08,-242.02
40.0,40.08,-242.02
40.0,40.08,-242.02
40.0,40.07,-242.02
40.0,40.07,-242.02
40.0,40.07,-242.02
40.0,40.06,-242.02
40.0,40.06,-242.02
40.0,40.06,-242.02
40.0,40.05,-242.02
40.0,40.05,-242.02
40.0,40.06,-242.02
40.0,40.06,-242.02
40.0,40.06,-242.02
40.0,40.07,-242.02
40.0,40.07,-242.02
40.0,40.08,-242.02
40.0,40.08,-242.02
40.0,40.08,-242.02
40.0,40.08,-242.02
40.0,40.08,-242.02
40.0,40.08,-242.02
40.0,40.08,-242.02
40.0,40.07,-242.02
40.0,40.07,-242.02
40.0,40.07,-242.02
40.0,40.06,-242.02
40.0,40.06,-242.02
40.0,40.06,-242.02
40.0,40.06,-242.02
40.0,40.06,-242.02
40.0,40.06,-242.02
40.0,40.06,-242.02
40.0,40.06,-242.02
40.0,40.06,-242.02
40.0,40.07,-242.02
40.0,40.07,-242.02
40.0,40.07,-242.02
40.0,40.07,-242.02
40.0,40.07,-242.02
40.0,40.07,-242.02
40.0,40.07,-242.02
40.0,40.06,-242.02
40.0,40.07,-242.02
40.0,40.06,-242.02
40.0,40.06,-242.02
40.0,40.06,-242.02
40.0,40.06,-242.02
40.0,40.06,-242.02
40.0,40.06,-242.02
40.0,40.06,-242.02
40.0,40.07,-242.02
40.0,40.07,-242.02
40.0,40.07,-242.02
40.0,40.07,-242.02
40.0,40.08,-242.02
40.0,40.07,-242.02
40.0,40.07,-242.02
40.0,40.08,-242.02
40.0,40.08,-242.02
40.0,40.07,-242.02
40.0,40.07,-242.02
40.0,40.07,-242.02
40.0,40.07,-242.02
40.0,40.07,-242.02
40.0,40.07,-242.02
40.0,40.07,-242.02
40.0,40.05,-242.02
40.0,40.05,-242.02
40.0,40.05,-242.02
40.0,40.05,-242.02
40.0,40.05,-242.02
40.0,40.05,-242.02
40.0,40.06,-242.02
40.0,40.06,-242.02
40.0,40.06,-242.02
40.0,40.06,-242.02
40.0,40.06,-242.02
40.0,40.06,-242.02
40.0,40.06,-242.02
40.0,40.06,-242.02
40.0,40.06,-242.02
40.0,40.06,-242.02
40.0,40.06,-242.02
40.0,40.05,-242.02
40.0,40.05,-242.02
40.0,40.05,-242.02
40.0,40.04,-242.02
40.0,40.04,-242.02
40.0,40.04,-242.02
40.0,40.04,-242.02
40.0,40.04,-242.02
40.0,40.05,-242.02
40.0,40.05,-242.02
40.0,40.05,-242.02
40.0,40.05,-242.02
40.0,40.05,-242.02
40.0,40.05,-242.02
40.0,40.05,-242.02
40.0,40.05,-242.02
40.0,40.05,-242.02
40.0,40.05,-242.02
40.0,40.04,-242.02
40.0,40.04,-242.02
40.0,40.04,-242.02
40.0,40.03,-242.02
40.0,40.03,-242.02
40.0,40.03,-242.02
40.0,40.03,-242.02
40.0,40.03,-242.02
40.0,40.03,-242.02
40.0,40.03,-242.02
40.0,40.04,-242.02
40.0,40.04,-242.02
40.0,40.04,-242.02
40.0,40.05,-242.02
40.0,40.05,-242.02
40.0,40.05,-242.02
40.0,40.05,-242.02
40.0,40.05,-242.02
40.0,40.05,-242.02
40.0,40.04,-242.02
40.0,40.04,-242.02
40.0,40.04,-242.02
40.0,40.04,-242.02
40.0,40.03,-242.02
40.0,40.03,-242.02
40.0,40.02,-242.02
40.0,40.02,-242.02
40.0,40.02,-242.02
40.0,40.03,-242.02
40.0,40.03,-242.02
40.0,40.03,-242.02
40.0,40.03,-242.02
40.0,40.04,-242.02
40.0,40.04,-242.02
40.0,40.04,-242.02
40.0,40.05,-242.02
40.0,40.05,-242.02
40.0,40.05,-242.02
40.0,40.05,-242.02
40.0,40.05,-242.02
40.0,40.05,-242.02
40.0,40.04,-242.02
40.0,40.04,-242.02
40.0,40.04,-242.02
40.0,40.04,-242.02
40.0,40.03,-242.02
40.0,40.03,-242.02
40.0,40.02,-242.02
40.0,40.02,-242.02
40.0,40.02,-242.02
40.0,40.02,-242.02
40.0,40.02,-242.02
40.0,40.02,-242.02
40.0,40.02,-242.02
40.0,40.02,-242.02
40.0,40.02,-242.02
40.0,40.01,-242.02
40.0,40.01,-242.02
40.0,40.01,-242.02
40.0,40.0,-242.02
40.0,40.0,-242.02
40.0,40.0,-242.02
40.0,40.0,-242.02
40.0,40.0,-242.02
40.0,40.0,-242.02
40.0,40.0,-242.02
40.0,40.0,-242.02
40.0,40.01,-242.02
40.0,40.01,-242.02
40.0,40.01,-242.02
40.0,40.01,-242.02
40.0,40.01,-242.02
40.0,40.01,-242.02
40.0,40.01,-242.02
40.0,40.01,-242.02
40.0,40.01,-242.02
40.0,40.0,-242.02
40.0,40.0,-242.02
40.0,40.0,-242.02
40.0,39.99,-242.02
40.0,39.99,-242.02
40.0,39.99,-242.02
40.0,40.0,-242.02
40.0,40.0,-242.02
40.0,40.0,-242.02
40.0,40.0,-242.02
40.0,40.01,-242.02
40.0,40.01,-242.02
40.0,40.01,-242.02
40.0,40.01,-242.02
40.0,40.01,-242.02
40.0,40.02,-242.02
40.0,40.02,-242.02
40.0,40.01,-242.02
40.0,40.01,-242.02
40.0,40.01,-242.02
40.0,40.01,-242.02
40.0,40.0,-242.02
40.0,40.0,-242.02
40.0,40.0,-242.02
40.0,39.99,-242.02
40.0,39.99,-242.02
40.0,39.99,-242.02
40.0,39.99,-242.02
40.0,39.99,-242.02
40.0,39.99,-242.02
40.0,40.0,-242.02
40.0,40.0,-242.02
40.0,40.0,-242.02
40.0,40.0,-242.02
40.0,40.0,-242.02
40.0,40.01,-242.02
40.0,40.01,-242.02
40.0,40.01,-242.02
40.0,40.01,-242.02
40.0,40.01,-242.02
40.0,40.01,-242.02
40.0,40.01,-242.02
40.0,40.01,-242.02
40.0,40.01,-242.02
40.0,40.0,-242.02
40.0,40.0,-242.02
40.0,40.0,-242.02
40.0,39.99,-242.02
40.0,39.99,-242.02
40.0,39.99,-242.02
40.0,39.99,-242.02
40.0,39.99,-242.02
40.0,39.99,-242.02
40.0,39.99,-242.02
40.0,39.99,-242.02
40.0,40.0,-242.02
40.0,40.0,-242.02
40.0,40.0,-242.02
40.0,40.0,-242.02
40.0,40.0,-242.02
40.0,40.0,-242.02
40.0,40.0,-242.02
40.0,40.0,-242.02
40.0,40.0,-242.02
40.0,40.0,-242.02
40.0,40.0,-242.02
40.0,39.99,-242.02
40.0,39.99,-242.02
40.0,39.99,-242.02
40.0,39.99,-242.02
40.0,39.99,-242.02
40.0,39.99,-242.02
40.0,40.0,-242.02
40.0,40.0,-242.02
40.0,40.0,-242.02
40.0,40.01,-242.02
40.0,40.01,-242.02
40.0,40.01,-242.02
40.0,40.02,-242.02
40.0,40.02,-242.02
40.0,40.02,-242.02
40.0,40.02,-242.02
40.0,40.02,-242.02
40.0,40.01,-242.02
40.0,40.01,-242.02
40.0,40.01,-242.02
40.0,40.01,-242.02
40.0,40.0,-242.02
40.0,40.0,-242.02
40.0,39.99,-242.02
40.0,39.99,-242.02
40.0,39.99,-242.02
40.0,39.99,-242.02
40.0,39.99,-242.02
40.0,39.99,-242.02
40.0,39.99,-242.02
40.0,39.99,-242.02
40.0,39.99,-242.02
40.0,40.0,-242.02
40.0,40.0,-242.02
40.0,40.0,-242.02
40.0,40.0,-242.02
40.0,40.0,-242.02
40.0,40.0,-242.02
40.0,40.0,-242.02
40.0,40.0,-242.02
40.0,40.0,-242.02
40.0,40.0,-242.02
40.0,39.99,-242.02
40.0,39.99,-242.02
40.0,39.99,-242.02
40.0,39.99,-242.02
40.0,40.0,-242.02
40.0,40.0,-242.02
40.0,40.0,-242.02
40.0,40.01,-242.02
40.0,40.01,-242.02
40.0,40.01,-242.02
40.0,40.02,-242.02
40.0,40.02,-242.02
40.0,40.02,-242.02
40.0,40.02,-242.02
40.0,40.02,-242.02
40.0,40.02,-242.02
40.0,40.02,-242.02
40.0,40.02,-242.02
40.0,40.02,-242.02
40.0,40.01,-242.02
40.0,40.01,-242.02
40.0,40.0,-242.02
40.0,40.0,-242.02
40.0,39.99,-242.02
40.0,39.99,-242.02
40.0,39.98,-242.02
40.0,39.98,-242.02
40.0,39.98,-242.02
40.0,39.98,-242.02
40.0,39.98,-242.02
40.0,39.99,-242.02
40.0,39.99,-242.02
40.0,39.99,-242.02
40.0,39.99,-242.02
40.0,39.99,-242.02
40.0,39.99,-242.02
40.0,39.99,-242.02
40.0,39.99,-242.02
40.0,39.99,-242.02
40.0,39.99,-242.02
40.0,39.99,-242.02
40.0,39.99,-242.02
40.0,39.99,-242.02
40.0,39.99,-242.02
40.0,39.99,-242.02
40.0,40.0,-242.02
40.0,40.0,-242.02
40.0,39.98,-242.02
40.0,39.98,-242.02
40.0,39.98,-242.02
40.0,39.98,-242.02
40.0,39.98,-242.02
40.0,39.98,-242.02
40.0,39.98,-242.02
40.0,39.98,-242.02
40.0,39.99,-242.02
40.0,39.99,-242.02
40.0,39.99,-242.02
40.0,39.99,-242.02
40.0,39.99,-242.02
40.0,39.99,-242.02
40.0,39.99,-242.02
40.0,39.99,-242.02
40.0,39.99,-242.02
40.0,39.99,-242.02
40.0,39.99,-242.02
40.0,39.99,-242.02
40.0,40.0,-242.02
40.0,40.0,-242.02
40.0,40.0,-242.02
40.0,40.01,-242.02
40.0,40.01,-242.02
40.0,40.02,-242.02
40.0,40.02,-242.02
40.0,40.02,-242.02
40.0,40.02,-242.02
40.0,40.02,-242.02
40.0,40.02,-242.02
40.0,40.02,-242.02
40.0,40.02,-242.02
40.0,40.02,-242.02
40.0,40.02,-242.02
40.0,40.01,-242.02
40.0,40.01,-242.02
40.0,40.01,-242.02
40.0,40.0,-242.02
40.0,40.0,-242.02
40.0,39.99,-242.02
40.0,39.99,-242.02
40.0,39.98,-242.02
40.0,39.98,-242.02
40.0,39.98,-242.02
40.0,39.98,-242.02
40.0,39.98,-242.02
40.0,39.98,-242.02
40.0,39.99,-242.02
40.0,39.99,-242.02
40.0,39.99,-242.02
40.0,39.99,-242.02
40.0,39.99,-242.02
40.0,39.99,-242.02
40.0,39.99,-242.02
40.0,39.99,-242.02
40.0,39.99,-242.02
40.0,39.99,-242.02
40.0,39.99,-242.02
40.0,39.99,-242.02
40.0,39.99,-242.02
40.0,39.99,-242.02
40.0,40.0,-242.02
40.0,40.0,-242.02
40.0,40.0,-242.02
40.0,40.01,-242.02
40.0,40.01,-242.02
40.0,40.01,-242.02
40.0,40.02,-242.02
40.0,40.02,-242.02
40.0,40.02,-242.02
40.0,40.02,-242.02
40.0,40.02,-242.02
40.0,40.02,-242.02
40.0,40.02,-242.02
40.0,40.01,-242.02
40.0,40.01,-242.02
40.0,40.01,-242.02
40.0,40.0,-242.02
40.0,40.0,-242.02
40.0,39.99,-242.02
40.0,39.99,-242.02
40.0,39.98,-242.02
40.0,39.98,-242.02
40.0,39.98,-242.02
40.0,39.98,-242.02
40.0,39.98,-242.02
40.0,39.98,-242.02
40.0,39.99,-242.02
40.0,39.99,-242.02
40.0,39.99,-242.02
40.0,39.99,-242.02
40.0,39.99,-242.02
40.0,39.99,-242.02
40.0,39.99,-242.02
40.0,39.99,-242.02
40.0,39.99,-242.02
40.0,39.99,-242.02
40.0,39.99,-242.02
40.0,39.99,-242.02
40.0,39.99,-242.02
40.0,39.99,-242.02
40.0,40.0,-242.02
40.0,40.0,-242.02
40.0,40.0,-242.02
40.0,40.01,-242.02
40.0,40.01,-242.02
40.0,40.01,-242.02
40.0,40.02,-242.02
40.0,40.02,-242.02
40.0,40.02,-242.02
40.0,40.02,-242.02
40.0,40.02,-242.02
40.0,40.02,-242.02
40.0,40.02,-242.02
40.0,40.02,-242.02
40.0,40.02,-242.02
40.0,40.02,-242.02
40.0,40.01,-242.02
40.0,40.01,-242.02
40.0,40.0,-242.02
40.0,40.0,-242.02
40.0,39.99,-242.02
40.0,39.99,-242.02
40.0,39.98,-242.02
40.0,39.98,-242.02
40.0,39.98,-242.02
40.0,39.99,-242.02
40.0,39.99,-242.02
40.0,39.99,-242.02
40.0,39.99,-242.02
40.0,39.99,-242.02
40.0,39.99,-242.02
40.0,39.99,-242.02
40.0,39.99,-242.02
40.0,39.99,-242.02
40.0,39.99,-242.02
40.0,39.99,-242.02
40.0,39.99,-242.02
40.0,39.99,-242.02
40.0,39.99,-242.02
40.0,40.0,-242.02
40.0,40.0,-242.02
40.0,40.01,-242.02
40.0,40.01,-242.02
40.0,40.01,-242.02
40.0,40.02,-242.02
40.0,40.02,-242.02
40.0,40.03,-242.02
40.0,40.03,-242.02
40.0,40.03,-242.02
40.0,40.03,-242.02
40.0,40.03,-242.02
40.0,40.03,-242.02
40.0,40.03,-242.02
40.0,40.03,-242.02
40.0,40.03,-242.02
40.0,40.03,-242.02
40.0,40.02,-242.02
40.0,40.02,-242.02
40.0,40.01,-242.02
40.0,40.01,-242.02
40.0,40.0,-242.02
40.0,40.0,-242.02
40.0,39.99,-242.02
40.0,39.98,-242.02
40.0,39.98,-242.02
40.0,39.98,-242.02
40.0,39.98,-242.02
40.0,39.98,-242.02
40.0,39.98,-242.02
40.0,39.98,-242.02
40.0,39.98,-242.02
40.0,39.98,-242.02
40.0,39.99,-242.02
40.0,39.99,-242.02
40.0,39.99,-242.02
40.0,39.99,-242.02
40.0,39.99,-242.02
40.0,39.98,-242.02
40.0,39.98,-242.02
40.0,39.99,-242.02
40.0,39.99,-242.02
40.0,39.99,-242.02
40.0,40.0,-242.02
40.0,40.0,-242.02
40.0,40.01,-242.02
40.0,40.01,-242.02
40.0,40.02,-242.02
40.0,40.02,-242.02
40.0,40.02,-242.02
40.0,40.03,-242.02
40.0,40.03,-242.02
40.0,40.03,-242.02
40.0,40.03,-242.02
40.0,40.03,-242.02
40.0,40.03,-242.02
40.0,40.03,-242.02
40.0,40.03,-242.02
40.0,40.02,-242.02
40.0,40.02,-242.02
40.0,40.01,-242.02
40.0,40.01,-242.02
40.0,40.0,-242.02
40.0,40.0,-242.02
40.0,39.99,-242.02
40.0,39.99,-242.02
40.0,39.98,-242.02
40.0,39.98,-242.02
40.0,39.98,-242.02
40.0,39.98,-242.02
40.0,39.98,-242.02
40.0,39.98,-242.02
40.0,39.98,-242.02
40.0,39.98,-242.02
40.0,39.98,-242.02
40.0,39.98,-242.02
40.0,39.99,-242.02
40.0,39.99,-242.02
40.0,39.99,-242.02
40.0,39.99,-242.02
40.0,39.99,-242.02
40.0,39.99,-242.02
40.0,39.99,-242.02
40.0,39.99,-242.02
40.0,40.0,-242.02
40.0,40.0,-242.02
40.0,40.01,-242.02
40.0,40.01,-242.02
40.0,40.02,-242.02
40.0,40.02,-242.02
40.0,40.02,-242.02
40.0,40.03,-242.02
40.0,40.03,-242.02
40.0,40.03,-242.02
40.0,40.03,-242.02
40.0,40.03,-242.02
40.0,40.03,-242.02
50.0,40.03,-242.02
50.0,40.02,-242.02
50.0,40.02,-242.02
50.0,40.03,-242.02
50.0,40.06,-242.02
50.0,40.11,-242.02
50.0,40.19,-242.02
50.0,40.29,-242.02
50.0,40.43,-242.02
50.0,40.59,-242.02
50.0,40.79,-242.02
50.0,41.01,-242.02
50.0,41.26,-242.02
50.0,41.52,-242.02
50.0,41.81,-242.02
50.0,42.13,-242.02
50.0,42.45,-242.02
50.0,42.79,-242.02
50.0,43.14,-242.02
50.0,43.4,-242.02
50.0,43.76,-242.02
50.0,44.12,-242.02
50.0,44.48,-242.02
50.0,44.83,-242.02
50.0,45.17,-242.02
50.0,45.5,-242.02
50.0,45.82,-242.02
50.0,46.12,-242.02
50.0,46.4,-242.02
50.0,46.66,-242.02
50.0,46.89,-242.02
50.0,47.11,-242.02
50.0,47.31,-242.02
50.0,47.49,-242.02
50.0,47.65,-242.02
50.0,47.79,-242.02
50.0,47.91,-242.02
50.0,48.02,-242.02
50.0,48.11,-242.02
50.0,48.19,-242.02
50.0,48.25,-242.02
50.0,48.31,-242.02
50.0,48.35,-242.02
50.0,48.38,-242.02
50.0,48.41,-242.02
50.0,48.42,-242.02
50.0,48.43,-242.02
50.0,48.43,-242.02
50.0,48.43,-242.02
50.0,48.43,-242.02
50.0,48.42,-242.02
50.0,48.42,-242.02
50.0,48.42,-242.02
50.0,48.42,-242.02
50.0,48.43,-242.02
50.0,48.44,-242.02
50.0,48.46,-242.02
50.0,48.48,-242.02
50.0,48.51,-242.02
50.0,48.54,-242.02
50.0,48.57,-242.02
50.0,48.62,-242.02
50.0,48.67,-242.02
50.0,48.72,-242.02
50.0,48.77,-242.02
50.0,48.83,-242.02
50.0,48.9,-242.02
50.0,48.96,-242.02
50.0,49.02,-242.02
50.0,49.09,-242.02
50.0,49.16,-242.02
50.0,49.22,-242.02
50.0,49.28,-242.02
50.0,49.34,-242.02
50.0,49.4,-242.02
50.0,49.46,-242.02
50.0,49.55,-242.02
50.0,49.59,-242.02
50.0,49.63,-242.02
50.0,49.67,-242.02
50.0,49.71,-242.02
50.0,49.73,-242.02
50.0,49.76,-242.02
50.0,49.78,-242.02
50.0,49.8,-242.02
50.0,49.82,-242.02
50.0,49.83,-242.02
50.0,49.84,-242.02
50.0,49.84,-242.02
50.0,49.85,-242.02
50.0,49.85,-242.02
50.0,49.86,-242.02
50.0,49.86,-242.02
50.0,49.87,-242.02
50.0,49.87,-242.02
50.0,49.88,-242.02
50.0,49.89,-242.02
50.0,49.89,-242.02
50.0,49.9,-242.02
50.0,49.91,-242.02
50.0,49.92,-242.02
50.0,49.94,-242.02
50.0,49.95,-242.02
50.0,49.97,-242.02
50.0,49.98,-242.02
50.0,50.0,-242.02
50.0,50.02,-242.02
50.0,50.04,-242.02
50.0,50.06,-242.02
50.0,50.08,-242.02
50.0,50.09,-242.02
50.0,50.11,-242.02
50.0,50.13,-242.02
50.0,50.15,-242.02
50.0,50.17,-242.02
50.0,50.19,-242.02
50.0,50.21,-242.02
50.0,50.22,-242.02
50.0,50.24,-242.02
50.0,50.25,-242.02
50.0,50.27,-242.02
50.0,50.28,-242.02
50.0,50.29,-242.02
50.0,50.3,-242.02
50.0,50.31,-242.02
50.0,50.32,-242.02
50.0,50.33,-242.02
50.0,50.33,-242.02
50.0,50.34,-242.02
50.0,50.34,-242.02
50.0,50.35,-242.02
50.0,50.35,-242.02
50.0,50.35,-242.02
50.0,50.36,-242.02
50.0,50.36,-242.02
50.0,50.36,-242.02
40.0,tCal,49.98
40.0,tCal,49.98,49.98
40.0,tCal,49.99
40.0,tCal,49.99,49.98
40.0,tCal,49.98
40.0,tCal,49.98,49.98
40.0,tCal,49.98
40.0,tCal,49.98,49.98
40.0,tCal,49.99
40.0,tCal,49.99,49.98
40.0,tCal,49.99
40.0,tCal,49.99,49.98
40.0,tCal,49.99
40.0,tCal,49.99,49.98
40.0,tCal,49.99
40.0,tCal,49.99,49.98
40.0,tCal,49.98
40.0,tCal,49.98,49.98
40.0,tCal,49.98
40.0,tCal,49.98,49.97
40.0,tCal,49.98
40.0,tCal,49.98,49.97
40.0,tCal,49.97
40.0,tCal,49.97,49.97
40.0,tCal,49.98
40.0,tCal,49.98,49.98
40.0,tCal,49.97
40.0,tCal,49.97,49.97
40.0,tCal,49.98
40.0,tCal,49.98,49.95
40.0,tCal,49.97
40.0,tCal,49.97,49.96
40.0,tCal,49.97
40.0,tCal,49.97,49.96
40.0,tCal,49.97
40.0,tCal,49.97,49.96
40.0,tCal,49.97
40.0,tCal,49.97,49.95
40.0,tCal,49.97
40.0,tCal,49.97,49.95
40.0,tCal,49.98
40.0,tCal,49.98,49.96
40.0,tCal,49.96
40.0,tCal,49.96,49.95
40.0,tCal,49.97
40.0,tCal,49.97,49.96
40.0,tCal,49.96
40.0,tCal,49.96,49.95
40.0,tCal,49.96
40.0,tCal,49.96,49.95
40.0,tCal,49.96
40.0,tCal,49.96,49.95
40.0,tCal,49.96
40.0,tCal,49.96,49.94
40.0,tCal,49.97
40.0,tCal,49.97,49.95
40.0,tCal,49.96
40.0,tCal,49.96,49.95
40.0,tCal,49.96
40.0,tCal,49.96,49.94
40.0,tCal,49.96
40.0,tCal,49.96,49.95
40.0,tCal,49.95
40.0,tCal,49.95,49.94
40.0,tCal,49.96
40.0,tCal,49.96,49.94
40.0,tCal,49.96
40.0,tCal,49.96,49.93
40.0,tCal,49.95
40.0,tCal,49.95,49.94
40.0,tCal,49.95
40.0,tCal,49.95,49.94
40.0,tCal,49.95
40.0,tCal,49.95,49.93
40.0,tCal,49.95
40.0,tCal,49.95,49.94
40.0,tCal,49.94
40.0,tCal,49.94,49.93
40.0,tCal,49.94
40.0,tCal,49.94,49.93
40.0,tCal,49.94
40.0,tCal,49.94,49.92
40.0,tCal,49.93
40.0,tCal,49.93,49.92
40.0,tCal,49.94
40.0,tCal,49.94,49.92
40.0,tCal,49.93
40.0,tCal,49.93,49.91
40.0,tCal,49.93
40.0,tCal,49.93,49.92
40.0,tCal,49.93
40.0,tCal,49.93,49.9
40.0,tCal,49.93
40.0,tCal,49.93,49.91
40.0,tCal,49.9
40.0,tCal,49.9,49.9
40.0,tCal,49.9
40.0,tCal,49.9,49.9
40.0,tCal,49.9
40.0,tCal,49.9,49.9
40.0,tCal,49.9
40.0,tCal,49.9,49.88
40.0,tCal,49.9
40.0,tCal,49.9,49.89
40.0,tCal,49.89
40.0,tCal,49.89,49.88
40.0,tCal,49.89
40.0,tCal,49.89,49.87
40.0,tCal,49.88
40.0,tCal,49.88,49.87
40.0,tCal,49.88
40.0,tCal,49.88,49.87
40.0,tCal,49.87
40.0,tCal,49.87,49.85
40.0,tCal,49.87
40.0,tCal,49.87,49.86
40.0,tCal,49.87
40.0,tCal,49.87,49.85
40.0,tCal,49.86
40.0,tCal,49.86,49.85
40.0,tCal,49.86
40.0,tCal,49.86,49.85
40.0,tCal,49.86
40.0,tCal,49.86,49.85
40.0,tCal,49.85
40.0,tCal,49.85,49.85
40.0,tCal,49.86
40.0,tCal,49.86,49.83
40.0,tCal,49.84
40.0,tCal,49.84,49.83
40.0,tCal,49.85
40.0,tCal,49.85,49.83
40.0,tCal,49.84
40.0,tCal,49.84,49.83
40.0,tCal,49.83
40.0,tCal,49.83,49.82
40.0,tCal,49.84
40.0,tCal,49.84,49.8
40.0,tCal,49.83
40.0,tCal,49.83,49.81
40.0,tCal,49.83
40.0,tCal,49.83,49.81
40.0,tCal,49.82
40.0,tCal,49.82,49.8
40.0,tCal,49.8
40.0,tCal,49.8,49.78
40.0,tCal,49.8
40.0,tCal,49.8,49.78
40.0,tCal,49.79
40.0,tCal,49.79,49.78
40.0,tCal,49.78
40.0,tCal,49.78,49.77
40.0,tCal,49.77
40.0,tCal,49.77,49.77
40.0,tCal,49.77
40.0,tCal,49.77,49.76
40.0,tCal,49.77
40.0,tCal,49.77,49.76
40.0,tCal,49.76
40.0,tCal,49.76,49.76
40.0,tCal,49.75
40.0,tCal,49.75,49.74
40.0,tCal,49.76
40.0,tCal,49.76,49.74
40.0,tCal,49.74
40.0,tCal,49.74,49.73
40.0,tCal,49.74
40.0,tCal,49.74,49.73
40.0,tCal,49.73
40.0,tCal,49.73,49.72
40.0,tCal,49.73
40.0,tCal,49.73,49.71
40.0,tCal,49.73
40.0,tCal,49.73,49.71
40.0,tCal,49.72
40.0,tCal,49.72,49.7
40.0,tCal,49.71
40.0,tCal,49.71,49.7
40.0,tCal,49.71
40.0,tCal,49.71,49.69
40.0,tCal,49.7
40.0,tCal,49.7,49.68
40.0,tCal,49.7
40.0,tCal,49.7,49.69
40.0,tCal,49.68
40.0,tCal,49.68,49.67
40.0,tCal,49.69
40.0,tCal,49.69,49.67
40.0,tCal,49.68
40.0,tCal,49.68,49.65
40.0,tCal,49.68
40.0,tCal,49.68,49.66
40.0,tCal,49.68
40.0,tCal,49.68,49.65
40.0,tCal,49.67
40.0,tCal,49.67,49.64
40.0,tCal,49.66
40.0,tCal,49.66,49.65
40.0,tCal,49.65
40.0,tCal,49.65,49.63
40.0,tCal,49.62
40.0,tCal,49.62,49.62
50.0,tCal,43.8
50.0,tCal,43.8,43.8
50.0,tCal,49.76
50.0,tCal,49.76,49.74
50.0,tCal,49.82
50.0,tCal,49.82,49.8
50.0,tCal,49.86
50.0,tCal,49.86,49.84
50.0,tCal,49.93
50.0,tCal,49.93,49.92
50.0,tCal,49.95
50.0,tCal,49.95,49.93
50.0,tCal,49.95
50.0,tCal,49.95,49.94
50.0,tCal,49.96
50.0,tCal,49.96,49.95
50.0,tCal,50.0
50.0,tCal,50.0,49.99
50.0,tCal,50.01
50.0,tCal,50.01,50.0
50.0,tCal,50.01
50.0,tCal,50.01,49.99
50.0,tCal,50.01
50.0,tCal,50.01,49.99
50.0,tCal,50.01
50.0,tCal,50.01,50.0
50.0,tCal,50.01
50.0,tCal,50.01,50.01
50.0,tCal,50.01
50.0,tCal,50.01,50.0
50.0,tCal,50.02
50.0,tCal,50.02,50.0
50.0,tCal,50.01
50.0,tCal,50.01,49.99
50.0,tCal,50.01
50.0,tCal,50.01,50.0
50.0,tCal,50.01
50.0,tCal,50.01,49.99
50.0,tCal,50.01
50.0,tCal,50.01,49.99
50.0,tCal,50.01
50.0,tCal,50.01,50.0
50.0,tCal,50.02
50.0,tCal,50.02,50.0
50.0,tCal,50.02
50.0,tCal,50.02,50.0
50.0,tCal,50.01
50.0,tCal,50.01,50.0
30.0,tCal,50.06
30.0,tCal,50.06,50.05
30.0,tCal,50.05
30.0,tCal,50.05,50.05
30.0,tCal,50.06
30.0,tCal,50.06,50.05
30.0,tCal,50.07
30.0,tCal,50.07,50.06
30.0,tCal,50.07
30.0,tCal,50.07,50.05
30.0,tCal,50.06
30.0,tCal,50.06,50.04
50.0,tCal,45.42
50.0,tCal,45.42,45.4
50.0,tCal,45.42,45.4,45.4
50.0,tCal,45.42,45.4,45.4,45.4
50.0,tCal,45.42,45.4,45.4,45.4,45.39
50.0,tCal,45.42,45.4,45.4,45.4,45.39,45.39
50.0,tCal,45.42,45.4,45.4,45.4,45.39,45.39,45.38
50.0,tCal,45.37
50.0,tCal,45.37,45.37
50.0,tCal,45.37,45.37,45.37
50.0,tCal,45.37,45.37,45.37,45.37
50.0,tCal,45.37,45.37,45.37,45.37,45.36
50.0,tCal,45.37,45.37,45.37,45.37,45.36,45.36
50.0,tCal,45.37,45.37,45.37,45.37,45.36,45.36,45.35
50.0,tCal,45.34
50.0,tCal,45.34,45.34
50.0,tCal,45.34,45.34,45.33
50.0,tCal,45.34,45.34,45.33,45.33
50.0,tCal,45.34,45.34,45.33,45.33,45.33
50.0,tCal,45.34,45.34,45.33,45.33,45.33,45.33
50.0,tCal,45.34,45.34,45.33,45.33,45.33,45.33,45.32
50.0,tCal,45.31
50.0,tCal,45.31,45.3
50.0,tCal,45.31,45.3,45.31
50.0,tCal,45.31,45.3,45.31,45.31
50.0,tCal,45.31,45.3,45.31,45.31,45.3
50.0,tCal,45.31,45.3,45.31,45.31,45.3,45.3
50.0,tCal,45.31,45.3,45.31,45.31,45.3,45.3,45.3
50.0,tCal,45.29
50.0,tCal,45.29,45.29
50.0,tCal,45.29,45.29,45.28
50.0,tCal,45.29,45.29,45.28,45.28
50.0,tCal,45.29,45.29,45.28,45.28,45.28
50.0,tCal,45.29,45.29,45.28,45.28,45.28,45.28
50.0,tCal,45.29,45.29,45.28,45.28,45.28,45.28,45.28
50.0,tCal,45.26
50.0,tCal,45.26,45.27
50.0,tCal,45.26,45.27,45.26
50.0,tCal,45.26,45.27,45.26,45.27
50.0,tCal,45.26,45.27,45.26,45.27,45.26
50.0,tCal,45.26,45.27,45.26,45.27,45.26,45.26
50.0,tCal,45.26,45.27,45.26,45.27,45.26,45.26,45.26
50.0,tCal,45.27
50.0,tCal,45.27,45.25
50.0,tCal,45.27,45.25,45.26
50.0,tCal,45.27,45.25,45.26,45.26
50.0,tCal,45.27,45.25,45.26,45.26,45.25
50.0,tCal,45.27,45.25,45.26,45.26,45.25,45.26
50.0,tCal,45.27,45.25,45.26,45.26,45.25,45.26,45.25
50.0,tCal,45.26
50.0,tCal,45.26,45.26
50.0,tCal,45.26,45.26,45.26
50.0,tCal,45.26,45.26,45.26,45.27
50.0,tCal,45.26,45.26,45.26,45.27,45.27
50.0,tCal,45.26,45.26,45.26,45.27,45.27,45.27
50.0,tCal,45.26,45.26,45.26,45.27,45.27,45.27,45.27
50.0,tCal,45.27
50.0,tCal,45.27,45.27
50.0,tCal,45.27,45.27,45.28
50.0,tCal,45.27,45.27,45.28,45.28
50.0,tCal,45.27,45.27,45.28,45.28,45.29
50.0,tCal,45.27,45.27,45.28,45.28,45.29,45.28
50.0,tCal,45.27,45.27,45.28,45.28,45.29,45.28,45.28
50.0,tCal,45.3
50.0,tCal,45.3,45.3
50.0,tCal,45.3,45.3,45.31
50.0,tCal,45.3,45.3,45.31,45.3
50.0,tCal,45.3,45.3,45.31,45.3,45.31
50.0,tCal,45.3,45.3,45.31,45.3,45.31,45.32
50.0,tCal,45.3,45.3,45.31,45.3,45.31,45.32,45.32
50.0,tCal,45.33
50.0,tCal,45.33,45.34
50.0,tCal,45.33,45.34,45.35
50.0,tCal,45.33,45.34,45.35,45.34
50.0,tCal,45.33,45.34,45.35,45.34,45.35
50.0,tCal,45.33,45.34,45.35,45.34,45.35,45.36
50.0,tCal,45.33,45.34,45.35,45.34,45.35,45.36,45.36
50.0,tCal,45.37
50.0,tCal,45.37,45.37
50.0,tCal,45.37,45.37,45.38
50.0,tCal,45.37,45.37,45.38,45.38
50.0,tCal,45.37,45.37,45.38,45.38,45.39
50.0,tCal,45.37,45.37,45.38,45.38,45.39,45.39
50.0,tCal,45.37,45.37,45.38,45.38,45.39,45.39,45.39
50.0,tCal,45.41
50.0,tCal,45.41,45.42
50.0,tCal,45.41,45.42,45.41
50.0,tCal,45.41,45.42,45.41,45.42
50.0,tCal,45.41,45.42,45.41,45.42,45.42
50.0,tCal,45.41,45.42,45.41,45.42,45.42,45.43
50.0,tCal,45.41,45.42,45.41,45.42,45.42,45.43,45.44
50.0,tCal,45.45
50.0,tCal,45.45,45.45
50.0,tCal,45.45,45.45,45.46
50.0,tCal,45.45,45.45,45.46,45.46
50.0,tCal,45.45,45.45,45.46,45.46,45.46
50.0,tCal,45.45,45.45,45.46,45.46,45.46,45.47
50.0,tCal,45.45,45.45,45.46,45.46,45.46,45.47,45.48
50.0,tCal,45.49
50.0,tCal,45.49,45.5
50.0,tCal,45.49,45.5,45.51
50.0,tCal,45.49,45.5,45.51,45.51
50.0,tCal,45.49,45.5,45.51,45.51,45.51
50.0,tCal,45.49,45.5,45.51,45.51,45.51,45.52
50.0,tCal,45.49,45.5,45.51,45.51,45.51,45.52,45.53
50.0,tCal,45.54
50.0,tCal,45.54,45.53
50.0,tCal,45.54,45.53,45.54
50.0,tCal,45.54,45.53,45.54,45.55
50.0,tCal,45.54,45.53,45.54,45.55,45.56
50.0,tCal,45.54,45.53,45.54,45.55,45.56,45.56
50.0,tCal,45.54,45.53,45.54,45.55,45.56,45.56,45.56
50.0,tCal,45.58
50.0,tCal,45.58,45.59
50.0,tCal,45.58,45.59,45.59
50.0,tCal,45.58,45.59,45.59,45.59
50.0,tCal,45.58,45.59,45.59,45.59,45.6
50.0,tCal,45.58,45.59,45.59,45.59,45.6,45.61
50.0,tCal,45.58,45.59,45.59,45.59,45.6,45.61,45.6
50.0,tCal,45.63
50.0,tCal,45.63,45.62
50.0,tCal,45.63,45.62,45.63
50.0,tCal,45.63,45.62,45.63,45.64
50.0,tCal,45.63,45.62,45.63,45.64,45.64
50.0,tCal,45.63,45.62,45.63,45.64,45.64,45.65
50.0,tCal,45.63,45.62,45.63,45.64,45.64,45.65,45.65
50.0,tCal,45.67
50.0,tCal,45.67,45.67
50.0,tCal,45.67,45.67,45.69
50.0,tCal,45.67,45.67,45.69,45.69
50.0,tCal,45.67,45.67,45.69,45.69,45.69
50.0,tCal,45.67,45.67,45.69,45.69,45.69,45.69
50.0,tCal,45.67,45.67,45.69,45.69,45.69,45.69,45.7
50.0,tCal,45.71
50.0,tCal,45.71,45.72
50.0,tCal,45.71,45.72,45.72
50.0,tCal,45.71,45.72,45.72,45.73
50.0,tCal,45.71,45.72,45.72,45.73,45.73
50.0,tCal,45.71,45.72,45.72,45.73,45.73,45.75
50.0,tCal,45.71,45.72,45.72,45.73,45.73,45.75,45.74
50.0,tCal,45.76
50.0,tCal,45.76,45.76
50.0,tCal,45.76,45.76,45.76
50.0,tCal,45.76,45.76,45.76,45.76
50.0,tCal,45.76,45.76,45.76,45.76,45.78
50.0,tCal,45.76,45.76,45.76,45.76,45.78,45.77
50.0,tCal,45.76,45.76,45.76,45.76,45.78,45.77,45.78
50.0,tCal,45.79
50.0,tCal,45.79,45.8
50.0,tCal,45.79,45.8,45.8
50.0,tCal,45.79,45.8,45.8,45.81
50.0,tCal,45.79,45.8,45.8,45.81,45.81
50.0,tCal,45.79,45.8,45.8,45.81,45.81,45.81
50.0,tCal,45.79,45.8,45.8,45.81,45.81,45.81,45.83
50.0,tCal,45.83
50.0,tCal,45.83,45.83
50.0,tCal,45.83,45.83,45.83
50.0,tCal,45.83,45.83,45.83,45.85
50.0,tCal,45.83,45.83,45.83,45.85,45.85
50.0,tCal,45.83,45.83,45.83,45.85,45.85,45.85
50.0,tCal,45.83,45.83,45.83,45.85,45.85,45.85,45.85
50.0,tCal,45.87
50.0,tCal,45.87,45.87
50.0,tCal,45.87,45.87,45.87
50.0,tCal,45.87,45.87,45.87,45.88
50.0,tCal,45.87,45.87,45.87,45.88,45.88
50.0,tCal,45.87,45.87,45.87,45.88,45.88,45.89
50.0,tCal,45.87,45.87,45.87,45.88,45.88,45.89,45.89
50.0,tCal,45.9
50.0,tCal,45.9,45.91
50.0,tCal,45.9,45.91,45.91
50.0,tCal,45.9,45.91,45.91,45.91
50.0,tCal,45.9,45.91,45.91,45.91,45.91
50.0,tCal,45.9,45.91,45.91,45.91,45.91,45.92
50.0,tCal,45.9,45.91,45.91,45.91,45.91,45.92,45.92
50.0,tCal,45.93
50.0,tCal,45.93,45.95
50.0,tCal,45.93,45.95,45.94
50.0,tCal,45.93,45.95,45.94,45.94
50.0,tCal,45.93,45.95,45.94,45.94,45.95
50.0,tCal,45.93,45.95,45.94,45.94,45.95,45.96
50.0,tCal,45.93,45.95,45.94,45.94,45.95,45.96,45.95
50.0,tCal,45.97
50.0,tCal,45.97,45.97
50.0,tCal,45.97,45.97,45.98
50.0,tCal,45.97,45.97,45.98,45.98
50.0,tCal,45.97,45.97,45.98,45.98,45.99
50.0,tCal,45.97,45.97,45.98,45.98,45.99,45.99
50.0,tCal,45.97,45.97,45.98,45.98,45.99,45.99,46.0
50.0,tCal,46.01
50.0,tCal,46.01,46.0
50.0,tCal,46.01,46.0,46.01
50.0,tCal,46.01,46.0,46.01,46.02
50.0,tCal,46.01,46.0,46.01,46.02,46.02
50.0,tCal,46.01,46.0,46.01,46.02,46.02,46.02
50.0,tCal,46.01,46.0,46.01,46.02,46.02,46.02,46.02
50.0,tCal,46.04
50.0,tCal,46.04,46.04
50.0,tCal,46.04,46.04,46.05
50.0,tCal,46.04,46.04,46.05,46.05
50.0,tCal,46.04,46.04,46.05,46.05,46.06
50.0,tCal,46.04,46.04,46.05,46.05,46.06,46.06
50.0,tCal,46.04,46.04,46.05,46.05,46.06,46.06,46.06
50.0,tCal,46.07
50.0,tCal,46.07,46.07
50.0,tCal,46.07,46.07,46.08
50.0,tCal,46.07,46.07,46.08,46.08
50.0,tCal,46.07,46.07,46.08,46.08,46.08
50.0,tCal,46.07,46.07,46.08,46.08,46.08,46.09
50.0,tCal,46.07,46.07,46.08,46.08,46.08,46.09,46.1
50.0,tCal,46.11
50.0,tCal,46.11,46.12
50.0,tCal,46.11,46.12,46.1
50.0,tCal,46.11,46.12,46.1,46.11
50.0,tCal,46.11,46.12,46.1,46.11,46.12
50.0,tCal,46.11,46.12,46.1,46.11,46.12,46.12
50.0,tCal,46.11,46.12,46.1,46.11,46.12,46.12,46.13
50.0,tCal,46.14
50.0,tCal,46.14,46.14
50.0,tCal,46.14,46.14,46.15
50.0,tCal,46.14,46.14,46.15,46.16
50.0,tCal,46.14,46.14,46.15,46.16,46.15
50.0,tCal,46.14,46.14,46.15,46.16,46.15,46.16
50.0,tCal,46.14,46.14,46.15,46.16,46.15,46.16,46.16
50.0,tCal,46.17
50.0,tCal,46.17,46.17
50.0,tCal,46.17,46.17,46.18
50.0,tCal,46.17,46.17,46.18,46.18
50.0,tCal,46.17,46.17,46.18,46.18,46.19
50.0,tCal,46.17,46.17,46.18,46.18,46.19,46.19
50.0,tCal,46.17,46.17,46.18,46.18,46.19,46.19,46.2
50.0,tCal,46.21
50.0,tCal,46.21,46.22
50.0,tCal,46.21,46.22,46.22
50.0,tCal,46.21,46.22,46.22,46.22
50.0,tCal,46.21,46.22,46.22,46.22,46.22
50.0,tCal,46.21,46.22,46.22,46.22,46.22,46.22
50.0,tCal,46.21,46.22,46.22,46.22,46.22,46.22,46.22
50.0,tCal,46.25
50.0,tCal,46.25,46.25
50.0,tCal,46.25,46.25,46.25
50.0,tCal,46.25,46.25,46.25,46.25
50.0,tCal,46.25,46.25,46.25,46.25,46.25
50.0,tCal,46.25,46.25,46.25,46.25,46.25,46.26
50.0,tCal,46.25,46.25,46.25,46.25,46.25,46.26,46.26
50.0,tCal,46.27
50.0,tCal,46.27,46.28
50.0,tCal,46.27,46.28,46.28
50.0,tCal,46.27,46.28,46.28,46.28
50.0,tCal,46.27,46.28,46.28,46.28,46.29
50.0,tCal,46.27,46.28,46.28,46.28,46.29,46.29
50.0,tCal,46.27,46.28,46.28,46.28,46.29,46.29,46.3
50.0,tCal,46.3
50.0,tCal,46.3,46.31
50.0,tCal,46.3,46.31,46.32
50.0,tCal,46.3,46.31,46.32,46.32
50.0,tCal,46.3,46.31,46.32,46.32,46.31
50.0,tCal,46.3,46.31,46.32,46.32,46.31,46.33
50.0,tCal,46.3,46.31,46.32,46.32,46.31,46.33,46.32
50.0,tCal,46.34
50.0,tCal,46.34,46.35
50.0,tCal,46.34,46.35,46.35
50.0,tCal,46.34,46.35,46.35,46.34
50.0,tCal,46.34,46.35,46.35,46.34,46.35
50.0,tCal,46.34,46.35,46.35,46.34,46.35,46.36
50.0,tCal,46.34,46.35,46.35,46.34,46.35,46.36,46.36
50.0,tCal,46.38
50.0,tCal,46.38,46.38
50.0,tCal,46.38,46.38,46.39
50.0,tCal,46.38,46.38,46.39,46.38
50.0,tCal,46.38,46.38,46.39,46.38,46.38
50.0,tCal,46.38,46.38,46.39,46.38,46.38,46.39
50.0,tCal,46.38,46.38,46.39,46.38,46.38,46.39,46.4
50.0,tCal,46.4
50.0,tCal,46.4,46.42
50.0,tCal,46.4,46.42,46.42
50.0,tCal,46.4,46.42,46.42,46.41
50.0,tCal,46.4,46.42,46.42,46.41,46.42
50.0,tCal,46.4,46.42,46.42,46.41,46.42,46.43
50.0,tCal,46.4,46.42,46.42,46.41,46.42,46.43,46.43
50.0,tCal,46.44
50.0,tCal,46.44,46.44
50.0,tCal,46.44,46.44,46.45
50.0,tCal,46.44,46.44,46.45,46.45
50.0,tCal,46.44,46.44,46.45,46.45,46.46
50.0,tCal,46.44,46.44,46.45,46.45,46.46,46.45
50.0,tCal,46.44,46.44,46.45,46.45,46.46,46.45,46.46
50.0,tCal,46.47
50.0,tCal,46.47,46.48
50.0,tCal,46.47,46.48,46.48
50.0,tCal,46.47,46.48,46.48,46.48
50.0,tCal,46.47,46.48,46.48,46.48,46.49
50.0,tCal,46.47,46.48,46.48,46.48,46.49,46.49
50.0,tCal,46.47,46.48,46.48,46.48,46.49,46.49,46.49
50.0,tCal,46.51
50.0,tCal,46.51,46.5
50.0,tCal,46.51,46.5,46.51
50.0,tCal,46.51,46.5,46.51,46.51
50.0,tCal,46.51,46.5,46.51,46.51,46.52
50.0,tCal,46.51,46.5,46.51,46.51,46.52,46.52
50.0,tCal,46.51,46.5,46.51,46.51,46.52,46.52,46.52
50.0,tCal,46.53
50.0,tCal,46.53,46.54
50.0,tCal,46.53,46.54,46.54
50.0,tCal,46.53,46.54,46.54,46.54
50.0,tCal,46.53,46.54,46.54,46.54,46.56
50.0,tCal,46.53,46.54,46.54,46.54,46.56,46.56
50.0,tCal,46.53,46.54,46.54,46.54,46.56,46.56,46.56
50.0,tCal,46.57
50.0,tCal,46.57,46.58
50.0,tCal,46.57,46.58,46.57
50.0,tCal,46.57,46.58,46.57,46.58
50.0,tCal,46.57,46.58,46.57,46.58,46.59
50.0,tCal,46.57,46.58,46.57,46.58,46.59,46.59
50.0,tCal,46.57,46.58,46.57,46.58,46.59,46.59,46.59
50.0,tCal,46.6
50.0,tCal,46.6,46.6
50.0,tCal,46.6,46.6,46.61
50.0,tCal,46.6,46.6,46.61,46.62
50.0,tCal,46.6,46.6,46.61,46.62,46.61
50.0,tCal,46.6,46.6,46.61,46.62,46.61,46.61
50.0,tCal,46.6,46.6,46.61,46.62,46.61,46.61,46.63
50.0,tCal,46.64
50.0,tCal,46.64,46.64
50.0,tCal,46.64,46.64,46.63
50.0,tCal,46.64,46.64,46.63,46.64
50.0,tCal,46.64,46.64,46.63,46.64,46.65
50.0,tCal,46.64,46.64,46.63,46.64,46.65,46.65
50.0,tCal,46.64,46.64,46.63,46.64,46.65,46.65,46.65
50.0,tCal,46.66
50.0,tCal,46.66,46.67
50.0,tCal,46.66,46.67,46.66
50.0,tCal,46.66,46.67,46.66,46.67
50.0,tCal,46.66,46.67,46.66,46.67,46.68
50.0,tCal,46.66,46.67,46.66,46.67,46.68,46.67
50.0,tCal,46.66,46.67,46.66,46.67,46.68,46.67,46.68
50.0,tCal,46.7
50.0,tCal,46.7,46.69
50.0,tCal,46.7,46.69,46.7
50.0,tCal,46.7,46.69,46.7,46.7
50.0,tCal,46.7,46.69,46.7,46.7,46.71
50.0,tCal,46.7,46.69,46.7,46.7,46.71,46.71
50.0,tCal,46.7,46.69,46.7,46.7,46.71,46.71,46.72
50.0,tCal,46.73
50.0,tCal,46.73,46.72
50.0,tCal,46.73,46.72,46.74
50.0,tCal,46.73,46.72,46.74,46.73
50.0,tCal,46.73,46.72,46.74,46.73,46.74
50.0,tCal,46.73,46.72,46.74,46.73,46.74,46.75
50.0,tCal,46.73,46.72,46.74,46.73,46.74,46.75,46.74
50.0,tCal,46.77
50.0,tCal,46.77,46.76
50.0,tCal,46.77,46.76,46.76
50.0,tCal,46.77,46.76,46.76,46.77
50.0,tCal,46.77,46.76,46.76,46.77,46.78
50.0,tCal,46.77,46.76,46.76,46.77,46.78,46.78
50.0,tCal,46.77,46.76,46.76,46.77,46.78,46.78,46.79
50.0,tCal,46.79
50.0,tCal,46.79,46.8
50.0,tCal,46.79,46.8,46.8
50.0,tCal,46.79,46.8,46.8,46.8
50.0,tCal,46.79,46.8,46.8,46.8,46.81
50.0,tCal,46.79,46.8,46.8,46.8,46.81,46.81
50.0,tCal,46.79,46.8,46.8,46.8,46.81,46.81,46.81
50.0,tCal,46.82
50.0,tCal,46.82,46.83
50.0,tCal,46.82,46.83,46.82
50.0,tCal,46.82,46.83,46.82,46.83
50.0,tCal,46.82,46.83,46.82,46.83,46.85
50.0,tCal,46.82,46.83,46.82,46.83,46.85,46.84
50.0,tCal,46.82,46.83,46.82,46.83,46.85,46.84,46.84
50.0,tCal,46.85
50.0,tCal,46.85,46.86
50.0,tCal,46.85,46.86,46.87
50.0,tCal,46.85,46.86,46.87,46.87
50.0,tCal,46.85,46.86,46.87,46.87,46.87
50.0,tCal,46.85,46.86,46.87,46.87,46.87,46.87
50.0,tCal,46.85,46.86,46.87,46.87,46.87,46.87,46.87
50.0,tCal,46.89
50.0,tCal,46.89,46.89
50.0,tCal,46.89,46.89,46.89
50.0,tCal,46.89,46.89,46.89,46.9
50.0,tCal,46.89,46.89,46.89,46.9,46.89
50.0,tCal,46.89,46.89,46.89,46.9,46.89,46.9
50.0,tCal,46.89,46.89,46.89,46.9,46.89,46.9,46.91
50.0,tCal,46.92
50.0,tCal,46.92,46.92
50.0,tCal,46.92,46.92,46.92
50.0,tCal,46.92,46.92,46.92,46.92
50.0,tCal,46.92,46.92,46.92,46.92,46.93
50.0,tCal,46.92,46.92,46.92,46.92,46.93,46.93
50.0,tCal,46.92,46.92,46.92,46.92,46.93,46.93,46.93
50.0,tCal,46.95
50.0,tCal,46.95,46.96
50.0,tCal,46.95,46.96,46.95
50.0,tCal,46.95,46.96,46.95,46.97
50.0,tCal,46.95,46.96,46.95,46.97,46.96
50.0,tCal,46.95,46.96,46.95,46.97,46.96,46.97
50.0,tCal,46.95,46.96,46.95,46.97,46.96,46.97,46.97
50.0,tCal,46.98
50.0,tCal,46.98,46.99
50.0,tCal,46.98,46.99,46.98
50.0,tCal,46.98,46.99,46.98,46.99
50.0,tCal,46.98,46.99,46.98,46.99,46.99
50.0,tCal,46.98,46.99,46.98,46.99,46.99,47.0
50.0,tCal,46.98,46.99,46.98,46.99,46.99,47.0,47.0
50.0,tCal,47.01
50.0,tCal,47.01,47.01
50.0,tCal,47.01,47.01,47.01
50.0,tCal,47.01,47.01,47.01,47.02
50.0,tCal,47.01,47.01,47.01,47.02,47.02
50.0,tCal,47.01,47.01,47.01,47.02,47.02,47.03
50.0,tCal,47.01,47.01,47.01,47.02,47.02,47.03,47.04
50.0,tCal,47.04
50.0,tCal,47.04,47.05
50.0,tCal,47.04,47.05,47.05
50.0,tCal,47.04,47.05,47.05,47.04
50.0,tCal,47.04,47.05,47.05,47.04,47.05
50.0,tCal,47.04,47.05,47.05,47.04,47.05,47.06
50.0,tCal,47.04,47.05,47.05,47.04,47.05,47.06,47.05
50.0,tCal,47.08
50.0,tCal,47.08,47.07
50.0,tCal,47.08,47.07,47.08
50.0,tCal,47.08,47.07,47.08,47.08
50.0,tCal,47.08,47.07,47.08,47.08,47.09
50.0,tCal,47.08,47.07,47.08,47.08,47.09,47.08
50.0,tCal,47.08,47.07,47.08,47.08,47.09,47.08,47.09
50.0,tCal,47.1
50.0,tCal,47.1,47.1
50.0,tCal,47.1,47.1,47.11
50.0,tCal,47.1,47.1,47.11,47.12
50.0,tCal,47.1,47.1,47.11,47.12,47.12
50.0,tCal,47.1,47.1,47.11,47.12,47.12,47.12
50.0,tCal,47.1,47.1,47.11,47.12,47.12,47.12,47.11
50.0,tCal,47.29
50.0,tCal,47.29,47.29
50.0,tCal,47.29,47.29,47.29
50.0,tCal,47.29,47.29,47.29,47.3
50.0,tCal,47.29,47.29,47.29,47.3,47.3
50.0,tCal,47.29,47.29,47.29,47.3,47.3,47.32
50.0,tCal,47.29,47.29,47.29,47.3,47.3,47.32,47.32
50.0,tCal,47.33
50.0,tCal,47.33,47.33
50.0,tCal,47.33,47.33,47.34
50.0,tCal,47.33,47.33,47.34,47.34
50.0,tCal,47.33,47.33,47.34,47.34,47.35
50.0,tCal,47.33,47.33,47.34,47.34,47.35,47.34
50.0,tCal,47.33,47.33,47.34,47.34,47.35,47.34,47.35
50.0,tCal,47.37
50.0,tCal,47.37,47.38
50.0,tCal,47.37,47.38,47.38
50.0,tCal,47.37,47.38,47.38,47.38
50.0,tCal,47.37,47.38,47.38,47.38,47.39
50.0,tCal,47.37,47.38,47.38,47.38,47.39,47.39
50.0,tCal,47.37,47.38,47.38,47.38,47.39,47.39,47.38
50.0,tCal,47.4
50.0,tCal,47.4,47.41
50.0,tCal,47.4,47.41,47.4
50.0,tCal,47.4,47.41,47.4,47.41
50.0,tCal,47.4,47.41,47.4,47.41,47.42
50.0,tCal,47.4,47.41,47.4,47.41,47.42,47.43
50.0,tCal,47.4,47.41,47.4,47.41,47.42,47.43,47.42
50.0,tCal,47.44
50.0,tCal,47.44,47.44
50.0,tCal,47.44,47.44,47.45
50.0,tCal,47.44,47.44,47.45,47.44
50.0,tCal,47.44,47.44,47.45,47.44,47.45
50.0,tCal,47.44,47.44,47.45,47.44,47.45,47.45
50.0,tCal,47.44,47.44,47.45,47.44,47.45,47.45,47.45
50.0,tCal,47.48
50.0,tCal,47.48,47.47
50.0,tCal,47.48,47.47,47.48
50.0,tCal,47.48,47.47,47.48,47.48
50.0,tCal,47.48,47.47,47.48,47.48,47.48
50.0,tCal,47.48,47.47,47.48,47.48,47.48,47.48
50.0,tCal,47.48,47.47,47.48,47.48,47.48,47.48,47.49
50.0,tCal,47.51
50.0,tCal,47.51,47.51
50.0,tCal,47.51,47.51,47.5
50.0,tCal,47.51,47.51,47.5,47.52
50.0,tCal,47.51,47.51,47.5,47.52,47.52
50.0,tCal,47.51,47.51,47.5,47.52,47.52,47.52
50.0,tCal,47.51,47.51,47.5,47.52,47.52,47.52,47.54
50.0,tCal,47.55
50.0,tCal,47.55,47.55
50.0,tCal,47.55,47.55,47.55
50.0,tCal,47.55,47.55,47.55,47.55
50.0,tCal,47.55,47.55,47.55,47.55,47.56
50.0,tCal,47.55,47.55,47.55,47.55,47.56,47.56
50.0,tCal,47.55,47.55,47.55,47.55,47.56,47.56,47.56
50.0,tCal,47.57
50.0,tCal,47.57,47.58
50.0,tCal,47.57,47.58,47.59
50.0,tCal,47.57,47.58,47.59,47.59
50.0,tCal,47.57,47.58,47.59,47.59,47.59
50.0,tCal,47.57,47.58,47.59,47.59,47.59,47.59
50.0,tCal,47.57,47.58,47.59,47.59,47.59,47.59,47.6
50.0,tCal,47.62
50.0,tCal,47.62,47.62
50.0,tCal,47.62,47.62,47.62
50.0,tCal,47.62,47.62,47.62,47.62
50.0,tCal,47.62,47.62,47.62,47.62,47.62
50.0,tCal,47.62,47.62,47.62,47.62,47.62,47.64
50.0,tCal,47.62,47.62,47.62,47.62,47.62,47.64,47.63
50.0,tCal,47.64
50.0,tCal,47.64,47.65
50.0,tCal,47.64,47.65,47.66
50.0,tCal,47.64,47.65,47.66,47.66
50.0,tCal,47.64,47.65,47.66,47.66,47.66
50.0,tCal,47.64,47.65,47.66,47.66,47.66,47.66
50.0,tCal,47.64,47.65,47.66,47.66,47.66,47.66,47.67
50.0,tCal,47.68
50.0,tCal,47.68,47.69
50.0,tCal,47.68,47.69,47.68
50.0,tCal,47.68,47.69,47.68,47.7
50.0,tCal,47.68,47.69,47.68,47.7,47.69
50.0,tCal,47.68,47.69,47.68,47.7,47.69,47.7
50.0,tCal,47.68,47.69,47.68,47.7,47.69,47.7,47.71
50.0,tCal,47.72
50.0,tCal,47.72,47.72
50.0,tCal,47.72,47.72,47.72
50.0,tCal,47.72,47.72,47.72,47.73
50.0,tCal,47.72,47.72,47.72,47.73,47.74
50.0,tCal,47.72,47.72,47.72,47.73,47.74,47.74
50.0,tCal,47.72,47.72,47.72,47.73,47.74,47.74,47.75
50.0,tCal,47.76
50.0,tCal,47.76,47.76
50.0,tCal,47.76,47.76,47.75
50.0,tCal,47.76,47.76,47.75,47.76
50.0,tCal,47.76,47.76,47.75,47.76,47.76
50.0,tCal,47.76,47.76,47.75,47.76,47.76,47.77
50.0,tCal,47.76,47.76,47.75,47.76,47.76,47.77,47.77
50.0,tCal,47.79
50.0,tCal,47.79,47.79
50.0,tCal,47.79,47.79,47.79
50.0,tCal,47.79,47.79,47.79,47.8
50.0,tCal,47.79,47.79,47.79,47.8,47.79
50.0,tCal,47.79,47.79,47.79,47.8,47.79,47.8
50.0,tCal,47.79,47.79,47.79,47.8,47.79,47.8,47.8
50.0,tCal,47.82
50.0,tCal,47.82,47.82
50.0,tCal,47.82,47.82,47.83
50.0,tCal,47.82,47.82,47.83,47.84
50.0,tCal,47.82,47.82,47.83,47.84,47.83
50.0,tCal,47.82,47.82,47.83,47.84,47.83,47.83
50.0,tCal,47.82,47.82,47.83,47.84,47.83,47.83,47.84
50.0,tCal,47.86
50.0,tCal,47.86,47.86
50.0,tCal,47.86,47.86,47.85
50.0,tCal,47.86,47.86,47.85,47.86
50.0,tCal,47.86,47.86,47.85,47.86,47.87
50.0,tCal,47.86,47.86,47.85,47.86,47.87,47.87
50.0,tCal,47.86,47.86,47.85,47.86,47.87,47.87,47.87
50.0,tCal,47.89
50.0,tCal,47.89,47.88
50.0,tCal,47.89,47.88,47.89
50.0,tCal,47.89,47.88,47.89,47.89
50.0,tCal,47.89,47.88,47.89,47.89,47.89
50.0,tCal,47.89,47.88,47.89,47.89,47.89,47.9
50.0,tCal,47.89,47.88,47.89,47.89,47.89,47.9,47.9
50.0,tCal,47.91
50.0,tCal,47.91,47.93
50.0,tCal,47.91,47.93,47.92
50.0,tCal,47.91,47.93,47.92,47.93
50.0,tCal,47.91,47.93,47.92,47.93,47.94
50.0,tCal,47.91,47.93,47.92,47.93,47.94,47.93
50.0,tCal,47.91,47.93,47.92,47.93,47.94,47.93,47.94
50.0,tCal,47.94
50.0,tCal,47.94,47.95
50.0,tCal,47.94,47.95,47.95
50.0,tCal,47.94,47.95,47.95,47.95
50.0,tCal,47.94,47.95,47.95,47.95,47.96
50.0,tCal,47.94,47.95,47.95,47.95,47.96,47.97
50.0,tCal,47.94,47.95,47.95,47.95,47.96,47.97,47.95
50.0,tCal,47.98
50.0,tCal,47.98,47.99
50.0,tCal,47.98,47.99,47.98
50.0,tCal,47.98,47.99,47.98,47.99
50.0,tCal,47.98,47.99,47.98,47.99,47.99
50.0,tCal,47.98,47.99,47.98,47.99,47.99,48.0
50.0,tCal,47.98,47.99,47.98,47.99,47.99,48.0,48.0
50.0,tCal,48.02
50.0,tCal,48.02,48.02
50.0,tCal,48.02,48.02,48.02
50.0,tCal,48.02,48.02,48.02,48.02
50.0,tCal,48.02,48.02,48.02,48.02,48.02
50.0,tCal,48.02,48.02,48.02,48.02,48.02,48.03
50.0,tCal,48.02,48.02,48.02,48.02,48.02,48.03,48.03
50.0,tCal,48.05
50.0,tCal,48.05,48.06
50.0,tCal,48.05,48.06,48.05
50.0,tCal,48.05,48.06,48.05,48.06
50.0,tCal,48.05,48.06,48.05,48.06,48.06
50.0,tCal,48.05,48.06,48.05,48.06,48.06,48.06
50.0,tCal,48.05,48.06,48.05,48.06,48.06,48.06,48.06
50.0,tCal,48.08
50.0,tCal,48.08,48.08
50.0,tCal,48.08,48.08,48.08
50.0,tCal,48.08,48.08,48.08,48.09
50.0,tCal,48.08,48.08,48.08,48.09,48.08
50.0,tCal,48.08,48.08,48.08,48.09,48.08,48.09
50.0,tCal,48.08,48.08,48.08,48.09,48.08,48.09,48.1
50.0,tCal,48.11
50.0,tCal,48.11,48.11
50.0,tCal,48.11,48.11,48.11
50.0,tCal,48.11,48.11,48.11,48.12
50.0,tCal,48.11,48.11,48.11,48.12,48.12
50.0,tCal,48.11,48.11,48.11,48.12,48.12,48.13
50.0,tCal,48.11,48.11,48.11,48.12,48.12,48.13,48.13
50.0,tCal,48.14
50.0,tCal,48.14,48.14
50.0,tCal,48.14,48.14,48.14
50.0,tCal,48.14,48.14,48.14,48.14
50.0,tCal,48.14,48.14,48.14,48.14,48.15
50.0,tCal,48.14,48.14,48.14,48.14,48.15,48.15
50.0,tCal,48.14,48.14,48.14,48.14,48.15,48.15,48.16
50.0,tCal,48.16
50.0,tCal,48.16,48.17
50.0,tCal,48.16,48.17,48.16
50.0,tCal,48.16,48.17,48.16,48.17
50.0,tCal,48.16,48.17,48.16,48.17,48.17
50.0,tCal,48.16,48.17,48.16,48.17,48.17,48.17
50.0,tCal,48.16,48.17,48.16,48.17,48.17,48.17,48.18
50.0,tCal,48.2
50.0,tCal,48.2,48.19
50.0,tCal,48.2,48.19,48.21
50.0,tCal,48.2,48.19,48.21,48.21
50.0,tCal,48.2,48.19,48.21,48.21,48.2
50.0,tCal,48.2,48.19,48.21,48.21,48.2,48.21
50.0,tCal,48.2,48.19,48.21,48.21,48.2,48.21,48.21
50.0,tCal,48.23
50.0,tCal,48.23,48.23
50.0,tCal,48.23,48.23,48.22
50.0,tCal,48.23,48.23,48.22,48.22
50.0,tCal,48.23,48.23,48.22,48.22,48.23
50.0,tCal,48.23,48.23,48.22,48.22,48.23,48.23
50.0,tCal,48.23,48.23,48.22,48.22,48.23,48.23,48.24
50.0,tCal,48.25
50.0,tCal,48.25,48.25
50.0,tCal,48.25,48.25,48.26
50.0,tCal,48.25,48.25,48.26,48.27
50.0,tCal,48.25,48.25,48.26,48.27,48.26
50.0,tCal,48.25,48.25,48.26,48.27,48.26,48.27
50.0,tCal,48.25,48.25,48.26,48.27,48.26,48.27,48.28
50.0,tCal,48.28
50.0,tCal,48.28,48.28
50.0,tCal,48.28,48.28,48.29
50.0,tCal,48.28,48.28,48.29,48.28
50.0,tCal,48.28,48.28,48.29,48.28,48.29
50.0,tCal,48.28,48.28,48.29,48.28,48.29,48.29
50.0,tCal,48.28,48.28,48.29,48.28,48.29,48.29,48.29
50.0,tCal,48.31
50.0,tCal,48.31,48.3
50.0,tCal,48.31,48.3,48.32
50.0,tCal,48.31,48.3,48.32,48.32
50.0,tCal,48.31,48.3,48.32,48.32,48.32
50.0,tCal,48.31,48.3,48.32,48.32,48.32,48.32
50.0,tCal,48.31,48.3,48.32,48.32,48.32,48.32,48.32
50.0,tCal,48.33
50.0,tCal,48.33,48.34
50.0,tCal,48.33,48.34,48.34
50.0,tCal,48.33,48.34,48.34,48.34
50.0,tCal,48.33,48.34,48.34,48.34,48.34
50.0,tCal,48.33,48.34,48.34,48.34,48.34,48.35
50.0,tCal,48.33,48.34,48.34,48.34,48.34,48.35,48.35
50.0,tCal,48.36
50.0,tCal,48.36,48.37
50.0,tCal,48.36,48.37,48.37
50.0,tCal,48.36,48.37,48.37,48.36
50.0,tCal,48.36,48.37,48.37,48.36,48.37
50.0,tCal,48.36,48.37,48.37,48.36,48.37,48.38
50.0,tCal,48.36,48.37,48.37,48.36,48.37,48.38,48.38
50.0,tCal,48.39
50.0,tCal,48.39,48.38
50.0,tCal,48.39,48.38,48.39
50.0,tCal,48.39,48.38,48.39,48.39
50.0,tCal,48.39,48.38,48.39,48.39,48.4
50.0,tCal,48.39,48.38,48.39,48.39,48.4,48.4
50.0,tCal,48.39,48.38,48.39,48.39,48.4,48.4,48.39
50.0,tCal,48.41
50.0,tCal,48.41,48.41
50.0,tCal,48.41,48.41,48.42
50.0,tCal,48.41,48.41,48.42,48.41
50.0,tCal,48.41,48.41,48.42,48.41,48.43
50.0,tCal,48.41,48.41,48.42,48.41,48.43,48.43
50.0,tCal,48.41,48.41,48.42,48.41,48.43,48.43,48.43
50.0,tCal,48.43
50.0,tCal,48.43,48.44
50.0,tCal,48.43,48.44,48.45
50.0,tCal,48.43,48.44,48.45,48.45
50.0,tCal,48.43,48.44,48.45,48.45,48.45
50.0,tCal,48.43,48.44,48.45,48.45,48.45,48.45
50.0,tCal,48.43,48.44,48.45,48.45,48.45,48.45,48.45
50.0,tCal,48.47
50.0,tCal,48.47,48.48
50.0,tCal,48.47,48.48,48.47
50.0,tCal,48.47,48.48,48.47,48.47
50.0,tCal,48.47,48.48,48.47,48.47,48.48
50.0,tCal,48.47,48.48,48.47,48.47,48.48,48.48
50.0,tCal,48.47,48.48,48.47,48.47,48.48,48.48,48.49
50.0,tCal,48.5
50.0,tCal,48.5,48.49
50.0,tCal,48.5,48.49,48.5
50.0,tCal,48.5,48.49,48.5,48.5
50.0,tCal,48.5,48.49,48.5,48.5,48.51
50.0,tCal,48.5,48.49,48.5,48.5,48.51,48.51
50.0,tCal,48.5,48.49,48.5,48.5,48.51,48.51,48.5
50.0,tCal,48.52
50.0,tCal,48.52,48.52
50.0,tCal,48.52,48.52,48.52
50.0,tCal,48.52,48.52,48.52,48.51
50.0,tCal,48.52,48.52,48.52,48.51,48.53
50.0,tCal,48.52,48.52,48.52,48.51,48.53,48.53
50.0,tCal,48.52,48.52,48.52,48.51,48.53,48.53,48.53
50.0,tCal,48.64
50.0,tCal,48.64,48.64
50.0,tCal,48.64,48.64,48.65
50.0,tCal,48.64,48.64,48.65,48.64
50.0,tCal,48.64,48.64,48.65,48.64,48.65
50.0,tCal,48.64,48.64,48.65,48.64,48.65,48.65
50.0,tCal,48.64,48.64,48.65,48.64,48.65,48.65,48.65
50.0,tCal,48.66
50.0,tCal,48.66,48.66
50.0,tCal,48.66,48.66,48.67
50.0,tCal,48.66,48.66,48.67,48.67
50.0,tCal,48.66,48.66,48.67,48.67,48.68
50.0,tCal,48.66,48.66,48.67,48.67,48.68,48.67
50.0,tCal,48.66,48.66,48.67,48.67,48.68,48.67,48.67
50.0,tCal,48.68
50.0,tCal,48.68,48.69
50.0,tCal,48.68,48.69,48.69
50.0,tCal,48.68,48.69,48.69,48.69
50.0,tCal,48.68,48.69,48.69,48.69,48.69
50.0,tCal,48.68,48.69,48.69,48.69,48.69,48.69
50.0,tCal,48.68,48.69,48.69,48.69,48.69,48.69,48.7
50.0,tCal,48.71
50.0,tCal,48.71,48.71
50.0,tCal,48.71,48.71,48.72
50.0,tCal,48.71,48.71,48.72,48.71
50.0,tCal,48.71,48.71,48.72,48.71,48.71
50.0,tCal,48.71,48.71,48.72,48.71,48.71,48.72
50.0,tCal,48.71,48.71,48.72,48.71,48.71,48.72,48.72
50.0,tCal,48.74
50.0,tCal,48.74,48.73
50.0,tCal,48.74,48.73,48.74
50.0,tCal,48.74,48.73,48.74,48.74
50.0,tCal,48.74,48.73,48.74,48.74,48.74
50.0,tCal,48.74,48.73,48.74,48.74,48.74,48.74
50.0,tCal,48.74,48.73,48.74,48.74,48.74,48.74,48.74
50.0,tCal,48.76
50.0,tCal,48.76,48.76
50.0,tCal,48.76,48.76,48.76
50.0,tCal,48.76,48.76,48.76,48.76
50.0,tCal,48.76,48.76,48.76,48.76,48.76
50.0,tCal,48.76,48.76,48.76,48.76,48.76,48.77
50.0,tCal,48.76,48.76,48.76,48.76,48.76,48.77,48.76
50.0,tCal,48.98
50.0,tCal,48.98,48.98
50.0,tCal,48.98,48.98,48.98
50.0,tCal,48.98,48.98,48.98,48.98
50.0,tCal,48.98,48.98,48.98,48.98,48.99
50.0,tCal,48.98,48.98,48.98,48.98,48.99,48.99
50.0,tCal,48.98,48.98,48.98,48.98,48.99,48.99,48.99
50.0,tCal,49.0
50.0,tCal,49.0,49.0
50.0,tCal,49.0,49.0,49.0
50.0,tCal,49.0,49.0,49.0,48.99
50.0,tCal,49.0,49.0,49.0,48.99,49.0
50.0,tCal,49.0,49.0,49.0,48.99,49.0,49.0
50.0,tCal,49.0,49.0,49.0,48.99,49.0,49.0,49.01
50.0,tCal,49.02
50.0,tCal,49.02,49.02
50.0,tCal,49.02,49.02,49.02
50.0,tCal,49.02,49.02,49.02,49.02
50.0,tCal,49.02,49.02,49.02,49.02,49.02
50.0,tCal,49.02,49.02,49.02,49.02,49.02,49.02
50.0,tCal,49.02,49.02,49.02,49.02,49.02,49.02,49.03
50.0,tCal,49.03
50.0,tCal,49.03,49.04
50.0,tCal,49.03,49.04,49.03
50.0,tCal,49.03,49.04,49.03,49.04
50.0,tCal,49.03,49.04,49.03,49.04,49.03
50.0,tCal,49.03,49.04,49.03,49.04,49.03,49.04
50.0,tCal,49.03,49.04,49.03,49.04,49.03,49.04,49.04
50.0,tCal,49.05
50.0,tCal,49.05,49.06
50.0,tCal,49.05,49.06,49.06
50.0,tCal,49.05,49.06,49.06,49.06
50.0,tCal,49.05,49.06,49.06,49.06,49.06
50.0,tCal,49.05,49.06,49.06,49.06,49.06,49.06
50.0,tCal,49.05,49.06,49.06,49.06,49.06,49.06,49.06
50.0,tCal,49.07
50.0,tCal,49.07,49.07
50.0,tCal,49.07,49.07,49.08
50.0,tCal,49.07,49.07,49.08,49.08
50.0,tCal,49.07,49.07,49.08,49.08,49.07
50.0,tCal,49.07,49.07,49.08,49.08,49.07,49.08
50.0,tCal,49.07,49.07,49.08,49.08,49.07,49.08,49.08
50.0,tCal,49.09
50.0,tCal,49.09,49.09
50.0,tCal,49.09,49.09,49.09
50.0,tCal,49.09,49.09,49.09,49.09
50.0,tCal,49.09,49.09,49.09,49.09,49.09
50.0,tCal,49.09,49.09,49.09,49.09,49.09,49.09
50.0,tCal,49.09,49.09,49.09,49.09,49.09,49.09,49.09
50.0,tCal,49.1
50.0,tCal,49.1,49.1
50.0,tCal,49.1,49.1,49.1
50.0,tCal,49.1,49.1,49.1,49.1
50.0,tCal,49.1,49.1,49.1,49.1,49.1
50.0,tCal,49.1,49.1,49.1,49.1,49.1,49.11
50.0,tCal,49.1,49.1,49.1,49.1,49.1,49.11,49.11
50.0,tCal,49.12
50.0,tCal,49.12,49.13
50.0,tCal,49.12,49.13,49.12
50.0,tCal,49.12,49.13,49.12,49.13
50.0,tCal,49.12,49.13,49.12,49.13,49.12
50.0,tCal,49.12,49.13,49.12,49.13,49.12,49.12
50.0,tCal,49.12,49.13,49.12,49.13,49.12,49.12,49.13
50.0,tCal,49.12
50.0,tCal,49.12,49.13
50.0,tCal,49.12,49.13,49.13
50.0,tCal,49.12,49.13,49.13,49.14
50.0,tCal,49.12,49.13,49.13,49.14,49.14
50.0,tCal,49.12,49.13,49.13,49.14,49.14,49.14
50.0,tCal,49.12,49.13,49.13,49.14,49.14,49.14,49.14
50.0,tCal,49.15
50.0,tCal,49.15,49.15
50.0,tCal,49.15,49.15,49.16
50.0,tCal,49.15,49.15,49.16,49.15
50.0,tCal,49.15,49.15,49.16,49.15,49.15
50.0,tCal,49.15,49.15,49.16,49.15,49.15,49.15
50.0,tCal,49.15,49.15,49.16,49.15,49.15,49.15,49.16
50.0,tCal,49.16
50.0,tCal,49.16,49.16
50.0,tCal,49.16,49.16,49.16
50.0,tCal,49.16,49.16,49.16,49.17
50.0,tCal,49.16,49.16,49.16,49.17,49.17
50.0,tCal,49.16,49.16,49.16,49.17,49.17,49.17
50.0,tCal,49.16,49.16,49.16,49.17,49.17,49.17,49.17
50.0,tCal,49.18
50.0,tCal,49.18,49.18
50.0,tCal,49.18,49.18,49.19
50.0,tCal,49.18,49.18,49.19,49.18
50.0,tCal,49.18,49.18,49.19,49.18,49.18
50.0,tCal,49.18,49.18,49.19,49.18,49.18,49.18
50.0,tCal,49.18,49.18,49.19,49.18,49.18,49.18,49.18
50.0,tCal,49.19
50.0,tCal,49.19,49.2
50.0,tCal,49.19,49.2,49.19
50.0,tCal,49.19,49.2,49.19,49.19
50.0,tCal,49.19,49.2,49.19,49.19,49.19
50.0,tCal,49.19,49.2,49.19,49.19,49.19,49.2
50.0,tCal,49.19,49.2,49.19,49.19,49.19,49.2,49.2
50.0,tCal,49.2
50.0,tCal,49.2,49.2
50.0,tCal,49.2,49.2,49.2
50.0,tCal,49.2,49.2,49.2,49.21
50.0,tCal,49.2,49.2,49.2,49.21,49.21
50.0,tCal,49.2,49.2,49.2,49.21,49.21,49.21
50.0,tCal,49.2,49.2,49.2,49.21,49.21,49.21,49.21
50.0,tCal,49.22
50.0,tCal,49.22,49.22
50.0,tCal,49.22,49.22,49.21
50.0,tCal,49.22,49.22,49.21,49.22
50.0,tCal,49.22,49.22,49.21,49.22,49.22
50.0,tCal,49.22,49.22,49.21,49.22,49.22,49.22
50.0,tCal,49.22,49.22,49.21,49.22,49.22,49.22,49.23
50.0,tCal,49.24
50.0,tCal,49.24,49.23
50.0,tCal,49.24,49.23,49.23
50.0,tCal,49.24,49.23,49.23,49.24
50.0,tCal,49.24,49.23,49.23,49.24,49.23
50.0,tCal,49.24,49.23,49.23,49.24,49.23,49.23
50.0,tCal,49.24,49.23,49.23,49.24,49.23,49.23,49.23
50.0,tCal,49.24
50.0,tCal,49.24,49.25
50.0,tCal,49.24,49.25,49.24
50.0,tCal,49.24,49.25,49.24,49.25
50.0,tCal,49.24,49.25,49.24,49.25,49.24
50.0,tCal,49.24,49.25,49.24,49.25,49.24,49.25
50.0,tCal,49.24,49.25,49.24,49.25,49.24,49.25,49.25
50.0,tCal,49.25
50.0,tCal,49.25,49.25
50.0,tCal,49.25,49.25,49.26
50.0,tCal,49.25,49.25,49.26,49.26
50.0,tCal,49.25,49.25,49.26,49.26,49.26
50.0,tCal,49.25,49.25,49.26,49.26,49.26,49.26
50.0,tCal,49.25,49.25,49.26,49.26,49.26,49.26,49.27
50.0,tCal,49.27
50.0,tCal,49.27,49.27
50.0,tCal,49.27,49.27,49.27
50.0,tCal,49.27,49.27,49.27,49.28
50.0,tCal,49.27,49.27,49.27,49.28,49.27
50.0,tCal,49.27,49.27,49.27,49.28,49.27,49.27
50.0,tCal,49.27,49.27,49.27,49.28,49.27,49.27,49.28
50.0,tCal,49.28
50.0,tCal,49.28,49.28
50.0,tCal,49.28,49.28,49.29
50.0,tCal,49.28,49.28,49.29,49.29
50.0,tCal,49.28,49.28,49.29,49.29,49.29
50.0,tCal,49.28,49.28,49.29,49.29,49.29,49.28
50.0,tCal,49.28,49.28,49.29,49.29,49.29,49.28,49.29
50.0,tCal,49.29
50.0,tCal,49.29,49.3
50.0,tCal,49.29,49.3,49.29
50.0,tCal,49.29,49.3,49.29,49.29
50.0,tCal,49.29,49.3,49.29,49.29,49.3
50.0,tCal,49.29,49.3,49.29,49.29,49.3,49.3
50.0,tCal,49.29,49.3,49.29,49.29,49.3,49.3,49.3
50.0,tCal,49.3
50.0,tCal,49.3,49.31
50.0,tCal,49.3,49.31,49.31
50.0,tCal,49.3,49.31,49.31,49.31
50.0,tCal,49.3,49.31,49.31,49.31,49.31
50.0,tCal,49.3,49.31,49.31,49.31,49.31,49.31
50.0,tCal,49.3,49.31,49.31,49.31,49.31,49.31,49.31
50.0,tCal,49.31
50.0,tCal,49.31,49.32
50.0,tCal,49.31,49.32,49.32
50.0,tCal,49.31,49.32,49.32,49.33
50.0,tCal,49.31,49.32,49.32,49.33,49.32
50.0,tCal,49.31,49.32,49.32,49.33,49.32,49.32
50.0,tCal,49.31,49.32,49.32,49.33,49.32,49.32,49.32
50.0,tCal,49.34
50.0,tCal,49.34,49.33
50.0,tCal,49.34,49.33,49.32
50.0,tCal,49.34,49.33,49.32,49.33
50.0,tCal,49.34,49.33,49.32,49.33,49.33
50.0,tCal,49.34,49.33,49.32,49.33,49.33,49.34
50.0,tCal,49.34,49.33,49.32,49.33,49.33,49.34,49.34
50.0,tCal,49.34
50.0,tCal,49.34,49.35
50.0,tCal,49.34,49.35,49.35
50.0,tCal,49.34,49.35,49.35,49.34
50.0,tCal,49.34,49.35,49.35,49.34,49.35
50.0,tCal,49.34,49.35,49.35,49.34,49.35,49.34
50.0,tCal,49.34,49.35,49.35,49.34,49.35,49.34,49.35
50.0,tCal,49.36
50.0,tCal,49.36,49.35
50.0,tCal,49.36,49.35,49.36
50.0,tCal,49.36,49.35,49.36,49.35
50.0,tCal,49.36,49.35,49.36,49.35,49.36
50.0,tCal,49.36,49.35,49.36,49.35,49.36,49.36
50.0,tCal,49.36,49.35,49.36,49.35,49.36,49.36,49.37
50.0,tCal,49.37
50.0,tCal,49.37,49.37
50.0,tCal,49.37,49.37,49.36
50.0,tCal,49.37,49.37,49.36,49.38
50.0,tCal,49.37,49.37,49.36,49.38,49.37
50.0,tCal,49.37,49.37,49.36,49.38,49.37,49.37
50.0,tCal,49.37,49.37,49.36,49.38,49.37,49.37,49.37
50.0,tCal,49.38
50.0,tCal,49.38,49.37
50.0,tCal,49.38,49.37,49.38
50.0,tCal,49.38,49.37,49.38,49.38
50.0,tCal,49.38,49.37,49.38,49.38,49.38
50.0,tCal,49.38,49.37,49.38,49.38,49.38,49.38
50.0,tCal,49.38,49.37,49.38,49.38,49.38,49.38,49.39
50.0,tCal,49.39
50.0,tCal,49.39,49.38
50.0,tCal,49.39,49.38,49.38
50.0,tCal,49.39,49.38,49.38,49.39
50.0,tCal,49.39,49.38,49.38,49.39,49.4
50.0,tCal,49.39,49.38,49.38,49.39,49.4,49.39
50.0,tCal,49.39,49.38,49.38,49.39,49.4,49.39,49.4
50.0,tCal,49.4
50.0,tCal,49.4,49.4
50.0,tCal,49.4,49.4,49.4
50.0,tCal,49.4,49.4,49.4,49.4
50.0,tCal,49.4,49.4,49.4,49.4,49.4
50.0,tCal,49.4,49.4,49.4,49.4,49.4,49.4
50.0,tCal,49.4,49.4,49.4,49.4,49.4,49.4,49.41
50.0,tCal,49.41
50.0,tCal,49.41,49.41
50.0,tCal,49.41,49.41,49.41
50.0,tCal,49.41,49.41,49.41,49.41
50.0,tCal,49.41,49.41,49.41,49.41,49.41
50.0,tCal,49.41,49.41,49.41,49.41,49.41,49.41
50.0,tCal,49.41,49.41,49.41,49.41,49.41,49.41,49.41
50.0,tCal,49.41
50.0,tCal,49.41,49.42
50.0,tCal,49.41,49.42,49.42
50.0,tCal,49.41,49.42,49.42,49.42
50.0,tCal,49.41,49.42,49.42,49.42,49.41
50.0,tCal,49.41,49.42,49.42,49.42,49.41,49.43
50.0,tCal,49.41,49.42,49.42,49.42,49.41,49.43,49.42
50.0,tCal,49.43
50.0,tCal,49.43,49.43
50.0,tCal,49.43,49.43,49.44
50.0,tCal,49.43,49.43,49.44,49.43
50.0,tCal,49.43,49.43,49.44,49.43,49.43
50.0,tCal,49.43,49.43,49.44,49.43,49.43,49.43
50.0,tCal,49.43,49.43,49.44,49.43,49.43,49.43,49.43
50.0,tCal,49.43
50.0,tCal,49.43,49.44
50.0,tCal,49.43,49.44,49.44
50.0,tCal,49.43,49.44,49.44,49.45
50.0,tCal,49.43,49.44,49.44,49.45,49.44
50.0,tCal,49.43,49.44,49.44,49.45,49.44,49.45
50.0,tCal,49.43,49.44,49.44,49.45,49.44,49.45,49.44
50.0,tCal,49.45
50.0,tCal,49.45,49.44
50.0,tCal,49.45,49.44,49.44
50.0,tCal,49.45,49.44,49.44,49.45
50.0,tCal,49.45,49.44,49.44,49.45,49.45
50.0,tCal,49.45,49.44,49.44,49.45,49.45,49.45
50.0,tCal,49.45,49.44,49.44,49.45,49.45,49.45,49.45
50.0,tCal,49.45
50.0,tCal,49.45,49.45
50.0,tCal,49.45,49.45,49.45
50.0,tCal,49.45,49.45,49.45,49.45
50.0,tCal,49.45,49.45,49.45,49.45,49.46
50.0,tCal,49.45,49.45,49.45,49.45,49.46,49.46
50.0,tCal,49.45,49.45,49.45,49.45,49.46,49.46,49.47
50.0,tCal,49.46
50.0,tCal,49.46,49.47
50.0,tCal,49.46,49.47,49.47
50.0,tCal,49.46,49.47,49.47,49.47
50.0,tCal,49.46,49.47,49.47,49.47,49.47
50.0,tCal,49.46,49.47,49.47,49.47,49.47,49.47
50.0,tCal,49.46,49.47,49.47,49.47,49.47,49.47,49.46
50.0,tCal,49.47
50.0,tCal,49.47,49.47
50.0,tCal,49.47,49.47,49.47
50.0,tCal,49.47,49.47,49.47,49.47
50.0,tCal,49.47,49.47,49.47,49.47,49.47
50.0,tCal,49.47,49.47,49.47,49.47,49.47,49.48
50.0,tCal,49.47,49.47,49.47,49.47,49.47,49.48,49.48
50.0,tCal,49.48
50.0,tCal,49.48,49.49
50.0,tCal,49.48,49.49,49.48
50.0,tCal,49.48,49.49,49.48,49.49
50.0,tCal,49.48,49.49,49.48,49.49,49.48
50.0,tCal,49.48,49.49,49.48,49.49,49.48,49.49
50.0,tCal,49.48,49.49,49.48,49.49,49.48,49.49,49.48
50.0,tCal,49.48
50.0,tCal,49.48,49.49
50.0,tCal,49.48,49.49,49.48
50.0,tCal,49.48,49.49,49.48,49.48
50.0,tCal,49.48,49.49,49.48,49.48,49.48
50.0,tCal,49.48,49.49,49.48,49.48,49.48,49.49
50.0,tCal,49.48,49.49,49.48,49.48,49.48,49.49,49.49
50.0,tCal,49.49
50.0,tCal,49.49,49.49
50.0,tCal,49.49,49.49,49.5
50.0,tCal,49.49,49.49,49.5,49.5
50.0,tCal,49.49,49.49,49.5,49.5,49.5
50.0,tCal,49.49,49.49,49.5,49.5,49.5,49.5
50.0,tCal,49.49,49.49,49.5,49.5,49.5,49.5,49.5
50.0,tCal,49.5
50.0,tCal,49.5,49.51
50.0,tCal,49.5,49.51,49.51
50.0,tCal,49.5,49.51,49.51,49.5
50.0,tCal,49.5,49.51,49.51,49.5,49.5
50.0,tCal,49.5,49.51,49.51,49.5,49.5,49.51
50.0,tCal,49.5,49.51,49.51,49.5,49.5,49.51,49.5
50.0,tCal,49.5
50.0,tCal,49.5,49.51
50.0,tCal,49.5,49.51,49.51
50.0,tCal,49.5,49.51,49.51,49.51
50.0,tCal,49.5,49.51,49.51,49.51,49.5
50.0,tCal,49.5,49.51,49.51,49.51,49.5,49.51
50.0,tCal,49.5,49.51,49.51,49.51,49.5,49.51,49.52
50.0,tCal,49.52
50.0,tCal,49.52,49.53
50.0,tCal,49.52,49.53,49.52
50.0,tCal,49.52,49.53,49.52,49.52
50.0,tCal,49.52,49.53,49.52,49.52,49.52
50.0,tCal,49.52,49.53,49.52,49.52,49.52,49.52
50.0,tCal,49.52,49.53,49.52,49.52,49.52,49.52,49.51
50.0,tCal,49.52
50.0,tCal,49.52,49.52
50.0,tCal,49.52,49.52,49.53
50.0,tCal,49.52,49.52,49.53,49.53
50.0,tCal,49.52,49.52,49.53,49.53,49.53
50.0,tCal,49.52,49.52,49.53,49.53,49.53,49.53
50.0,tCal,49.52,49.52,49.53,49.53,49.53,49.53,49.53
50.0,tCal,49.54
50.0,tCal,49.54,49.53
50.0,tCal,49.54,49.53,49.54
50.0,tCal,49.54,49.53,49.54,49.54
50.0,tCal,49.54,49.53,49.54,49.54,49.54
50.0,tCal,49.54,49.53,49.54,49.54,49.54,49.53
50.0,tCal,49.54,49.53,49.54,49.54,49.54,49.53,49.53
50.0,tCal,49.53
50.0,tCal,49.53,49.54
50.0,tCal,49.53,49.54,49.54
50.0,tCal,49.53,49.54,49.54,49.53
50.0,tCal,49.53,49.54,49.54,49.53,49.54
50.0,tCal,49.53,49.54,49.54,49.53,49.54,49.55
50.0,tCal,49.53,49.54,49.54,49.53,49.54,49.55,49.54
50.0,tCal,49.54
50.0,tCal,49.54,49.55
50.0,tCal,49.54,49.55,49.56
50.0,tCal,49.54,49.55,49.56,49.55
50.0,tCal,49.54,49.55,49.56,49.55,49.55
50.0,tCal,49.54,49.55,49.56,49.55,49.55,49.55
50.0,tCal,49.54,49.55,49.56,49.55,49.55,49.55,49.54
50.0,tCal,49.56
50.0,tCal,49.56,49.55
50.0,tCal,49.56,49.55,49.56
50.0,tCal,49.56,49.55,49.56,49.55
50.0,tCal,49.56,49.55,49.56,49.55,49.56
50.0,tCal,49.56,49.55,49.56,49.55,49.56,49.55
50.0,tCal,49.56,49.55,49.56,49.55,49.56,49.55,49.56
50.0,tCal,49.56
50.0,tCal,49.56,49.57
50.0,tCal,49.56,49.57,49.57
50.0,tCal,49.56,49.57,49.57,49.56
50.0,tCal,49.56,49.57,49.57,49.56,49.56
50.0,tCal,49.56,49.57,49.57,49.56,49.56,49.56
50.0,tCal,49.56,49.57,49.57,49.56,49.56,49.56,49.57
50.0,tCal,49.57
50.0,tCal,49.57,49.56
50.0,tCal,49.57,49.56,49.56
50.0,tCal,49.57,49.56,49.56,49.57
50.0,tCal,49.57,49.56,49.56,49.57,49.57
50.0,tCal,49.57,49.56,49.56,49.57,49.57,49.57
50.0,tCal,49.57,49.56,49.56,49.57,49.57,49.57,49.57
50.0,tCal,49.57
50.0,tCal,49.57,49.58
50.0,tCal,49.57,49.58,49.58
50.0,tCal,49.57,49.58,49.58,49.58
50.0,tCal,49.57,49.58,49.58,49.58,49.58
50.0,tCal,49.57,49.58,49.58,49.58,49.58,49.58
50.0,tCal,49.57,49.58,49.58,49.58,49.58,49.58,49.57
50.0,tCal,49.58
50.0,tCal,49.58,49.58
50.0,tCal,49.58,49.58,49.58
50.0,tCal,49.58,49.58,49.58,49.59
50.0,tCal,49.58,49.58,49.58,49.59,49.59
50.0,tCal,49.58,49.58,49.58,49.59,49.59,49.58
50.0,tCal,49.58,49.58,49.58,49.59,49.59,49.58,49.58
50.0,tCal,49.59
50.0,tCal,49.59,49.59
50.0,tCal,49.59,49.59,49.59
50.0,tCal,49.59,49.59,49.59,49.59
50.0,tCal,49.59,49.59,49.59,49.59,49.6
50.0,tCal,49.59,49.59,49.59,49.59,49.6,49.59
50.0,tCal,49.59,49.59,49.59,49.59,49.6,49.59,49.6
50.0,tCal,49.59
50.0,tCal,49.59,49.59
50.0,tCal,49.59,49.59,49.6
50.0,tCal,49.59,49.59,49.6,49.6
50.0,tCal,49.59,49.59,49.6,49.6,49.6
50.0,tCal,49.59,49.59,49.6,49.6,49.6,49.59
50.0,tCal,49.59,49.59,49.6,49.6,49.6,49.59,49.6
50.0,tCal,49.61
50.0,tCal,49.61,49.6
50.0,tCal,49.61,49.6,49.6
50.0,tCal,49.61,49.6,49.6,49.6
50.0,tCal,49.61,49.6,49.6,49.6,49.61
50.0,tCal,49.61,49.6,49.6,49.6,49.61,49.61
50.0,tCal,49.61,49.6,49.6,49.6,49.61,49.61,49.6
50.0,tCal,49.6
50.0,tCal,49.6,49.6
50.0,tCal,49.6,49.6,49.61
50.0,tCal,49.6,49.6,49.61,49.61
50.0,tCal,49.6,49.6,49.61,49.61,49.6
50.0,tCal,49.6,49.6,49.61,49.61,49.6,49.61
50.0,tCal,49.6,49.6,49.61,49.61,49.6,49.61,49.61
50.0,tCal,49.61
50.0,tCal,49.61,49.61
50.0,tCal,49.61,49.61,49.61
50.0,tCal,49.61,49.61,49.61,49.61
50.0,tCal,49.61,49.61,49.61,49.61,49.61
50.0,tCal,49.61,49.61,49.61,49.61,49.61,49.62
50.0,tCal,49.61,49.61,49.61,49.61,49.61,49.62,49.62
50.0,tCal,49.62
50.0,tCal,49.62,49.62
50.0,tCal,49.62,49.62,49.62
50.0,tCal,49.62,49.62,49.62,49.62
50.0,tCal,49.62,49.62,49.62,49.62,49.62
50.0,tCal,49.62,49.62,49.62,49.62,49.62,49.62
50.0,tCal,49.62,49.62,49.62,49.62,49.62,49.62,49.62
50.0,tCal,49.61
50.0,tCal,49.61,49.62
50.0,tCal,49.61,49.62,49.62
50.0,tCal,49.61,49.62,49.62,49.62
50.0,tCal,49.61,49.62,49.62,49.62,49.62
50.0,tCal,49.61,49.62,49.62,49.62,49.62,49.63
50.0,tCal,49.61,49.62,49.62,49.62,49.62,49.63,49.62
50.0,tCal,49.62
50.0,tCal,49.62,49.63
50.0,tCal,49.62,49.63,49.63
50.0,tCal,49.62,49.63,49.63,49.62
50.0,tCal,49.62,49.63,49.63,49.62,49.63
50.0,tCal,49.62,49.63,49.63,49.62,49.63,49.63
50.0,tCal,49.62,49.63,49.63,49.62,49.63,49.63,49.63
50.0,tCal,49.63
50.0,tCal,49.63,49.64
50.0,tCal,49.63,49.64,49.62
50.0,tCal,49.63,49.64,49.62,49.63
50.0,tCal,49.63,49.64,49.62,49.63,49.63
50.0,tCal,49.63,49.64,49.62,49.63,49.63,49.63
50.0,tCal,49.63,49.64,49.62,49.63,49.63,49.63,49.64
50.0,tCal,49.64
50.0,tCal,49.64,49.64
50.0,tCal,49.64,49.64,49.64
50.0,tCal,49.64,49.64,49.64,49.63
50.0,tCal,49.64,49.64,49.64,49.63,49.63
50.0,tCal,49.64,49.64,49.64,49.63,49.63,49.64
50.0,tCal,49.64,49.64,49.64,49.63,49.63,49.64,49.63
50.0,tCal,49.63
50.0,tCal,49.63,49.64
50.0,tCal,49.63,49.64,49.65
50.0,tCal,49.63,49.64,49.65,49.64
50.0,tCal,49.63,49.64,49.65,49.64,49.64
50.0,tCal,49.63,49.64,49.65,49.64,49.64,49.64
50.0,tCal,49.63,49.64,49.65,49.64,49.64,49.64,49.64
50.0,tCal,49.64
50.0,tCal,49.64,49.64
50.0,tCal,49.64,49.64,49.65
50.0,tCal,49.64,49.64,49.65,49.65
50.0,tCal,49.64,49.64,49.65,49.65,49.65
50.0,tCal,49.64,49.64,49.65,49.65,49.65,49.65
50.0,tCal,49.64,49.64,49.65,49.65,49.65,49.65,49.65
50.0,tCal,49.65
50.0,tCal,49.65,49.66
50.0,tCal,49.65,49.66,49.65
50.0,tCal,49.65,49.66,49.65,49.66
50.0,tCal,49.65,49.66,49.65,49.66,49.64
50.0,tCal,49.65,49.66,49.65,49.66,49.64,49.65
50.0,tCal,49.65,49.66,49.65,49.66,49.64,49.65,49.65
50.0,tCal,49.65
50.0,tCal,49.65,49.66
50.0,tCal,49.65,49.66,49.66
50.0,tCal,49.65,49.66,49.66,49.66
50.0,tCal,49.65,49.66,49.66,49.66,49.66
50.0,tCal,49.65,49.66,49.66,49.66,49.66,49.65
50.0,tCal,49.65,49.66,49.66,49.66,49.66,49.65,49.66
50.0,tCal,49.67
50.0,tCal,49.67,49.66
50.0,tCal,49.67,49.66,49.66
50.0,tCal,49.67,49.66,49.66,49.66
50.0,tCal,49.67,49.66,49.66,49.66,49.66
50.0,tCal,49.67,49.66,49.66,49.66,49.66,49.65
50.0,tCal,49.67,49.66,49.66,49.66,49.66,49.65,49.67
50.0,tCal,49.68
50.0,tCal,49.68,49.67
50.0,tCal,49.68,49.67,49.67
50.0,tCal,49.68,49.67,49.67,49.67
50.0,tCal,49.68,49.67,49.67,49.67,49.67
50.0,tCal,49.68,49.67,49.67,49.67,49.67,49.67
50.0,tCal,49.68,49.67,49.67,49.67,49.67,49.67,49.67
50.0,tCal,49.67
50.0,tCal,49.67,49.66
50.0,tCal,49.67,49.66,49.67
50.0,tCal,49.67,49.66,49.67,49.67
50.0,tCal,49.67,49.66,49.67,49.67,49.67
50.0,tCal,49.67,49.66,49.67,49.67,49.67,49.67
50.0,tCal,49.67,49.66,49.67,49.67,49.67,49.67,49.67
50.0,tCal,49.68
50.0,tCal,49.68,49.68
50.0,tCal,49.68,49.68,49.68
50.0,tCal,49.68,49.68,49.68,49.68
50.0,tCal,49.68,49.68,49.68,49.68,49.67
50.0,tCal,49.68,49.68,49.68,49.68,49.67,49.67
50.0,tCal,49.68,49.68,49.68,49.68,49.67,49.67,49.68
50.0,tCal,49.68
50.0,tCal,49.68,49.68
50.0,tCal,49.68,49.68,49.68
50.0,tCal,49.68,49.68,49.68,49.68
50.0,tCal,49.68,49.68,49.68,49.68,49.68
50.0,tCal,49.68,49.68,49.68,49.68,49.68,49.69
50.0,tCal,49.68,49.68,49.68,49.68,49.68,49.69,49.68
50.0,tCal,49.69
50.0,tCal,49.69,49.68
50.0,tCal,49.69,49.68,49.69
50.0,tCal,49.69,49.68,49.69,49.69
50.0,tCal,49.69,49.68,49.69,49.69,49.69
50.0,tCal,49.69,49.68,49.69,49.69,49.69,49.69
50.0,tCal,49.69,49.68,49.69,49.69,49.69,49.69,49.69
50.0,tCal,49.69
50.0,tCal,49.69,49.7
50.0,tCal,49.69,49.7,49.7
50.0,tCal,49.69,49.7,49.7,49.69
50.0,tCal,49.69,49.7,49.7,49.69,49.69
50.0,tCal,49.69,49.7,49.7,49.69,49.69,49.69
50.0,tCal,49.69,49.7,49.7,49.69,49.69,49.69,49.7
50.0,tCal,49.69
50.0,tCal,49.69,49.69
50.0,tCal,49.69,49.69,49.69
50.0,tCal,49.69,49.69,49.69,49.7
50.0,tCal,49.69,49.69,49.69,49.7,49.7
50.0,tCal,49.69,49.69,49.69,49.7,49.7,49.7
50.0,tCal,49.69,49.69,49.69,49.7,49.7,49.7,49.69
50.0,tCal,49.7
50.0,tCal,49.7,49.7
50.0,tCal,49.7,49.7,49.7
50.0,tCal,49.7,49.7,49.7,49.7
50.0,tCal,49.7,49.7,49.7,49.7,49.7
50.0,tCal,49.7,49.7,49.7,49.7,49.7,49.71
50.0,tCal,49.7,49.7,49.7,49.7,49.7,49.71,49.7
50.0,tCal,49.7
50.0,tCal,49.7,49.71
50.0,tCal,49.7,49.71,49.71
50.0,tCal,49.7,49.71,49.71,49.71
50.0,tCal,49.7,49.71,49.71,49.71,49.7
50.0,tCal,49.7,49.71,49.71,49.71,49.7,49.71
50.0,tCal,49.7,49.71,49.71,49.71,49.7,49.71,49.71
50.0,tCal,49.71
50.0,tCal,49.71,49.71
50.0,tCal,49.71,49.71,49.71
50.0,tCal,49.71,49.71,49.71,49.7
50.0,tCal,49.71,49.71,49.71,49.7,49.7
50.0,tCal,49.71,49.71,49.71,49.7,49.7,49.71
50.0,tCal,49.71,49.71,49.71,49.7,49.7,49.71,49.7
50.0,tCal,49.71
50.0,tCal,49.71,49.71
50.0,tCal,49.71,49.71,49.71
50.0,tCal,49.71,49.71,49.71,49.7
50.0,tCal,49.71,49.71,49.71,49.7,49.71
50.0,tCal,49.71,49.71,49.71,49.7,49.71,49.71
50.0,tCal,49.71,49.71,49.71,49.7,49.71,49.71,49.71
50.0,tCal,49.71
50.0,tCal,49.71,49.71
50.0,tCal,49.71,49.71,49.71
50.0,tCal,49.71,49.71,49.71,49.71
50.0,tCal,49.71,49.71,49.71,49.71,49.71
50.0,tCal,49.71,49.71,49.71,49.71,49.71,49.72
50.0,tCal,49.71,49.71,49.71,49.71,49.71,49.72,49.72
50.0,tCal,49.71
50.0,tCal,49.71,49.72
50.0,tCal,49.71,49.72,49.72
50.0,tCal,49.71,49.72,49.72,49.72
50.0,tCal,49.71,49.72,49.72,49.72,49.72
50.0,tCal,49.71,49.72,49.72,49.72,49.72,49.72
50.0,tCal,49.71,49.72,49.72,49.72,49.72,49.72,49.72
50.0,tCal,49.72
50.0,tCal,49.72,49.72
50.0,tCal,49.72,49.72,49.73
50.0,tCal,49.72,49.72,49.73,49.73
50.0,tCal,49.72,49.72,49.73,49.73,49.72
50.0,tCal,49.72,49.72,49.73,49.73,49.72,49.73
50.0,tCal,49.72,49.72,49.73,49.73,49.72,49.73,49.72
50.0,tCal,49.72
50.0,tCal,49.72,49.71
50.0,tCal,49.72,49.71,49.72
50.0,tCal,49.72,49.71,49.72,49.72
50.0,tCal,49.72,49.71,49.72,49.72,49.72
50.0,tCal,49.72,49.71,49.72,49.72,49.72,49.72
50.0,tCal,49.72,49.71,49.72,49.72,49.72,49.72,49.72
50.0,tCal,49.72
50.0,tCal,49.72,49.72
50.0,tCal,49.72,49.72,49.72
50.0,tCal,49.72,49.72,49.72,49.72
50.0,tCal,49.72,49.72,49.72,49.72,49.73
50.0,tCal,49.72,49.72,49.72,49.72,49.73,49.72
50.0,tCal,49.72,49.72,49.72,49.72,49.73,49.72,49.72
50.0,tCal,49.73
50.0,tCal,49.73,49.72
50.0,tCal,49.73,49.72,49.72
50.0,tCal,49.73,49.72,49.72,49.72
50.0,tCal,49.73,49.72,49.72,49.72,49.73
50.0,tCal,49.73,49.72,49.72,49.72,49.73,49.72
50.0,tCal,49.73,49.72,49.72,49.72,49.73,49.72,49.73
50.0,tCal,49.73
50.0,tCal,49.73,49.73
50.0,tCal,49.73,49.73,49.73
50.0,tCal,49.73,49.73,49.73,49.73
50.0,tCal,49.73,49.73,49.73,49.73,49.73
50.0,tCal,49.73,49.73,49.73,49.73,49.73,49.73
50.0,tCal,49.73,49.73,49.73,49.73,49.73,49.73,49.73
50.0,tCal,49.73
50.0,tCal,49.73,49.73
50.0,tCal,49.73,49.73,49.72
50.0,tCal,49.73,49.73,49.72,49.73
50.0,tCal,49.73,49.73,49.72,49.73,49.74
50.0,tCal,49.73,49.73,49.72,49.73,49.74,49.73
50.0,tCal,49.73,49.73,49.72,49.73,49.74,49.73,49.73
50.0,tCal,49.73
50.0,tCal,49.73,49.73
50.0,tCal,49.73,49.73,49.72
50.0,tCal,49.73,49.73,49.72,49.72
50.0,tCal,49.73,49.73,49.72,49.72,49.73
50.0,tCal,49.73,49.73,49.72,49.72,49.73,49.73
50.0,tCal,49.73,49.73,49.72,49.72,49.73,49.73,49.73
50.0,tCal,49.74
50.0,tCal,49.74,49.73
50.0,tCal,49.74,49.73,49.74
50.0,tCal,49.74,49.73,49.74,49.74
50.0,tCal,49.74,49.73,49.74,49.74,49.74
50.0,tCal,49.74,49.73,49.74,49.74,49.74,49.73
50.0,tCal,49.74,49.73,49.74,49.74,49.74,49.73,49.74
50.0,tCal,49.75
50.0,tCal,49.75,49.74
50.0,tCal,49.75,49.74,49.74
50.0,tCal,49.75,49.74,49.74,49.74
50.0,tCal,49.75,49.74,49.74,49.74,49.74
50.0,tCal,49.75,49.74,49.74,49.74,49.74,49.75
50.0,tCal,49.75,49.74,49.74,49.74,49.74,49.75,49.74
50.0,tCal,49.73
50.0,tCal,49.73,49.74
50.0,tCal,49.73,49.74,49.75
50.0,tCal,49.73,49.74,49.75,49.75
50.0,tCal,49.73,49.74,49.75,49.75,49.74
50.0,tCal,49.73,49.74,49.75,49.75,49.74,49.75
50.0,tCal,49.73,49.74,49.75,49.75,49.74,49.75,49.75
50.0,tCal,49.74
50.0,tCal,49.74,49.75
50.0,tCal,49.74,49.75,49.75
50.0,tCal,49.74,49.75,49.75,49.75
50.0,tCal,49.74,49.75,49.75,49.75,49.74
50.0,tCal,49.74,49.75,49.75,49.75,49.74,49.74
50.0,tCal,49.74,49.75,49.75,49.75,49.74,49.74,49.75
50.0,tCal,49.75
50.0,tCal,49.75,49.76
50.0,tCal,49.75,49.76,49.76
50.0,tCal,49.75,49.76,49.76,49.75
50.0,tCal,49.75,49.76,49.76,49.75,49.75
50.0,tCal,49.75,49.76,49.76,49.75,49.75,49.76
50.0,tCal,49.75,49.76,49.76,49.75,49.75,49.76,49.75
50.0,tCal,49.76
50.0,tCal,49.76,49.76
50.0,tCal,49.76,49.76,49.75
50.0,tCal,49.76,49.76,49.75,49.76
50.0,tCal,49.76,49.76,49.75,49.76,49.76
50.0,tCal,49.76,49.76,49.75,49.76,49.76,49.76
50.0,tCal,49.76,49.76,49.75,49.76,49.76,49.76,49.76
50.0,tCal,49.75
50.0,tCal,49.75,49.76
50.0,tCal,49.75,49.76,49.76
50.0,tCal,49.75,49.76,49.76,49.76
50.0,tCal,49.75,49.76,49.76,49.76,49.76
50.0,tCal,49.75,49.76,49.76,49.76,49.76,49.77
50.0,tCal,49.75,49.76,49.76,49.76,49.76,49.77,49.75
50.0,tCal,49.74
50.0,tCal,49.74,49.75
50.0,tCal,49.74,49.75,49.76
50.0,tCal,49.74,49.75,49.76,49.75
50.0,tCal,49.74,49.75,49.76,49.75,49.75
50.0,tCal,49.74,49.75,49.76,49.75,49.75,49.76
50.0,tCal,49.74,49.75,49.76,49.75,49.75,49.76,49.75
50.0,tCal,49.75
50.0,tCal,49.75,49.76
50.0,tCal,49.75,49.76,49.76
50.0,tCal,49.75,49.76,49.76,49.76
50.0,tCal,49.75,49.76,49.76,49.76,49.76
50.0,tCal,49.75,49.76,49.76,49.76,49.76,49.75
50.0,tCal,49.75,49.76,49.76,49.76,49.76,49.75,49.77
50.0,tCal,49.76
50.0,tCal,49.76,49.77
50.0,tCal,49.76,49.77,49.77
50.0,tCal,49.76,49.77,49.77,49.76
50.0,tCal,49.76,49.77,49.77,49.76,49.76
50.0,tCal,49.76,49.77,49.77,49.76,49.76,49.77
50.0,tCal,49.76,49.77,49.77,49.76,49.76,49.77,49.76
50.0,tCal,49.76
50.0,tCal,49.76,49.76
50.0,tCal,49.76,49.76,49.76
50.0,tCal,49.76,49.76,49.76,49.76
50.0,tCal,49.76,49.76,49.76,49.76,49.77
50.0,tCal,49.76,49.76,49.76,49.76,49.77,49.77
50.0,tCal,49.76,49.76,49.76,49.76,49.77,49.77,49.76
50.0,tCal,49.76
50.0,tCal,49.76,49.76
50.0,tCal,49.76,49.76,49.77
50.0,tCal,49.76,49.76,49.77,49.77
50.0,tCal,49.76,49.76,49.77,49.77,49.76
50.0,tCal,49.76,49.76,49.77,49.77,49.76,49.77
50.0,tCal,49.76,49.76,49.77,49.77,49.76,49.77,49.77
50.0,tCal,49.77
50.0,tCal,49.77,49.77
50.0,tCal,49.77,49.77,49.77
50.0,tCal,49.77,49.77,49.77,49.77
50.0,tCal,49.77,49.77,49.77,49.77,49.77
50.0,tCal,49.77,49.77,49.77,49.77,49.77,49.76
50.0,tCal,49.77,49.77,49.77,49.77,49.77,49.76,49.77
50.0,tCal,49.77
50.0,tCal,49.77,49.77
50.0,tCal,49.77,49.77,49.76
50.0,tCal,49.77,49.77,49.76,49.78
50.0,tCal,49.77,49.77,49.76,49.78,49.77
50.0,tCal,49.77,49.77,49.76,49.78,49.77,49.77
50.0,tCal,49.77,49.77,49.76,49.78,49.77,49.77,49.77
50.0,tCal,49.77
50.0,tCal,49.77,49.77
50.0,tCal,49.77,49.77,49.77
50.0,tCal,49.77,49.77,49.77,49.77
50.0,tCal,49.77,49.77,49.77,49.77,49.78
50.0,tCal,49.77,49.77,49.77,49.77,49.78,49.77
50.0,tCal,49.77,49.77,49.77,49.77,49.78,49.77,49.77
50.0,tCal,49.77
50.0,tCal,49.77,49.77
50.0,tCal,49.77,49.77,49.77
50.0,tCal,49.77,49.77,49.77,49.78
50.0,tCal,49.77,49.77,49.77,49.78,49.76
50.0,tCal,49.77,49.77,49.77,49.78,49.76,49.78
50.0,tCal,49.77,49.77,49.77,49.78,49.76,49.78,49.77
50.0,tCal,49.77
50.0,tCal,49.77,49.77
50.0,tCal,49.77,49.77,49.77
50.0,tCal,49.77,49.77,49.77,49.77
50.0,tCal,49.77,49.77,49.77,49.77,49.77
50.0,tCal,49.77,49.77,49.77,49.77,49.77,49.78
50.0,tCal,49.77,49.77,49.77,49.77,49.77,49.78,49.77
50.0,tCal,49.78
50.0,tCal,49.78,49.77
50.0,tCal,49.78,49.77,49.77
50.0,tCal,49.78,49.77,49.77,49.77
50.0,tCal,49.78,49.77,49.77,49.77,49.77
50.0,tCal,49.78,49.77,49.77,49.77,49.77,49.78
50.0,tCal,49.78,49.77,49.77,49.77,49.77,49.78,49.77
50.0,tCal,49.78
50.0,tCal,49.78,49.78
50.0,tCal,49.78,49.78,49.78
50.0,tCal,49.78,49.78,49.78,49.77
50.0,tCal,49.78,49.78,49.78,49.77,49.77
50.0,tCal,49.78,49.78,49.78,49.77,49.77,49.78
50.0,tCal,49.78,49.78,49.78,49.77,49.77,49.78,49.77
50.0,tCal,49.78
50.0,tCal,49.78,49.78
50.0,tCal,49.78,49.78,49.78
50.0,tCal,49.78,49.78,49.78,49.78
50.0,tCal,49.78,49.78,49.78,49.78,49.79
50.0,tCal,49.78,49.78,49.78,49.78,49.79,49.79
50.0,tCal,49.78,49.78,49.78,49.78,49.79,49.79,49.77
50.0,tCal,49.78
50.0,tCal,49.78,49.78
50.0,tCal,49.78,49.78,49.78
50.0,tCal,49.78,49.78,49.78,49.79
50.0,tCal,49.78,49.78,49.78,49.79,49.77
50.0,tCal,49.78,49.78,49.78,49.79,49.77,49.79
50.0,tCal,49.78,49.78,49.78,49.79,49.77,49.79,49.78
50.0,tCal,49.79
50.0,tCal,49.79,49.78
50.0,tCal,49.79,49.78,49.78
50.0,tCal,49.79,49.78,49.78,49.79
50.0,tCal,49.79,49.78,49.78,49.79,49.79
50.0,tCal,49.79,49.78,49.78,49.79,49.79,49.79
50.0,tCal,49.79,49.78,49.78,49.79,49.79,49.79,49.79
50.0,tCal,49.79
50.0,tCal,49.79,49.78
50.0,tCal,49.79,49.78,49.79
50.0,tCal,49.79,49.78,49.79,49.8
50.0,tCal,49.79,49.78,49.79,49.8,49.78
50.0,tCal,49.79,49.78,49.79,49.8,49.78,49.79
50.0,tCal,49.79,49.78,49.79,49.8,49.78,49.79,49.79
50.0,tCal,49.79
50.0,tCal,49.79,49.79
50.0,tCal,49.79,49.79,49.79
50.0,tCal,49.79,49.79,49.79,49.79
50.0,tCal,49.79,49.79,49.79,49.79,49.8
50.0,tCal,49.79,49.79,49.79,49.79,49.8,49.79
50.0,tCal,49.79,49.79,49.79,49.79,49.8,49.79,49.79
50.0,tCal,49.79
50.0,tCal,49.79,49.79
50.0,tCal,49.79,49.79,49.79
50.0,tCal,49.79,49.79,49.79,49.8
50.0,tCal,49.79,49.79,49.79,49.8,49.8
50.0,tCal,49.79,49.79,49.79,49.8,49.8,49.79
50.0,tCal,49.79,49.79,49.79,49.8,49.8,49.79,49.8
50.0,tCal,49.79
50.0,tCal,49.79,49.79
50.0,tCal,49.79,49.79,49.79
50.0,tCal,49.79,49.79,49.79,49.8
50.0,tCal,49.79,49.79,49.79,49.8,49.79
50.0,tCal,49.79,49.79,49.79,49.8,49.79,49.79
50.0,tCal,49.79,49.79,49.79,49.8,49.79,49.79,49.8
50.0,tCal,49.79
50.0,tCal,49.79,49.8
50.0,tCal,49.79,49.8,49.8
50.0,tCal,49.79,49.8,49.8,49.8
50.0,tCal,49.79,49.8,49.8,49.8,49.8
50.0,tCal,49.79,49.8,49.8,49.8,49.8,49.79
50.0,tCal,49.79,49.8,49.8,49.8,49.8,49.79,49.8
50.0,tCal,49.79
50.0,tCal,49.79,49.8
50.0,tCal,49.79,49.8,49.8
50.0,tCal,49.79,49.8,49.8,49.8
50.0,tCal,49.79,49.8,49.8,49.8,49.8
50.0,tCal,49.79,49.8,49.8,49.8,49.8,49.8
50.0,tCal,49.79,49.8,49.8,49.8,49.8,49.8,49.8
50.0,tCal,49.79
50.0,tCal,49.79,49.8
50.0,tCal,49.79,49.8,49.8
50.0,tCal,49.79,49.8,49.8,49.8
50.0,tCal,49.79,49.8,49.8,49.8,49.81
50.0,tCal,49.79,49.8,49.8,49.8,49.81,49.81
50.0,tCal,49.79,49.8,49.8,49.8,49.81,49.81,49.8
50.0,tCal,49.8
50.0,tCal,49.8,49.79
50.0,tCal,49.8,49.79,49.8
50.0,tCal,49.8,49.79,49.8,49.81
50.0,tCal,49.8,49.79,49.8,49.81,49.81
50.0,tCal,49.8,49.79,49.8,49.81,49.81,49.8
50.0,tCal,49.8,49.79,49.8,49.81,49.81,49.8,49.8
50.0,tCal,49.8
50.0,tCal,49.8,49.8
50.0,tCal,49.8,49.8,49.81
50.0,tCal,49.8,49.8,49.81,49.81
50.0,tCal,49.8,49.8,49.81,49.81,49.81
50.0,tCal,49.8,49.8,49.81,49.81,49.81,49.81
50.0,tCal,49.8,49.8,49.81,49.81,49.81,49.81,49.81
50.0,tCal,49.81
50.0,tCal,49.81,49.8
50.0,tCal,49.81,49.8,49.82
50.0,tCal,49.81,49.8,49.82,49.81
50.0,tCal,49.81,49.8,49.82,49.81,49.81
50.0,tCal,49.81,49.8,49.82,49.81,49.81,49.81
50.0,tCal,49.81,49.8,49.82,49.81,49.81,49.81,49.81
50.0,tCal,49.81
50.0,tCal,49.81,49.82
50.0,tCal,49.81,49.82,49.81
50.0,tCal,49.81,49.82,49.81,49.81
50.0,tCal,49.81,49.82,49.81,49.81,49.81
50.0,tCal,49.81,49.82,49.81,49.81,49.81,49.81
50.0,tCal,49.81,49.82,49.81,49.81,49.81,49.81,49.81
50.0,tCal,49.81
50.0,tCal,49.81,49.81
50.0,tCal,49.81,49.81,49.82
50.0,tCal,49.81,49.81,49.82,49.81
50.0,tCal,49.81,49.81,49.82,49.81,49.81
50.0,tCal,49.81,49.81,49.82,49.81,49.81,49.82
50.0,tCal,49.81,49.81,49.82,49.81,49.81,49.82,49.81
50.0,tCal,49.81
50.0,tCal,49.81,49.81
50.0,tCal,49.81,49.81,49.81
50.0,tCal,49.81,49.81,49.81,49.81
50.0,tCal,49.81,49.81,49.81,49.81,49.82
50.0,tCal,49.81,49.81,49.81,49.81,49.82,49.81
50.0,tCal,49.81,49.81,49.81,49.81,49.82,49.81,49.81
50.0,tCal,49.82
50.0,tCal,49.82,49.81
50.0,tCal,49.82,49.81,49.81
50.0,tCal,49.82,49.81,49.81,49.81
50.0,tCal,49.82,49.81,49.81,49.81,49.82
50.0,tCal,49.82,49.81,49.81,49.81,49.82,49.81
50.0,tCal,49.82,49.81,49.81,49.81,49.82,49.81,49.81
50.0,tCal,49.81
50.0,tCal,49.81,49.82
50.0,tCal,49.81,49.82,49.82
50.0,tCal,49.81,49.82,49.82,49.81
50.0,tCal,49.81,49.82,49.82,49.81,49.81
50.0,tCal,49.81,49.82,49.82,49.81,49.81,49.81
50.0,tCal,49.81,49.82,49.82,49.81,49.81,49.81,49.82
50.0,tCal,49.81
50.0,tCal,49.81,49.82
50.0,tCal,49.81,49.82,49.82
50.0,tCal,49.81,49.82,49.82,49.82
50.0,tCal,49.81,49.82,49.82,49.82,49.81
50.0,tCal,49.81,49.82,49.82,49.82,49.81,49.82
50.0,tCal,49.81,49.82,49.82,49.82,49.81,49.82,49.81
50.0,tCal,49.81
50.0,tCal,49.81,49.81
50.0,tCal,49.81,49.81,49.81
50.0,tCal,49.81,49.81,49.81,49.81
50.0,tCal,49.81,49.81,49.81,49.81,49.81
50.0,tCal,49.81,49.81,49.81,49.81,49.81,49.81
50.0,tCal,49.81,49.81,49.81,49.81,49.81,49.81,49.81
50.0,tCal,49.82
50.0,tCal,49.82,49.81
50.0,tCal,49.82,49.81,49.83
50.0,tCal,49.82,49.81,49.83,49.82
50.0,tCal,49.82,49.81,49.83,49.82,49.82
50.0,tCal,49.82,49.81,49.83,49.82,49.82,49.82
50.0,tCal,49.82,49.81,49.83,49.82,49.82,49.82,49.83
50.0,tCal,49.82
50.0,tCal,49.82,49.81
50.0,tCal,49.82,49.81,49.82
50.0,tCal,49.82,49.81,49.82,49.82
50.0,tCal,49.82,49.81,49.82,49.82,49.82
50.0,tCal,49.82,49.81,49.82,49.82,49.82,49.82
50.0,tCal,49.82,49.81,49.82,49.82,49.82,49.82,49.81
50.0,tCal,49.83
50.0,tCal,49.83,49.82
50.0,tCal,49.83,49.82,49.82
50.0,tCal,49.83,49.82,49.82,49.82
50.0,tCal,49.83,49.82,49.82,49.82,49.82
50.0,tCal,49.83,49.82,49.82,49.82,49.82,49.82
50.0,tCal,49.83,49.82,49.82,49.82,49.82,49.82,49.82
50.0,tCal,49.82
50.0,tCal,49.82,49.82
50.0,tCal,49.82,49.82,49.83
50.0,tCal,49.82,49.82,49.83,49.82
50.0,tCal,49.82,49.82,49.83,49.82,49.82
50.0,tCal,49.82,49.82,49.83,49.82,49.82,49.82
50.0,tCal,49.82,49.82,49.83,49.82,49.82,49.82,49.82
50.0,tCal,49.83
50.0,tCal,49.83,49.82
50.0,tCal,49.83,49.82,49.83
50.0,tCal,49.83,49.82,49.83,49.82
50.0,tCal,49.83,49.82,49.83,49.82,49.82
50.0,tCal,49.83,49.82,49.83,49.82,49.82,49.82
50.0,tCal,49.83,49.82,49.83,49.82,49.82,49.82,49.82
50.0,tCal,49.82
50.0,tCal,49.82,49.83
50.0,tCal,49.82,49.83,49.82
50.0,tCal,49.82,49.83,49.82,49.82
50.0,tCal,49.82,49.83,49.82,49.82,49.82
50.0,tCal,49.82,49.83,49.82,49.82,49.82,49.83
50.0,tCal,49.82,49.83,49.82,49.82,49.82,49.83,49.83
50.0,tCal,49.83
50.0,tCal,49.83,49.83
50.0,tCal,49.83,49.83,49.82
50.0,tCal,49.83,49.83,49.82,49.83
50.0,tCal,49.83,49.83,49.82,49.83,49.83
50.0,tCal,49.83,49.83,49.82,49.83,49.83,49.83
50.0,tCal,49.83,49.83,49.82,49.83,49.83,49.83,49.83
50.0,tCal,49.83
50.0,tCal,49.83,49.82
50.0,tCal,49.83,49.82,49.82
50.0,tCal,49.83,49.82,49.82,49.83
50.0,tCal,49.83,49.82,49.82,49.83,49.83
50.0,tCal,49.83,49.82,49.82,49.83,49.83,49.83
50.0,tCal,49.83,49.82,49.82,49.83,49.83,49.83,49.82
50.0,tCal,49.83
50.0,tCal,49.83,49.82
50.0,tCal,49.83,49.82,49.83
50.0,tCal,49.83,49.82,49.83,49.83
50.0,tCal,49.83,49.82,49.83,49.83,49.83
50.0,tCal,49.83,49.82,49.83,49.83,49.83,49.83
50.0,tCal,49.83,49.82,49.83,49.83,49.83,49.83,49.83
50.0,tCal,49.83
50.0,tCal,49.83,49.82
50.0,tCal,49.83,49.82,49.83
50.0,tCal,49.83,49.82,49.83,49.82
50.0,tCal,49.83,49.82,49.83,49.82,49.83
50.0,tCal,49.83,49.82,49.83,49.82,49.83,49.83
50.0,tCal,49.83,49.82,49.83,49.82,49.83,49.83,49.82
50.0,tCal,49.83
50.0,tCal,49.83,49.82
50.0,tCal,49.83,49.82,49.83
50.0,tCal,49.83,49.82,49.83,49.83
50.0,tCal,49.83,49.82,49.83,49.83,49.83
50.0,tCal,49.83,49.82,49.83,49.83,49.83,49.82
50.0,tCal,49.83,49.82,49.83,49.83,49.83,49.82,49.82
50.0,tCal,49.83
50.0,tCal,49.83,49.83
50.0,tCal,49.83,49.83,49.83
50.0,tCal,49.83,49.83,49.83,49.83
50.0,tCal,49.83,49.83,49.83,49.83,49.82
50.0,tCal,49.83,49.83,49.83,49.83,49.82,49.83
50.0,tCal,49.83,49.83,49.83,49.83,49.82,49.83,49.83
50.0,tCal,49.82
50.0,tCal,49.82,49.82
50.0,tCal,49.82,49.82,49.83
50.0,tCal,49.82,49.82,49.83,49.82
50.0,tCal,49.82,49.82,49.83,49.82,49.83
50.0,tCal,49.82,49.82,49.83,49.82,49.83,49.83
50.0,tCal,49.82,49.82,49.83,49.82,49.83,49.83,49.83
50.0,tCal,49.83
50.0,tCal,49.83,49.83
50.0,tCal,49.83,49.83,49.82
50.0,tCal,49.83,49.83,49.82,49.83
50.0,tCal,49.83,49.83,49.82,49.83,49.83
50.0,tCal,49.83,49.83,49.82,49.83,49.83,49.83
50.0,tCal,49.83,49.83,49.82,49.83,49.83,49.83,49.83
50.0,tCal,49.84
50.0,tCal,49.84,49.84
50.0,tCal,49.84,49.84,49.84
50.0,tCal,49.84,49.84,49.84,49.83
50.0,tCal,49.84,49.84,49.84,49.83,49.84
50.0,tCal,49.84,49.84,49.84,49.83,49.84,49.83
50.0,tCal,49.84,49.84,49.84,49.83,49.84,49.83,49.83
50.0,tCal,49.83
50.0,tCal,49.83,49.84
50.0,tCal,49.83,49.84,49.83
50.0,tCal,49.83,49.84,49.83,49.83
50.0,tCal,49.83,49.84,49.83,49.83,49.84
50.0,tCal,49.83,49.84,49.83,49.83,49.84,49.83
50.0,tCal,49.83,49.84,49.83,49.83,49.84,49.83,49.83
50.0,tCal,49.83
50.0,tCal,49.83,49.83
50.0,tCal,49.83,49.83,49.83
50.0,tCal,49.83,49.83,49.83,49.83
50.0,tCal,49.83,49.83,49.83,49.83,49.83
50.0,tCal,49.83,49.83,49.83,49.83,49.83,49.83
50.0,tCal,49.83,49.83,49.83,49.83,49.83,49.83,49.83
50.0,tCal,49.84
50.0,tCal,49.84,49.84
50.0,tCal,49.84,49.84,49.84
50.0,tCal,49.84,49.84,49.84,49.82
50.0,tCal,49.84,49.84,49.84,49.82,49.83
50.0,tCal,49.84,49.84,49.84,49.82,49.83,49.83
50.0,tCal,49.84,49.84,49.84,49.82,49.83,49.83,49.82
50.0,tCal,49.83
50.0,tCal,49.83,49.84
50.0,tCal,49.83,49.84,49.84
50.0,tCal,49.83,49.84,49.84,49.83
50.0,tCal,49.83,49.84,49.84,49.83,49.84
50.0,tCal,49.83,49.84,49.84,49.83,49.84,49.83
50.0,tCal,49.83,49.84,49.84,49.83,49.84,49.83,49.84
50.0,tCal,49.83
50.0,tCal,49.83,49.84
50.0,tCal,49.83,49.84,49.84
50.0,tCal,49.83,49.84,49.84,49.83
50.0,tCal,49.83,49.84,49.84,49.83,49.83
50.0,tCal,49.83,49.84,49.84,49.83,49.83,49.83
50.0,tCal,49.83,49.84,49.84,49.83,49.83,49.83,49.83
50.0,tCal,49.83
50.0,tCal,49.83,49.83
50.0,tCal,49.83,49.83,49.84
50.0,tCal,49.83,49.83,49.84,49.84
50.0,tCal,49.83,49.83,49.84,49.84,49.83
50.0,tCal,49.83,49.83,49.84,49.84,49.83,49.83
50.0,tCal,49.83,49.83,49.84,49.84,49.83,49.83,49.84
50.0,tCal,49.83
50.0,tCal,49.83,49.83
50.0,tCal,49.83,49.83,49.84
50.0,tCal,49.83,49.83,49.84,49.83
50.0,tCal,49.83,49.83,49.84,49.83,49.84
50.0,tCal,49.83,49.83,49.84,49.83,49.84,49.83
50.0,tCal,49.83,49.83,49.84,49.83,49.84,49.83,49.84
50.0,tCal,49.83
50.0,tCal,49.83,49.83
50.0,tCal,49.83,49.83,49.84
50.0,tCal,49.83,49.83,49.84,49.84
50.0,tCal,49.83,49.83,49.84,49.84,49.84
50.0,tCal,49.83,49.83,49.84,49.84,49.84,49.83
50.0,tCal,49.83,49.83,49.84,49.84,49.84,49.83,49.84
50.0,tCal,49.83
50.0,tCal,49.83,49.84
50.0,tCal,49.83,49.84,49.83
50.0,tCal,49.83,49.84,49.83,49.84
50.0,tCal,49.83,49.84,49.83,49.84,49.84
50.0,tCal,49.83,49.84,49.83,49.84,49.84,49.84
50.0,tCal,49.83,49.84,49.83,49.84,49.84,49.84,49.84
50.0,tCal,49.83
50.0,tCal,49.83,49.83
50.0,tCal,49.83,49.83,49.84
50.0,tCal,49.83,49.83,49.84,49.83
50.0,tCal,49.83,49.83,49.84,49.83,49.83
50.0,tCal,49.83,49.83,49.84,49.83,49.83,49.84
50.0,tCal,49.83,49.83,49.84,49.83,49.83,49.84,49.83
50.0,tCal,49.84
50.0,tCal,49.84,49.84
50.0,tCal,49.84,49.84,49.84
50.0,tCal,49.84,49.84,49.84,49.83
50.0,tCal,49.84,49.84,49.84,49.83,49.83
50.0,tCal,49.84,49.84,49.84,49.83,49.83,49.83
50.0,tCal,49.84,49.84,49.84,49.83,49.83,49.83,49.84
50.0,tCal,49.83
50.0,tCal,49.83,49.83
50.0,tCal,49.83,49.83,49.84
50.0,tCal,49.83,49.83,49.84,49.84
50.0,tCal,49.83,49.83,49.84,49.84,49.83
50.0,tCal,49.83,49.83,49.84,49.84,49.83,49.84
50.0,tCal,49.83,49.83,49.84,49.84,49.83,49.84,49.83
50.0,tCal,49.84
50.0,tCal,49.84,49.84
50.0,tCal,49.84,49.84,49.84
50.0,tCal,49.84,49.84,49.84,49.83
50.0,tCal,49.84,49.84,49.84,49.83,49.83
50.0,tCal,49.84,49.84,49.84,49.83,49.83,49.83
50.0,tCal,49.84,49.84,49.84,49.83,49.83,49.83,49.84
50.0,tCal,49.83
50.0,tCal,49.83,49.84
50.0,tCal,49.83,49.84,49.84
50.0,tCal,49.83,49.84,49.84,49.84
50.0,tCal,49.83,49.84,49.84,49.84,49.84
50.0,tCal,49.83,49.84,49.84,49.84,49.84,49.84
50.0,tCal,49.83,49.84,49.84,49.84,49.84,49.84,49.84
50.0,tCal,49.83
50.0,tCal,49.83,49.83
50.0,tCal,49.83,49.83,49.84
50.0,tCal,49.83,49.83,49.84,49.83
50.0,tCal,49.83,49.83,49.84,49.83,49.84
50.0,tCal,49.83,49.83,49.84,49.83,49.84,49.83
50.0,tCal,49.83,49.83,49.84,49.83,49.84,49.83,49.84
50.0,tCal,49.83
50.0,tCal,49.83,49.84
50.0,tCal,49.83,49.84,49.83
50.0,tCal,49.83,49.84,49.83,49.83
50.0,tCal,49.83,49.84,49.83,49.83,49.84
50.0,tCal,49.83,49.84,49.83,49.83,49.84,49.84
50.0,tCal,49.83,49.84,49.83,49.83,49.84,49.84,49.83
50.0,tCal,49.84
50.0,tCal,49.84,49.83
50.0,tCal,49.84,49.83,49.83
50.0,tCal,49.84,49.83,49.83,49.84
50.0,tCal,49.84,49.83,49.83,49.84,49.84
50.0,tCal,49.84,49.83,49.83,49.84,49.84,49.84
50.0,tCal,49.84,49.83,49.83,49.84,49.84,49.84,49.84
50.0,tCal,49.83
50.0,tCal,49.83,49.83
50.0,tCal,49.83,49.83,49.84
50.0,tCal,49.83,49.83,49.84,49.84
50.0,tCal,49.83,49.83,49.84,49.84,49.85
50.0,tCal,49.83,49.83,49.84,49.84,49.85,49.84
50.0,tCal,49.83,49.83,49.84,49.84,49.85,49.84,49.83
50.0,tCal,49.83
50.0,tCal,49.83,49.84
50.0,tCal,49.83,49.84,49.84
50.0,tCal,49.83,49.84,49.84,49.84
50.0,tCal,49.83,49.84,49.84,49.84,49.83
50.0,tCal,49.83,49.84,49.84,49.84,49.83,49.84
50.0,tCal,49.83,49.84,49.84,49.84,49.83,49.84,49.83
50.0,tCal,49.84
50.0,tCal,49.84,49.83
50.0,tCal,49.84,49.83,49.83
50.0,tCal,49.84,49.83,49.83,49.84
50.0,tCal,49.84,49.83,49.83,49.84,49.84
50.0,tCal,49.84,49.83,49.83,49.84,49.84,49.84
50.0,tCal,49.84,49.83,49.83,49.84,49.84,49.84,49.84
50.0,tCal,49.84
50.0,tCal,49.84,49.84
50.0,tCal,49.84,49.84,49.84
50.0,tCal,49.84,49.84,49.84,49.84
50.0,tCal,49.84,49.84,49.84,49.84,49.84
50.0,tCal,49.84,49.84,49.84,49.84,49.84,49.84
50.0,tCal,49.84,49.84,49.84,49.84,49.84,49.84,49.84
50.0,tCal,49.83
50.0,tCal,49.83,49.84
50.0,tCal,49.83,49.84,49.83
50.0,tCal,49.83,49.84,49.83,49.84
50.0,tCal,49.83,49.84,49.83,49.84,49.84
50.0,tCal,49.83,49.84,49.83,49.84,49.84,49.84
50.0,tCal,49.83,49.84,49.83,49.84,49.84,49.84,49.84
50.0,tCal,49.84
50.0,tCal,49.84,49.84
50.0,tCal,49.84,49.84,49.84
50.0,tCal,49.84,49.84,49.84,49.83
50.0,tCal,49.84,49.84,49.84,49.83,49.83
50.0,tCal,49.84,49.84,49.84,49.83,49.83,49.84
50.0,tCal,49.84,49.84,49.84,49.83,49.83,49.84,49.83
50.0,tCal,49.83
50.0,tCal,49.83,49.83
50.0,tCal,49.83,49.83,49.84
50.0,tCal,49.83,49.83,49.84,49.84
50.0,tCal,49.83,49.83,49.84,49.84,49.84
50.0,tCal,49.83,49.83,49.84,49.84,49.84,49.83
50.0,tCal,49.83,49.83,49.84,49.84,49.84,49.83,49.84
50.0,tCal,49.84
50.0,tCal,49.84,49.84
50.0,tCal,49.84,49.84,49.84
50.0,tCal,49.84,49.84,49.84,49.83
50.0,tCal,49.84,49.84,49.84,49.83,49.83
50.0,tCal,49.84,49.84,49.84,49.83,49.83,49.84
50.0,tCal,49.84,49.84,49.84,49.83,49.83,49.84,49.83
50.0,tCal,49.83
50.0,tCal,49.83,49.84
50.0,tCal,49.83,49.84,49.84
50.0,tCal,49.83,49.84,49.84,49.84
50.0,tCal,49.83,49.84,49.84,49.84,49.84
50.0,tCal,49.83,49.84,49.84,49.84,49.84,49.84
50.0,tCal,49.83,49.84,49.84,49.84,49.84,49.84,49.84
50.0,tCal,49.84
50.0,tCal,49.84,49.84
50.0,tCal,49.84,49.84,49.84
50.0,tCal,49.84,49.84,49.84,49.84
50.0,tCal,49.84,49.84,49.84,49.84,49.84
50.0,tCal,49.84,49.84,49.84,49.84,49.84,49.83
50.0,tCal,49.84,49.84,49.84,49.84,49.84,49.83,49.84
50.0,tCal,49.84
50.0,tCal,49.84,49.83
50.0,tCal,49.84,49.83,49.83
50.0,tCal,49.84,49.83,49.83,49.84
50.0,tCal,49.84,49.83,49.83,49.84,49.84
50.0,tCal,49.84,49.83,49.83,49.84,49.84,49.84
50.0,tCal,49.84,49.83,49.83,49.84,49.84,49.84,49.83
50.0,tCal,49.83
50.0,tCal,49.83,49.83
50.0,tCal,49.83,49.83,49.84
50.0,tCal,49.83,49.83,49.84,49.84
50.0,tCal,49.83,49.83,49.84,49.84,49.84
50.0,tCal,49.83,49.83,49.84,49.84,49.84,49.84
50.0,tCal,49.83,49.83,49.84,49.84,49.84,49.84,49.84
50.0,tCal,49.84
50.0,tCal,49.84,49.84
50.0,tCal,49.84,49.84,49.83
50.0,tCal,49.84,49.84,49.83,49.85
50.0,tCal,49.84,49.84,49.83,49.85,49.84
50.0,tCal,49.84,49.84,49.83,49.85,49.84,49.84
50.0,tCal,49.84,49.84,49.83,49.85,49.84,49.84,49.83
50.0,tCal,49.84
50.0,tCal,49.84,49.84
50.0,tCal,49.84,49.84,49.84
50.0,tCal,49.84,49.84,49.84,49.83
50.0,tCal,49.84,49.84,49.84,49.83,49.83
50.0,tCal,49.84,49.84,49.84,49.83,49.83,49.83
50.0,tCal,49.84,49.84,49.84,49.83,49.83,49.83,49.84
50.0,tCal,49.83
50.0,tCal,49.83,49.84
50.0,tCal,49.83,49.84,49.84
50.0,tCal,49.83,49.84,49.84,49.83
50.0,tCal,49.83,49.84,49.84,49.83,49.83
50.0,tCal,49.83,49.84,49.84,49.83,49.83,49.83
50.0,tCal,49.83,49.84,49.84,49.83,49.83,49.83,49.83
50.0,tCal,49.83
50.0,tCal,49.83,49.84
50.0,tCal,49.83,49.84,49.83
50.0,tCal,49.83,49.84,49.83,49.84
50.0,tCal,49.83,49.84,49.83,49.84,49.83
50.0,tCal,49.83,49.84,49.83,49.84,49.83,49.83
50.0,tCal,49.83,49.84,49.83,49.84,49.83,49.83,49.83
50.0,tCal,49.84
50.0,tCal,49.84,49.84
50.0,tCal,49.84,49.84,49.83
50.0,tCal,49.84,49.84,49.83,49.85
50.0,tCal,49.84,49.84,49.83,49.85,49.84
50.0,tCal,49.84,49.84,49.83,49.85,49.84,49.83
50.0,tCal,49.84,49.84,49.83,49.85,49.84,49.83,49.83
50.0,tCal,49.84
50.0,tCal,49.84,49.84
50.0,tCal,49.84,49.84,49.83
50.0,tCal,49.84,49.84,49.83,49.83
50.0,tCal,49.84,49.84,49.83,49.83,49.84
50.0,tCal,49.84,49.84,49.83,49.83,49.84,49.84
50.0,tCal,49.84,49.84,49.83,49.83,49.84,49.84,49.85
50.0,tCal,49.84
50.0,tCal,49.84,49.84
50.0,tCal,49.84,49.84,49.84
50.0,tCal,49.84,49.84,49.84,49.84
50.0,tCal,49.84,49.84,49.84,49.84,49.84
50.0,tCal,49.84,49.84,49.84,49.84,49.84,49.83
50.0,tCal,49.84,49.84,49.84,49.84,49.84,49.83,49.84
50.0,tCal,49.85
50.0,tCal,49.85,49.84
50.0,tCal,49.85,49.84,49.84
50.0,tCal,49.85,49.84,49.84,49.85
50.0,tCal,49.85,49.84,49.84,49.85,49.85
50.0,tCal,49.85,49.84,49.84,49.85,49.85,49.84
50.0,tCal,49.85,49.84,49.84,49.85,49.85,49.84,49.83
50.0,tCal,49.85
50.0,tCal,49.85,49.84
50.0,tCal,49.85,49.84,49.85
50.0,tCal,49.85,49.84,49.85,49.84
50.0,tCal,49.85,49.84,49.85,49.84,49.84
50.0,tCal,49.85,49.84,49.85,49.84,49.84,49.84
50.0,tCal,49.85,49.84,49.85,49.84,49.84,49.84,49.84
50.0,tCal,49.84
50.0,tCal,49.84,49.84
50.0,tCal,49.84,49.84,49.85
50.0,tCal,49.84,49.84,49.85,49.85
50.0,tCal,49.84,49.84,49.85,49.85,49.84
50.0,tCal,49.84,49.84,49.85,49.85,49.84,49.85
50.0,tCal,49.84,49.84,49.85,49.85,49.84,49.85,49.85
50.0,tCal,49.85
50.0,tCal,49.85,49.84
50.0,tCal,49.85,49.84,49.84
50.0,tCal,49.85,49.84,49.84,49.84
50.0,tCal,49.85,49.84,49.84,49.84,49.84
50.0,tCal,49.85,49.84,49.84,49.84,49.84,49.84
50.0,tCal,49.85,49.84,49.84,49.84,49.84,49.84,49.84
50.0,tCal,49.84
50.0,tCal,49.84,49.84
50.0,tCal,49.84,49.84,49.84
50.0,tCal,49.84,49.84,49.84,49.84
50.0,tCal,49.84,49.84,49.84,49.84,49.85
50.0,tCal,49.84,49.84,49.84,49.84,49.85,49.84
50.0,tCal,49.84,49.84,49.84,49.84,49.85,49.84,49.84
50.0,tCal,49.84
50.0,tCal,49.84,49.84
50.0,tCal,49.84,49.84,49.84
50.0,tCal,49.84,49.84,49.84,49.84
50.0,tCal,49.84,49.84,49.84,49.84,49.85
50.0,tCal,49.84,49.84,49.84,49.84,49.85,49.85
50.0,tCal,49.84,49.84,49.84,49.84,49.85,49.85,49.85
50.0,tCal,49.85
50.0,tCal,49.85,49.85
50.0,tCal,49.85,49.85,49.85
50.0,tCal,49.85,49.85,49.85,49.85
50.0,tCal,49.85,49.85,49.85,49.85,49.84
50.0,tCal,49.85,49.85,49.85,49.85,49.84,49.84
50.0,tCal,49.85,49.85,49.85,49.85,49.84,49.84,49.85
50.0,tCal,49.84
50.0,tCal,49.84,49.84
50.0,tCal,49.84,49.84,49.85
50.0,tCal,49.84,49.84,49.85,49.84
50.0,tCal,49.84,49.84,49.85,49.84,49.84
50.0,tCal,49.84,49.84,49.85,49.84,49.84,49.84
50.0,tCal,49.84,49.84,49.85,49.84,49.84,49.84,49.84
50.0,tCal,49.84
50.0,tCal,49.84,49.84
50.0,tCal,49.84,49.84,49.84
50.0,tCal,49.84,49.84,49.84,49.84
50.0,tCal,49.84,49.84,49.84,49.84,49.85
50.0,tCal,49.84,49.84,49.84,49.84,49.85,49.84
50.0,tCal,49.84,49.84,49.84,49.84,49.85,49.84,49.84
50.0,tCal,49.83
50.0,tCal,49.83,49.84
50.0,tCal,49.83,49.84,49.84
50.0,tCal,49.83,49.84,49.84,49.84
50.0,tCal,49.83,49.84,49.84,49.84,49.84
50.0,tCal,49.83,49.84,49.84,49.84,49.84,49.84
50.0,tCal,49.83,49.84,49.84,49.84,49.84,49.84,49.84
50.0,tCal,49.84
50.0,tCal,49.84,49.85
50.0,tCal,49.84,49.85,49.84
50.0,tCal,49.84,49.85,49.84,49.84
50.0,tCal,49.84,49.85,49.84,49.84,49.85
50.0,tCal,49.84,49.85,49.84,49.84,49.85,49.85
50.0,tCal,49.84,49.85,49.84,49.84,49.85,49.85,49.84
50.0,tCal,49.84
50.0,tCal,49.84,49.85
50.0,tCal,49.84,49.85,49.84
50.0,tCal,49.84,49.85,49.84,49.85
50.0,tCal,49.84,49.85,49.84,49.85,49.84
50.0,tCal,49.84,49.85,49.84,49.85,49.84,49.85
50.0,tCal,49.84,49.85,49.84,49.85,49.84,49.85,49.84
50.0,tCal,49.85
50.0,tCal,49.85,49.84
50.0,tCal,49.85,49.84,49.84
50.0,tCal,49.85,49.84,49.84,49.88
50.0,tCal,49.85,49.84,49.84,49.88,49.84
50.0,tCal,49.85,49.84,49.84,49.88,49.84,49.84
50.0,tCal,49.85,49.84,49.84,49.88,49.84,49.84,49.85
50.0,tCal,49.84
50.0,tCal,49.84,49.84
50.0,tCal,49.84,49.84,49.83
50.0,tCal,49.84,49.84,49.83,49.84
50.0,tCal,49.84,49.84,49.83,49.84,49.85
50.0,tCal,49.84,49.84,49.83,49.84,49.85,49.84
50.0,tCal,49.84,49.84,49.83,49.84,49.85,49.84,49.84
50.0,tCal,49.84
50.0,tCal,49.84,49.84
50.0,tCal,49.84,49.84,49.84
50.0,tCal,49.84,49.84,49.84,49.84
50.0,tCal,49.84,49.84,49.84,49.84,49.84
50.0,tCal,49.84,49.84,49.84,49.84,49.84,49.85
50.0,tCal,49.84,49.84,49.84,49.84,49.84,49.85,49.85
50.0,tCal,49.84
50.0,tCal,49.84,49.85
50.0,tCal,49.84,49.85,49.84
50.0,tCal,49.84,49.85,49.84,49.85
50.0,tCal,49.84,49.85,49.84,49.85,49.84
50.0,tCal,49.84,49.85,49.84,49.85,49.84,49.84
50.0,tCal,49.84,49.85,49.84,49.85,49.84,49.84,49.85
50.0,tCal,49.85
50.0,tCal,49.85,49.84
50.0,tCal,49.85,49.84,49.85
50.0,tCal,49.85,49.84,49.85,49.84
50.0,tCal,49.85,49.84,49.85,49.84,49.85
50.0,tCal,49.85,49.84,49.85,49.84,49.85,49.84
50.0,tCal,49.85,49.84,49.85,49.84,49.85,49.84,49.84
50.0,tCal,49.84
50.0,tCal,49.84,49.85
50.0,tCal,49.84,49.85,49.85
50.0,tCal,49.84,49.85,49.85,49.84
50.0,tCal,49.84,49.85,49.85,49.84,49.83
50.0,tCal,49.84,49.85,49.85,49.84,49.83,49.84
50.0,tCal,49.84,49.85,49.85,49.84,49.83,49.84,49.84
50.0,tCal,49.84
50.0,tCal,49.84,49.84
50.0,tCal,49.84,49.84,49.84
50.0,tCal,49.84,49.84,49.84,49.84
50.0,tCal,49.84,49.84,49.84,49.84,49.84
50.0,tCal,49.84,49.84,49.84,49.84,49.84,49.85
50.0,tCal,49.84,49.84,49.84,49.84,49.84,49.85,49.85
50.0,tCal,49.84
50.0,tCal,49.84,49.85
50.0,tCal,49.84,49.85,49.85
50.0,tCal,49.84,49.85,49.85,49.85
50.0,tCal,49.84,49.85,49.85,49.85,49.85
50.0,tCal,49.84,49.85,49.85,49.85,49.85,49.85
50.0,tCal,49.84,49.85,49.85,49.85,49.85,49.85,49.85
50.0,tCal,49.84
50.0,tCal,49.84,49.84
50.0,tCal,49.84,49.84,49.85
50.0,tCal,49.84,49.84,49.85,49.85
50.0,tCal,49.84,49.84,49.85,49.85,49.84
50.0,tCal,49.84,49.84,49.85,49.85,49.84,49.85
50.0,tCal,49.84,49.84,49.85,49.85,49.84,49.85,49.85
50.0,tCal,49.84
50.0,tCal,49.84,49.84
50.0,tCal,49.84,49.84,49.84
50.0,tCal,49.84,49.84,49.84,49.84
50.0,tCal,49.84,49.84,49.84,49.84,49.84
50.0,tCal,49.84,49.84,49.84,49.84,49.84,49.83
50.0,tCal,49.84,49.84,49.84,49.84,49.84,49.83,49.83
50.0,tCal,49.84
50.0,tCal,49.84,49.84
50.0,tCal,49.84,49.84,49.85
50.0,tCal,49.84,49.84,49.85,49.84
50.0,tCal,49.84,49.84,49.85,49.84,49.84
50.0,tCal,49.84,49.84,49.85,49.84,49.84,49.84
50.0,tCal,49.84,49.84,49.85,49.84,49.84,49.84,49.84
50.0,tCal,49.84
50.0,tCal,49.84,49.84
50.0,tCal,49.84,49.84,49.84
50.0,tCal,49.84,49.84,49.84,49.84
50.0,tCal,49.84,49.84,49.84,49.84,49.84
50.0,tCal,49.84,49.84,49.84,49.84,49.84,49.85
50.0,tCal,49.84,49.84,49.84,49.84,49.84,49.85,49.84
50.0,tCal,49.84
50.0,tCal,49.84,49.84
50.0,tCal,49.84,49.84,49.84
50.0,tCal,49.84,49.84,49.84,49.85
50.0,tCal,49.84,49.84,49.84,49.85,49.85
50.0,tCal,49.84,49.84,49.84,49.85,49.85,49.84
50.0,tCal,49.84,49.84,49.84,49.85,49.85,49.84,49.84
50.0,tCal,49.84
50.0,tCal,49.84,49.84
50.0,tCal,49.84,49.84,49.84
50.0,tCal,49.84,49.84,49.84,49.84
50.0,tCal,49.84,49.84,49.84,49.84,49.84
50.0,tCal,49.84,49.84,49.84,49.84,49.84,49.84
50.0,tCal,49.84,49.84,49.84,49.84,49.84,49.84,49.85
50.0,tCal,49.84
50.0,tCal,49.84,49.84
50.0,tCal,49.84,49.84,49.84
50.0,tCal,49.84,49.84,49.84,49.84
50.0,tCal,49.84,49.84,49.84,49.84,49.84
50.0,tCal,49.84,49.84,49.84,49.84,49.84,49.85
50.0,tCal,49.84,49.84,49.84,49.84,49.84,49.85,49.85
50.0,tCal,49.84
50.0,tCal,49.84,49.84
50.0,tCal,49.84,49.84,49.85
50.0,tCal,49.84,49.84,49.85,49.85
50.0,tCal,49.84,49.84,49.85,49.85,49.85
50.0,tCal,49.84,49.84,49.85,49.85,49.85,49.84
50.0,tCal,49.84,49.84,49.85,49.85,49.85,49.84,49.85
50.0,tCal,49.84
50.0,tCal,49.84,49.84
50.0,tCal,49.84,49.84,49.85
50.0,tCal,49.84,49.84,49.85,49.85
50.0,tCal,49.84,49.84,49.85,49.85,49.84
50.0,tCal,49.84,49.84,49.85,49.85,49.84,49.85
50.0,tCal,49.84,49.84,49.85,49.85,49.84,49.85,49.85
50.0,tCal,49.83
50.0,tCal,49.83,49.84
50.0,tCal,49.83,49.84,49.86
50.0,tCal,49.83,49.84,49.86,49.85
50.0,tCal,49.83,49.84,49.86,49.85,49.85
50.0,tCal,49.83,49.84,49.86,49.85,49.85,49.85
50.0,tCal,49.83,49.84,49.86,49.85,49.85,49.85,49.85
50.0,tCal,49.84
50.0,tCal,49.84,49.85
50.0,tCal,49.84,49.85,49.85
50.0,tCal,49.84,49.85,49.85,49.84
50.0,tCal,49.84,49.85,49.85,49.84,49.85
50.0,tCal,49.84,49.85,49.85,49.84,49.85,49.85
50.0,tCal,49.84,49.85,49.85,49.84,49.85,49.85,49.84
50.0,tCal,49.84
50.0,tCal,49.84,49.84
50.0,tCal,49.84,49.84,49.85
50.0,tCal,49.84,49.84,49.85,49.84
50.0,tCal,49.84,49.84,49.85,49.84,49.85
50.0,tCal,49.84,49.84,49.85,49.84,49.85,49.85
50.0,tCal,49.84,49.84,49.85,49.84,49.85,49.85,49.84
50.0,tCal,49.85
50.0,tCal,49.85,49.85
50.0,tCal,49.85,49.85,49.84
50.0,tCal,49.85,49.85,49.84,49.86
50.0,tCal,49.85,49.85,49.84,49.86,49.85
50.0,tCal,49.85,49.85,49.84,49.86,49.85,49.85
50.0,tCal,49.85,49.85,49.84,49.86,49.85,49.85,49.84
50.0,tCal,49.85
50.0,tCal,49.85,49.85
50.0,tCal,49.85,49.85,49.85
50.0,tCal,49.85,49.85,49.85,49.84
50.0,tCal,49.85,49.85,49.85,49.84,49.84
50.0,tCal,49.85,49.85,49.85,49.84,49.84,49.84
50.0,tCal,49.85,49.85,49.85,49.84,49.84,49.84,49.85
50.0,tCal,49.84
50.0,tCal,49.84,49.85
50.0,tCal,49.84,49.85,49.85
50.0,tCal,49.84,49.85,49.85,49.84
50.0,tCal,49.84,49.85,49.85,49.84,49.84
50.0,tCal,49.84,49.85,49.85,49.84,49.84,49.85
50.0,tCal,49.84,49.85,49.85,49.84,49.84,49.85,49.84
50.0,tCal,49.85
50.0,tCal,49.85,49.85
50.0,tCal,49.85,49.85,49.85
50.0,tCal,49.85,49.85,49.85,49.85
50.0,tCal,49.85,49.85,49.85,49.85,49.85
50.0,tCal,49.85,49.85,49.85,49.85,49.85,49.86
50.0,tCal,49.85,49.85,49.85,49.85,49.85,49.86,49.85
50.0,tCal,49.85
50.0,tCal,49.85,49.85
50.0,tCal,49.85,49.85,49.84
50.0,tCal,49.85,49.85,49.84,49.84
50.0,tCal,49.85,49.85,49.84,49.84,49.85
50.0,tCal,49.85,49.85,49.84,49.84,49.85,49.85
50.0,tCal,49.85,49.85,49.84,49.84,49.85,49.85,49.85
50.0,tCal,49.85
50.0,tCal,49.85,49.85
50.0,tCal,49.85,49.85,49.85
50.0,tCal,49.85,49.85,49.85,49.85
50.0,tCal,49.85,49.85,49.85,49.85,49.85
50.0,tCal,49.85,49.85,49.85,49.85,49.85,49.84
50.0,tCal,49.85,49.85,49.85,49.85,49.85,49.84,49.85
50.0,tCal,49.85
50.0,tCal,49.85,49.85
50.0,tCal,49.85,49.85,49.85
50.0,tCal,49.85,49.85,49.85,49.85
50.0,tCal,49.85,49.85,49.85,49.85,49.85
50.0,tCal,49.85,49.85,49.85,49.85,49.85,49.85
50.0,tCal,49.85,49.85,49.85,49.85,49.85,49.85,49.85
50.0,tCal,49.85
50.0,tCal,49.85,49.85
50.0,tCal,49.85,49.85,49.85
50.0,tCal,49.85,49.85,49.85,49.84
50.0,tCal,49.85,49.85,49.85,49.84,49.85
50.0,tCal,49.85,49.85,49.85,49.84,49.85,49.85
50.0,tCal,49.85,49.85,49.85,49.84,49.85,49.85,49.86
50.0,tCal,49.85
50.0,tCal,49.85,49.85
50.0,tCal,49.85,49.85,49.85
50.0,tCal,49.85,49.85,49.85,49.86
50.0,tCal,49.85,49.85,49.85,49.86,49.85
50.0,tCal,49.85,49.85,49.85,49.86,49.85,49.85
50.0,tCal,49.85,49.85,49.85,49.86,49.85,49.85,49.85
50.0,tCal,49.86
50.0,tCal,49.86,49.86
50.0,tCal,49.86,49.86,49.86
50.0,tCal,49.86,49.86,49.86,49.85
50.0,tCal,49.86,49.86,49.86,49.85,49.85
50.0,tCal,49.86,49.86,49.86,49.85,49.85,49.85
50.0,tCal,49.86,49.86,49.86,49.85,49.85,49.85,49.85
50.0,tCal,49.86
50.0,tCal,49.86,49.86
50.0,tCal,49.86,49.86,49.86
50.0,tCal,49.86,49.86,49.86,49.85
50.0,tCal,49.86,49.86,49.86,49.85,49.85
50.0,tCal,49.86,49.86,49.86,49.85,49.85,49.85
50.0,tCal,49.86,49.86,49.86,49.85,49.85,49.85,49.85
50.0,tCal,49.85
50.0,tCal,49.85,49.85
50.0,tCal,49.85,49.85,49.84
50.0,tCal,49.85,49.85,49.84,49.86
50.0,tCal,49.85,49.85,49.84,49.86,49.84
50.0,tCal,49.85,49.85,49.84,49.86,49.84,49.85
50.0,tCal,49.85,49.85,49.84,49.86,49.84,49.85,49.85
50.0,tCal,49.85
50.0,tCal,49.85,49.85
50.0,tCal,49.85,49.85,49.85
50.0,tCal,49.85,49.85,49.85,49.85
50.0,tCal,49.85,49.85,49.85,49.85,49.85
50.0,tCal,49.85,49.85,49.85,49.85,49.85,49.85
50.0,tCal,49.85,49.85,49.85,49.85,49.85,49.85,49.85
50.0,tCal,49.85
50.0,tCal,49.85,49.85
50.0,tCal,49.85,49.85,49.84
50.0,tCal,49.85,49.85,49.84,49.85
50.0,tCal,49.85,49.85,49.84,49.85,49.85
50.0,tCal,49.85,49.85,49.84,49.85,49.85,49.84
50.0,tCal,49.85,49.85,49.84,49.85,49.85,49.84,49.85
50.0,tCal,49.85
50.0,tCal,49.85,49.84
50.0,tCal,49.85,49.84,49.85
50.0,tCal,49.85,49.84,49.85,49.85
50.0,tCal,49.85,49.84,49.85,49.85,49.85
50.0,tCal,49.85,49.84,49.85,49.85,49.85,49.84
50.0,tCal,49.85,49.84,49.85,49.85,49.85,49.84,49.85
50.0,tCal,49.85
50.0,tCal,49.85,49.84
50.0,tCal,49.85,49.84,49.85
50.0,tCal,49.85,49.84,49.85,49.84
50.0,tCal,49.85,49.84,49.85,49.84,49.85
50.0,tCal,49.85,49.84,49.85,49.84,49.85,49.85
50.0,tCal,49.85,49.84,49.85,49.84,49.85,49.85,49.84
50.0,tCal,49.85
50.0,tCal,49.85,49.84
50.0,tCal,49.85,49.84,49.84
50.0,tCal,49.85,49.84,49.84,49.84
50.0,tCal,49.85,49.84,49.84,49.84,49.85
50.0,tCal,49.85,49.84,49.84,49.84,49.85,49.84
50.0,tCal,49.85,49.84,49.84,49.84,49.85,49.84,49.85
50.0,tCal,49.85
50.0,tCal,49.85,49.84
50.0,tCal,49.85,49.84,49.84
50.0,tCal,49.85,49.84,49.84,49.85
50.0,tCal,49.85,49.84,49.84,49.85,49.85
50.0,tCal,49.85,49.84,49.84,49.85,49.85,49.86
50.0,tCal,49.85,49.84,49.84,49.85,49.85,49.86,49.84
50.0,tCal,49.85
50.0,tCal,49.85,49.84
50.0,tCal,49.85,49.84,49.84
50.0,tCal,49.85,49.84,49.84,49.85
50.0,tCal,49.85,49.84,49.84,49.85,49.84
50.0,tCal,49.85,49.84,49.84,49.85,49.84,49.85
50.0,tCal,49.85,49.84,49.84,49.85,49.84,49.85,49.85
50.0,tCal,49.85
50.0,tCal,49.85,49.84
50.0,tCal,49.85,49.84,49.85
50.0,tCal,49.85,49.84,49.85,49.85
50.0,tCal,49.85,49.84,49.85,49.85,49.85
50.0,tCal,49.85,49.84,49.85,49.85,49.85,49.84
50.0,tCal,49.85,49.84,49.85,49.85,49.85,49.84,49.85
50.0,tCal,49.84
50.0,tCal,49.84,49.84
50.0,tCal,49.84,49.84,49.84
50.0,tCal,49.84,49.84,49.84,49.85
50.0,tCal,49.84,49.84,49.84,49.85,49.85
50.0,tCal,49.84,49.84,49.84,49.85,49.85,49.85
50.0,tCal,49.84,49.84,49.84,49.85,49.85,49.85,49.84
50.0,tCal,49.85
50.0,tCal,49.85,49.85
50.0,tCal,49.85,49.85,49.85
50.0,tCal,49.85,49.85,49.85,49.85
50.0,tCal,49.85,49.85,49.85,49.85,49.85
50.0,tCal,49.85,49.85,49.85,49.85,49.85,49.84
50.0,tCal,49.85,49.85,49.85,49.85,49.85,49.84,49.84
50.0,tCal,49.85
50.0,tCal,49.85,49.85
50.0,tCal,49.85,49.85,49.85
50.0,tCal,49.85,49.85,49.85,49.85
50.0,tCal,49.85,49.85,49.85,49.85,49.85
50.0,tCal,49.85,49.85,49.85,49.85,49.85,49.85
50.0,tCal,49.85,49.85,49.85,49.85,49.85,49.85,49.84
50.0,tCal,49.85
50.0,tCal,49.85,49.85
50.0,tCal,49.85,49.85,49.85
50.0,tCal,49.85,49.85,49.85,49.84
50.0,tCal,49.85,49.85,49.85,49.84,49.84
50.0,tCal,49.85,49.85,49.85,49.84,49.84,49.85
50.0,tCal,49.85,49.85,49.85,49.84,49.84,49.85,49.85
50.0,tCal,49.85
50.0,tCal,49.85,49.85
50.0,tCal,49.85,49.85,49.84
50.0,tCal,49.85,49.85,49.84,49.85
50.0,tCal,49.85,49.85,49.84,49.85,49.84
50.0,tCal,49.85,49.85,49.84,49.85,49.84,49.85
50.0,tCal,49.85,49.85,49.84,49.85,49.84,49.85,49.85
50.0,tCal,49.85
50.0,tCal,49.85,49.85
50.0,tCal,49.85,49.85,49.85
50.0,tCal,49.85,49.85,49.85,49.85
50.0,tCal,49.85,49.85,49.85,49.85,49.85
50.0,tCal,49.85,49.85,49.85,49.85,49.85,49.85
50.0,tCal,49.85,49.85,49.85,49.85,49.85,49.85,49.85
50.0,tCal,49.85
50.0,tCal,49.85,49.86
50.0,tCal,49.85,49.86,49.85
50.0,tCal,49.85,49.86,49.85,49.84
50.0,tCal,49.85,49.86,49.85,49.84,49.85
50.0,tCal,49.85,49.86,49.85,49.84,49.85,49.86
50.0,tCal,49.85,49.86,49.85,49.84,49.85,49.86,49.85
50.0,tCal,49.85
50.0,tCal,49.85,49.86
50.0,tCal,49.85,49.86,49.85
50.0,tCal,49.85,49.86,49.85,49.85
50.0,tCal,49.85,49.86,49.85,49.85,49.85
50.0,tCal,49.85,49.86,49.85,49.85,49.85,49.85
50.0,tCal,49.85,49.86,49.85,49.85,49.85,49.85,49.85
50.0,tCal,49.85
50.0,tCal,49.85,49.85
50.0,tCal,49.85,49.85,49.85
50.0,tCal,49.85,49.85,49.85,49.85
50.0,tCal,49.85,49.85,49.85,49.85,49.85
50.0,tCal,49.85,49.85,49.85,49.85,49.85,49.85
50.0,tCal,49.85,49.85,49.85,49.85,49.85,49.85,49.86
50.0,tCal,49.85
50.0,tCal,49.85,49.85
50.0,tCal,49.85,49.85,49.85
50.0,tCal,49.85,49.85,49.85,49.86
50.0,tCal,49.85,49.85,49.85,49.86,49.85
50.0,tCal,49.85,49.85,49.85,49.86,49.85,49.85
50.0,tCal,49.85,49.85,49.85,49.86,49.85,49.85,49.86
50.0,tCal,49.86
50.0,tCal,49.86,49.85
50.0,tCal,49.86,49.85,49.85
50.0,tCal,49.86,49.85,49.85,49.85
50.0,tCal,49.86,49.85,49.85,49.85,49.85
50.0,tCal,49.86,49.85,49.85,49.85,49.85,49.85
50.0,tCal,49.86,49.85,49.85,49.85,49.85,49.85,49.85
50.0,tCal,49.85
50.0,tCal,49.85,49.85
50.0,tCal,49.85,49.85,49.85
50.0,tCal,49.85,49.85,49.85,49.86
50.0,tCal,49.85,49.85,49.85,49.86,49.85
50.0,tCal,49.85,49.85,49.85,49.86,49.85,49.85
50.0,tCal,49.85,49.85,49.85,49.86,49.85,49.85,49.85
50.0,tCal,49.85
50.0,tCal,49.85,49.85
50.0,tCal,49.85,49.85,49.85
50.0,tCal,49.85,49.85,49.85,49.86
50.0,tCal,49.85,49.85,49.85,49.86,49.85
50.0,tCal,49.85,49.85,49.85,49.86,49.85,49.85
50.0,tCal,49.85,49.85,49.85,49.86,49.85,49.85,49.86
50.0,tCal,49.85
50.0,tCal,49.85,49.85
50.0,tCal,49.85,49.85,49.85
50.0,tCal,49.85,49.85,49.85,49.85
50.0,tCal,49.85,49.85,49.85,49.85,49.85
50.0,tCal,49.85,49.85,49.85,49.85,49.85,49.85
50.0,tCal,49.85,49.85,49.85,49.85,49.85,49.85,49.85
50.0,tCal,49.85
50.0,tCal,49.85,49.86
50.0,tCal,49.85,49.86,49.85
50.0,tCal,49.85,49.86,49.85,49.86
50.0,tCal,49.85,49.86,49.85,49.86,49.85
50.0,tCal,49.85,49.86,49.85,49.86,49.85,49.86
50.0,tCal,49.85,49.86,49.85,49.86,49.85,49.86,49.85
50.0,tCal,49.86
50.0,tCal,49.86,49.86
50.0,tCal,49.86,49.86,49.85
50.0,tCal,49.86,49.86,49.85,49.85
50.0,tCal,49.86,49.86,49.85,49.85,49.86
50.0,tCal,49.86,49.86,49.85,49.85,49.86,49.85
50.0,tCal,49.86,49.86,49.85,49.85,49.86,49.85,49.86
50.0,tCal,49.85
50.0,tCal,49.85,49.86
50.0,tCal,49.85,49.86,49.85
50.0,tCal,49.85,49.86,49.85,49.85
50.0,tCal,49.85,49.86,49.85,49.85,49.85
50.0,tCal,49.85,49.86,49.85,49.85,49.85,49.86
50.0,tCal,49.85,49.86,49.85,49.85,49.85,49.86,49.85
50.0,tCal,49.84
50.0,tCal,49.84,49.85
50.0,tCal,49.84,49.85,49.84
50.0,tCal,49.84,49.85,49.84,49.85
50.0,tCal,49.84,49.85,49.84,49.85,49.85
50.0,tCal,49.84,49.85,49.84,49.85,49.85,49.85
50.0,tCal,49.84,49.85,49.84,49.85,49.85,49.85,49.85
50.0,tCal,49.85
50.0,tCal,49.85,49.85
50.0,tCal,49.85,49.85,49.85
50.0,tCal,49.85,49.85,49.85,49.86
50.0,tCal,49.85,49.85,49.85,49.86,49.85
50.0,tCal,49.85,49.85,49.85,49.86,49.85,49.85
50.0,tCal,49.85,49.85,49.85,49.86,49.85,49.85,49.85
50.0,tCal,49.85
50.0,tCal,49.85,49.85
50.0,tCal,49.85,49.85,49.86
50.0,tCal,49.85,49.85,49.86,49.85
50.0,tCal,49.85,49.85,49.86,49.85,49.85
50.0,tCal,49.85,49.85,49.86,49.85,49.85,49.85
50.0,tCal,49.85,49.85,49.86,49.85,49.85,49.85,49.85
50.0,tCal,49.85
50.0,tCal,49.85,49.85
50.0,tCal,49.85,49.85,49.86
50.0,tCal,49.85,49.85,49.86,49.85
50.0,tCal,49.85,49.85,49.86,49.85,49.85
50.0,tCal,49.85,49.85,49.86,49.85,49.85,49.85
50.0,tCal,49.85,49.85,49.86,49.85,49.85,49.85,49.85
50.0,tCal,49.85
50.0,tCal,49.85,49.85
50.0,tCal,49.85,49.85,49.85
50.0,tCal,49.85,49.85,49.85,49.85
50.0,tCal,49.85,49.85,49.85,49.85,49.85
50.0,tCal,49.85,49.85,49.85,49.85,49.85,49.85
50.0,tCal,49.85,49.85,49.85,49.85,49.85,49.85,49.85
50.0,tCal,49.86
50.0,tCal,49.86,49.85
50.0,tCal,49.86,49.85,49.85
50.0,tCal,49.86,49.85,49.85,49.85
50.0,tCal,49.86,49.85,49.85,49.85,49.85
50.0,tCal,49.86,49.85,49.85,49.85,49.85,49.85
50.0,tCal,49.86,49.85,49.85,49.85,49.85,49.85,49.86
50.0,tCal,49.85
50.0,tCal,49.85,49.85
50.0,tCal,49.85,49.85,49.86
50.0,tCal,49.85,49.85,49.86,49.85
50.0,tCal,49.85,49.85,49.86,49.85,49.85
50.0,tCal,49.85,49.85,49.86,49.85,49.85,49.85
50.0,tCal,49.85,49.85,49.86,49.85,49.85,49.85,49.85
50.0,tCal,49.86
50.0,tCal,49.86,49.86
50.0,tCal,49.86,49.86,49.85
50.0,tCal,49.86,49.86,49.85,49.85
50.0,tCal,49.86,49.86,49.85,49.85,49.86
50.0,tCal,49.86,49.86,49.85,49.85,49.86,49.85
50.0,tCal,49.86,49.86,49.85,49.85,49.86,49.85,49.86
50.0,tCal,49.85
50.0,tCal,49.85,49.85
50.0,tCal,49.85,49.85,49.86
50.0,tCal,49.85,49.85,49.86,49.85
50.0,tCal,49.85,49.85,49.86,49.85,49.85
50.0,tCal,49.85,49.85,49.86,49.85,49.85,49.85
50.0,tCal,49.85,49.85,49.86,49.85,49.85,49.85,49.85
50.0,tCal,49.85
50.0,tCal,49.85,49.84
50.0,tCal,49.85,49.84,49.85
50.0,tCal,49.85,49.84,49.85,49.85
50.0,tCal,49.85,49.84,49.85,49.85,49.85
50.0,tCal,49.85,49.84,49.85,49.85,49.85,49.85
50.0,tCal,49.85,49.84,49.85,49.85,49.85,49.85,49.85
50.0,tCal,49.85
50.0,tCal,49.85,49.86
50.0,tCal,49.85,49.86,49.85
50.0,tCal,49.85,49.86,49.85,49.85
50.0,tCal,49.85,49.86,49.85,49.85,49.85
50.0,tCal,49.85,49.86,49.85,49.85,49.85,49.85
50.0,tCal,49.85,49.86,49.85,49.85,49.85,49.85,49.85
50.0,tCal,49.86
50.0,tCal,49.86,49.85
50.0,tCal,49.86,49.85,49.86
50.0,tCal,49.86,49.85,49.86,49.86
50.0,tCal,49.86,49.85,49.86,49.86,49.85
50.0,tCal,49.86,49.85,49.86,49.86,49.85,49.85
50.0,tCal,49.86,49.85,49.86,49.86,49.85,49.85,49.85
50.0,tCal,49.86
50.0,tCal,49.86,49.86
50.0,tCal,49.86,49.86,49.84
50.0,tCal,49.86,49.86,49.84,49.85
50.0,tCal,49.86,49.86,49.84,49.85,49.85
50.0,tCal,49.86,49.86,49.84,49.85,49.85,49.85
50.0,tCal,49.86,49.86,49.84,49.85,49.85,49.85,49.85
50.0,tCal,49.85
50.0,tCal,49.85,49.85
50.0,tCal,49.85,49.85,49.85
50.0,tCal,49.85,49.85,49.85,49.85
50.0,tCal,49.85,49.85,49.85,49.85,49.84
50.0,tCal,49.85,49.85,49.85,49.85,49.84,49.85
50.0,tCal,49.85,49.85,49.85,49.85,49.84,49.85,49.85
50.0,tCal,49.85
50.0,tCal,49.85,49.85
50.0,tCal,49.85,49.85,49.85
50.0,tCal,49.85,49.85,49.85,49.85
50.0,tCal,49.85,49.85,49.85,49.85,49.85
50.0,tCal,49.85,49.85,49.85,49.85,49.85,49.86
50.0,tCal,49.85,49.85,49.85,49.85,49.85,49.86,49.86
50.0,tCal,49.85
50.0,tCal,49.85,49.85
50.0,tCal,49.85,49.85,49.86
50.0,tCal,49.85,49.85,49.86,49.86
50.0,tCal,49.85,49.85,49.86,49.86,49.86
50.0,tCal,49.85,49.85,49.86,49.86,49.86,49.86
50.0,tCal,49.85,49.85,49.86,49.86,49.86,49.86,49.85
50.0,tCal,49.85
50.0,tCal,49.85,49.86
50.0,tCal,49.85,49.86,49.85
50.0,tCal,49.85,49.86,49.85,49.86
50.0,tCal,49.85,49.86,49.85,49.86,49.85
50.0,tCal,49.85,49.86,49.85,49.86,49.85,49.85
50.0,tCal,49.85,49.86,49.85,49.86,49.85,49.85,49.86
50.0,tCal,49.85
50.0,tCal,49.85,49.85
50.0,tCal,49.85,49.85,49.85
50.0,tCal,49.85,49.85,49.85,49.86
50.0,tCal,49.85,49.85,49.85,49.86,49.85
50.0,tCal,49.85,49.85,49.85,49.86,49.85,49.85
50.0,tCal,49.85,49.85,49.85,49.86,49.85,49.85,49.85
50.0,tCal,49.85
50.0,tCal,49.85,49.85
50.0,tCal,49.85,49.85,49.85
50.0,tCal,49.85,49.85,49.85,49.85
50.0,tCal,49.85,49.85,49.85,49.85,49.86
50.0,tCal,49.85,49.85,49.85,49.85,49.86,49.86
50.0,tCal,49.85,49.85,49.85,49.85,49.86,49.86,49.86
50.0,tCal,49.86
50.0,tCal,49.86,49.86
50.0,tCal,49.86,49.86,49.86
50.0,tCal,49.86,49.86,49.86,49.86
50.0,tCal,49.86,49.86,49.86,49.86,49.85
50.0,tCal,49.86,49.86,49.86,49.86,49.85,49.86
50.0,tCal,49.86,49.86,49.86,49.86,49.85,49.86,49.85
50.0,tCal,49.85
50.0,tCal,49.85,49.86
50.0,tCal,49.85,49.86,49.85
50.0,tCal,49.85,49.86,49.85,49.85
50.0,tCal,49.85,49.86,49.85,49.85,49.85
50.0,tCal,49.85,49.86,49.85,49.85,49.85,49.85
50.0,tCal,49.85,49.86,49.85,49.85,49.85,49.85,49.86
50.0,tCal,49.85
50.0,tCal,49.85,49.86
50.0,tCal,49.85,49.86,49.86
50.0,tCal,49.85,49.86,49.86,49.85
50.0,tCal,49.85,49.86,49.86,49.85,49.85
50.0,tCal,49.85,49.86,49.86,49.85,49.85,49.86
50.0,tCal,49.85,49.86,49.86,49.85,49.85,49.86,49.85
50.0,tCal,49.85
50.0,tCal,49.85,49.85
50.0,tCal,49.85,49.85,49.86
50.0,tCal,49.85,49.85,49.86,49.85
50.0,tCal,49.85,49.85,49.86,49.85,49.85
50.0,tCal,49.85,49.85,49.86,49.85,49.85,49.85
50.0,tCal,49.85,49.85,49.86,49.85,49.85,49.85,49.85
50.0,tCal,49.85
50.0,tCal,49.85,49.85
50.0,tCal,49.85,49.85,49.87
50.0,tCal,49.85,49.85,49.87,49.85
50.0,tCal,49.85,49.85,49.87,49.85,49.85
50.0,tCal,49.85,49.85,49.87,49.85,49.85,49.86
50.0,tCal,49.85,49.85,49.87,49.85,49.85,49.86,49.86
50.0,tCal,49.86
50.0,tCal,49.86,49.85
50.0,tCal,49.86,49.85,49.84
50.0,tCal,49.86,49.85,49.84,49.85
50.0,tCal,49.86,49.85,49.84,49.85,49.85
50.0,tCal,49.86,49.85,49.84,49.85,49.85,49.85
50.0,tCal,49.86,49.85,49.84,49.85,49.85,49.85,49.86
50.0,tCal,49.85
50.0,tCal,49.85,49.85
50.0,tCal,49.85,49.85,49.84
50.0,tCal,49.85,49.85,49.84,49.85
50.0,tCal,49.85,49.85,49.84,49.85,49.85
50.0,tCal,49.85,49.85,49.84,49.85,49.85,49.85
50.0,tCal,49.85,49.85,49.84,49.85,49.85,49.85,49.84
50.0,tCal,49.85
50.0,tCal,49.85,49.85
50.0,tCal,49.85,49.85,49.85
50.0,tCal,49.85,49.85,49.85,49.85
50.0,tCal,49.85,49.85,49.85,49.85,49.85
50.0,tCal,49.85,49.85,49.85,49.85,49.85,49.85
50.0,tCal,49.85,49.85,49.85,49.85,49.85,49.85,49.84
50.0,tCal,49.85
50.0,tCal,49.85,49.85
50.0,tCal,49.85,49.85,49.85
50.0,tCal,49.85,49.85,49.85,49.85
50.0,tCal,49.85,49.85,49.85,49.85,49.85
50.0,tCal,49.85,49.85,49.85,49.85,49.85,49.86
50.0,tCal,49.85,49.85,49.85,49.85,49.85,49.86,49.85
50.0,tCal,49.85
50.0,tCal,49.85,49.85
50.0,tCal,49.85,49.85,49.86
50.0,tCal,49.85,49.85,49.86,49.85
50.0,tCal,49.85,49.85,49.86,49.85,49.86
50.0,tCal,49.85,49.85,49.86,49.85,49.86,49.85
50.0,tCal,49.85,49.85,49.86,49.85,49.86,49.85,49.85
50.0,tCal,49.85
50.0,tCal,49.85,49.85
50.0,tCal,49.85,49.85,49.85
50.0,tCal,49.85,49.85,49.85,49.85
50.0,tCal,49.85,49.85,49.85,49.85,49.85
50.0,tCal,49.85,49.85,49.85,49.85,49.85,49.85
50.0,tCal,49.85,49.85,49.85,49.85,49.85,49.85,49.85
50.0,tCal,49.85
50.0,tCal,49.85,49.85
50.0,tCal,49.85,49.85,49.85
50.0,tCal,49.85,49.85,49.85,49.84
50.0,tCal,49.85,49.85,49.85,49.84,49.85
50.0,tCal,49.85,49.85,49.85,49.84,49.85,49.85
50.0,tCal,49.85,49.85,49.85,49.84,49.85,49.85,49.86
50.0,tCal,49.85
50.0,tCal,49.85,49.84
50.0,tCal,49.85,49.84,49.85
50.0,tCal,49.85,49.84,49.85,49.85
50.0,tCal,49.85,49.84,49.85,49.85,49.85
50.0,tCal,49.85,49.84,49.85,49.85,49.85,49.85
50.0,tCal,49.85,49.84,49.85,49.85,49.85,49.85,49.85
50.0,tCal,49.86
50.0,tCal,49.86,49.85
50.0,tCal,49.86,49.85,49.86
50.0,tCal,49.86,49.85,49.86,49.85
50.0,tCal,49.86,49.85,49.86,49.85,49.85
50.0,tCal,49.86,49.85,49.86,49.85,49.85,49.85
50.0,tCal,49.86,49.85,49.86,49.85,49.85,49.85,49.85
50.0,tCal,49.86
50.0,tCal,49.86,49.84
50.0,tCal,49.86,49.84,49.84
50.0,tCal,49.86,49.84,49.84,49.85
50.0,tCal,49.86,49.84,49.84,49.85,49.85
50.0,tCal,49.86,49.84,49.84,49.85,49.85,49.85
50.0,tCal,49.86,49.84,49.84,49.85,49.85,49.85,49.85
50.0,tCal,49.85
50.0,tCal,49.85,49.85
50.0,tCal,49.85,49.85,49.85
50.0,tCal,49.85,49.85,49.85,49.85
50.0,tCal,49.85,49.85,49.85,49.85,49.85
50.0,tCal,49.85,49.85,49.85,49.85,49.85,49.85
50.0,tCal,49.85,49.85,49.85,49.85,49.85,49.85,49.84
50.0,tCal,49.85
50.0,tCal,49.85,49.85
50.0,tCal,49.85,49.85,49.85
50.0,tCal,49.85,49.85,49.85,49.84
50.0,tCal,49.85,49.85,49.85,49.84,49.84
50.0,tCal,49.85,49.85,49.85,49.84,49.84,49.85
50.0,tCal,49.85,49.85,49.85,49.84,49.84,49.85,49.84
50.0,tCal,49.84
50.0,tCal,49.84,49.85
50.0,tCal,49.84,49.85,49.85
50.0,tCal,49.84,49.85,49.85,49.85
50.0,tCal,49.84,49.85,49.85,49.85,49.86
50.0,tCal,49.84,49.85,49.85,49.85,49.86,49.85
50.0,tCal,49.84,49.85,49.85,49.85,49.86,49.85,49.85
50.0,tCal,49.86
50.0,tCal,49.86,49.85
50.0,tCal,49.86,49.85,49.85
50.0,tCal,49.86,49.85,49.85,49.84
50.0,tCal,49.86,49.85,49.85,49.84,49.85
50.0,tCal,49.86,49.85,49.85,49.84,49.85,49.85
50.0,tCal,49.86,49.85,49.85,49.84,49.85,49.85,49.85
50.0,tCal,49.85
50.0,tCal,49.85,49.84
50.0,tCal,49.85,49.84,49.85
50.0,tCal,49.85,49.84,49.85,49.85
50.0,tCal,49.85,49.84,49.85,49.85,49.85
50.0,tCal,49.85,49.84,49.85,49.85,49.85,49.85
50.0,tCal,49.85,49.84,49.85,49.85,49.85,49.85,49.85
50.0,tCal,49.85
50.0,tCal,49.85,49.85
50.0,tCal,49.85,49.85,49.84
50.0,tCal,49.85,49.85,49.84,49.85
50.0,tCal,49.85,49.85,49.84,49.85,49.85
50.0,tCal,49.85,49.85,49.84,49.85,49.85,49.85
50.0,tCal,49.85,49.85,49.84,49.85,49.85,49.85,49.84
50.0,tCal,49.84
50.0,tCal,49.84,49.86
50.0,tCal,49.84,49.86,49.86
50.0,tCal,49.84,49.86,49.86,49.85
50.0,tCal,49.84,49.86,49.86,49.85,49.85
50.0,tCal,49.84,49.86,49.86,49.85,49.85,49.85
50.0,tCal,49.84,49.86,49.86,49.85,49.85,49.85,49.84
50.0,tCal,49.84
50.0,tCal,49.84,49.84
50.0,tCal,49.84,49.84,49.85
50.0,tCal,49.84,49.84,49.85,49.84
50.0,tCal,49.84,49.84,49.85,49.84,49.85
50.0,tCal,49.84,49.84,49.85,49.84,49.85,49.85
50.0,tCal,49.84,49.84,49.85,49.84,49.85,49.85,49.86
50.0,tCal,49.85
50.0,tCal,49.85,49.85
50.0,tCal,49.85,49.85,49.85
50.0,tCal,49.85,49.85,49.85,49.85
50.0,tCal,49.85,49.85,49.85,49.85,49.84
50.0,tCal,49.85,49.85,49.85,49.85,49.84,49.84
50.0,tCal,49.85,49.85,49.85,49.85,49.84,49.84,49.85
50.0,tCal,49.85
50.0,tCal,49.85,49.84
50.0,tCal,49.85,49.84,49.85
50.0,tCal,49.85,49.84,49.85,49.85
50.0,tCal,49.85,49.84,49.85,49.85,49.84
50.0,tCal,49.85,49.84,49.85,49.85,49.84,49.84
50.0,tCal,49.85,49.84,49.85,49.85,49.84,49.84,49.85
50.0,tCal,49.85
50.0,tCal,49.85,49.84
50.0,tCal,49.85,49.84,49.85
50.0,tCal,49.85,49.84,49.85,49.85
50.0,tCal,49.85,49.84,49.85,49.85,49.85
50.0,tCal,49.85,49.84,49.85,49.85,49.85,49.85
50.0,tCal,49.85,49.84,49.85,49.85,49.85,49.85,49.85
50.0,tCal,49.84
50.0,tCal,49.84,49.85
50.0,tCal,49.84,49.85,49.85
50.0,tCal,49.84,49.85,49.85,49.84
50.0,tCal,49.84,49.85,49.85,49.84,49.85
50.0,tCal,49.84,49.85,49.85,49.84,49.85,49.85
50.0,tCal,49.84,49.85,49.85,49.84,49.85,49.85,49.85
50.0,tCal,49.85
50.0,tCal,49.85,49.85
50.0,tCal,49.85,49.85,49.84
50.0,tCal,49.85,49.85,49.84,49.85
50.0,tCal,49.85,49.85,49.84,49.85,49.86
50.0,tCal,49.85,49.85,49.84,49.85,49.86,49.86
50.0,tCal,49.85,49.85,49.84,49.85,49.86,49.86,49.86
50.0,tCal,49.85
50.0,tCal,49.85,49.85
50.0,tCal,49.85,49.85,49.85
50.0,tCal,49.85,49.85,49.85,49.85
50.0,tCal,49.85,49.85,49.85,49.85,49.85
50.0,tCal,49.85,49.85,49.85,49.85,49.85,49.85
50.0,tCal,49.85,49.85,49.85,49.85,49.85,49.85,49.85
50.0,tCal,49.86
50.0,tCal,49.86,49.85
50.0,tCal,49.86,49.85,49.85
50.0,tCal,49.86,49.85,49.85,49.85
50.0,tCal,49.86,49.85,49.85,49.85,49.84
50.0,tCal,49.86,49.85,49.85,49.85,49.84,49.85
50.0,tCal,49.86,49.85,49.85,49.85,49.84,49.85,49.85
50.0,tCal,49.85
50.0,tCal,49.85,49.85
50.0,tCal,49.85,49.85,49.85
50.0,tCal,49.85,49.85,49.85,49.85
50.0,tCal,49.85,49.85,49.85,49.85,49.85
50.0,tCal,49.85,49.85,49.85,49.85,49.85,49.85
50.0,tCal,49.85,49.85,49.85,49.85,49.85,49.85,49.85
50.0,tCal,49.85
50.0,tCal,49.85,49.85
50.0,tCal,49.85,49.85,49.86
50.0,tCal,49.85,49.85,49.86,49.86
50.0,tCal,49.85,49.85,49.86,49.86,49.85
50.0,tCal,49.85,49.85,49.86,49.86,49.85,49.85
50.0,tCal,49.85,49.85,49.86,49.86,49.85,49.85,49.84
50.0,tCal,49.85
50.0,tCal,49.85,49.85
50.0,tCal,49.85,49.85,49.85
50.0,tCal,49.85,49.85,49.85,49.85
50.0,tCal,49.85,49.85,49.85,49.85,49.85
50.0,tCal,49.85,49.85,49.85,49.85,49.85,49.85
50.0,tCal,49.85,49.85,49.85,49.85,49.85,49.85,49.85
50.0,tCal,49.85
50.0,tCal,49.85,49.85
50.0,tCal,49.85,49.85,49.86
50.0,tCal,49.85,49.85,49.86,49.86
50.0,tCal,49.85,49.85,49.86,49.86,49.85
50.0,tCal,49.85,49.85,49.86,49.86,49.85,49.85
50.0,tCal,49.85,49.85,49.86,49.86,49.85,49.85,49.85
50.0,tCal,49.86
50.0,tCal,49.86,49.85
50.0,tCal,49.86,49.85,49.84
50.0,tCal,49.86,49.85,49.84,49.85
50.0,tCal,49.86,49.85,49.84,49.85,49.84
50.0,tCal,49.86,49.85,49.84,49.85,49.84,49.85
50.0,tCal,49.86,49.85,49.84,49.85,49.84,49.85,49.84
50.0,tCal,49.85
50.0,tCal,49.85,49.85
50.0,tCal,49.85,49.85,49.86
50.0,tCal,49.85,49.85,49.86,49.84
50.0,tCal,49.85,49.85,49.86,49.84,49.84
50.0,tCal,49.85,49.85,49.86,49.84,49.84,49.85
50.0,tCal,49.85,49.85,49.86,49.84,49.84,49.85,49.84
50.0,tCal,49.85
50.0,tCal,49.85,49.85
50.0,tCal,49.85,49.85,49.84
50.0,tCal,49.85,49.85,49.84,49.85
50.0,tCal,49.85,49.85,49.84,49.85,49.85
50.0,tCal,49.85,49.85,49.84,49.85,49.85,49.85
50.0,tCal,49.85,49.85,49.84,49.85,49.85,49.85,49.86
50.0,tCal,49.85
50.0,tCal,49.85,49.85
50.0,tCal,49.85,49.85,49.85
50.0,tCal,49.85,49.85,49.85,49.84
50.0,tCal,49.85,49.85,49.85,49.84,49.84
50.0,tCal,49.85,49.85,49.85,49.84,49.84,49.85
50.0,tCal,49.85,49.85,49.85,49.84,49.84,49.85,49.84
50.0,tCal,49.85
50.0,tCal,49.85,49.85
50.0,tCal,49.85,49.85,49.85
50.0,tCal,49.85,49.85,49.85,49.85
50.0,tCal,49.85,49.85,49.85,49.85,49.85
50.0,tCal,49.85,49.85,49.85,49.85,49.85,49.85
50.0,tCal,49.85,49.85,49.85,49.85,49.85,49.85,49.85
50.0,tCal,49.85
50.0,tCal,49.85,49.85
50.0,tCal,49.85,49.85,49.85
50.0,tCal,49.85,49.85,49.85,49.85
50.0,tCal,49.85,49.85,49.85,49.85,49.84
50.0,tCal,49.85,49.85,49.85,49.85,49.84,49.85
50.0,tCal,49.85,49.85,49.85,49.85,49.84,49.85,49.85
50.0,tCal,49.92
50.0,tCal,49.92,49.93
50.0,tCal,49.92,49.93,49.93
50.0,tCal,49.92,49.93,49.93,49.93
50.0,tCal,49.92,49.93,49.93,49.93,49.92
50.0,tCal,49.92,49.93,49.93,49.93,49.92,49.93
50.0,tCal,49.92,49.93,49.93,49.93,49.92,49.93,49.94
50.0,tCal,49.93
50.0,tCal,49.93,49.92
50.0,tCal,49.93,49.92,49.93
50.0,tCal,49.93,49.92,49.93,49.92
50.0,tCal,49.93,49.92,49.93,49.92,49.93
50.0,tCal,49.93,49.92,49.93,49.92,49.93,49.92
50.0,tCal,49.93,49.92,49.93,49.92,49.93,49.92,49.93
50.0,tCal,49.92
50.0,tCal,49.92,49.92
50.0,tCal,49.92,49.92,49.93
50.0,tCal,49.92,49.92,49.93,49.92
50.0,tCal,49.92,49.92,49.93,49.92,49.93
50.0,tCal,49.92,49.92,49.93,49.92,49.93,49.93
50.0,tCal,49.92,49.92,49.93,49.92,49.93,49.93,49.93
50.0,tCal,49.93
50.0,tCal,49.93,49.93
50.0,tCal,49.93,49.93,49.92
50.0,tCal,49.93,49.93,49.92,49.92
50.0,tCal,49.93,49.93,49.92,49.92,49.93
50.0,tCal,49.93,49.93,49.92,49.92,49.93,49.92
50.0,tCal,49.93,49.93,49.92,49.92,49.93,49.92,49.92
50.0,tCal,49.92
50.0,tCal,49.92,49.92
50.0,tCal,49.92,49.92,49.93
50.0,tCal,49.92,49.92,49.93,49.92
50.0,tCal,49.92,49.92,49.93,49.92,49.92
50.0,tCal,49.92,49.92,49.93,49.92,49.92,49.92
50.0,tCal,49.92,49.92,49.93,49.92,49.92,49.92,49.92
50.0,tCal,49.93
50.0,tCal,49.93,49.92
50.0,tCal,49.93,49.92,49.93
50.0,tCal,49.93,49.92,49.93,49.92
50.0,tCal,49.93,49.92,49.93,49.92,49.93
50.0,tCal,49.93,49.92,49.93,49.92,49.93,49.93
50.0,tCal,49.93,49.92,49.93,49.92,49.93,49.93,49.93
50.0,tCal,49.92
50.0,tCal,49.92,49.93
50.0,tCal,49.92,49.93,49.93
50.0,tCal,49.92,49.93,49.93,49.92
50.0,tCal,49.92,49.93,49.93,49.92,49.93
50.0,tCal,49.92,49.93,49.93,49.92,49.93,49.92
50.0,tCal,49.92,49.93,49.93,49.92,49.93,49.92,49.93
50.0,tCal,49.93
50.0,tCal,49.93,49.92
50.0,tCal,49.93,49.92,49.93
50.0,tCal,49.93,49.92,49.93,49.92
50.0,tCal,49.93,49.92,49.93,49.92,49.92
50.0,tCal,49.93,49.92,49.93,49.92,49.92,49.93
50.0,tCal,49.93,49.92,49.93,49.92,49.92,49.93,49.93
50.0,tCal,49.92
50.0,tCal,49.92,49.92
50.0,tCal,49.92,49.92,49.93
50.0,tCal,49.92,49.92,49.93,49.93
50.0,tCal,49.92,49.92,49.93,49.93,49.92
50.0,tCal,49.92,49.92,49.93,49.93,49.92,49.92
50.0,tCal,49.92,49.92,49.93,49.93,49.92,49.92,49.92
50.0,tCal,49.92
50.0,tCal,49.92,49.92
50.0,tCal,49.92,49.92,49.92
50.0,tCal,49.92,49.92,49.92,49.92
50.0,tCal,49.92,49.92,49.92,49.92,49.93
50.0,tCal,49.92,49.92,49.92,49.92,49.93,49.92
50.0,tCal,49.92,49.92,49.92,49.92,49.93,49.92,49.92
50.0,tCal,49.92
50.0,tCal,49.92,49.92
50.0,tCal,49.92,49.92,49.93
50.0,tCal,49.92,49.92,49.93,49.93
50.0,tCal,49.92,49.92,49.93,49.93,49.92
50.0,tCal,49.92,49.92,49.93,49.93,49.92,49.91
50.0,tCal,49.92,49.92,49.93,49.93,49.92,49.91,49.93
50.0,tCal,49.92
50.0,tCal,49.92,49.92
50.0,tCal,49.92,49.92,49.92
50.0,tCal,49.92,49.92,49.92,49.92
50.0,tCal,49.92,49.92,49.92,49.92,49.92
50.0,tCal,49.92,49.92,49.92,49.92,49.92,49.92
50.0,tCal,49.92,49.92,49.92,49.92,49.92,49.92,49.93
50.0,tCal,49.93
50.0,tCal,49.93,49.93
50.0,tCal,49.93,49.93,49.92
50.0,tCal,49.93,49.93,49.92,49.92
50.0,tCal,49.93,49.93,49.92,49.92,49.93
50.0,tCal,49.93,49.93,49.92,49.92,49.93,49.92
50.0,tCal,49.93,49.93,49.92,49.92,49.93,49.92,49.93
50.0,tCal,49.92
50.0,tCal,49.92,49.93
50.0,tCal,49.92,49.93,49.92
50.0,tCal,49.92,49.93,49.92,49.92
50.0,tCal,49.92,49.93,49.92,49.92,49.92
50.0,tCal,49.92,49.93,49.92,49.92,49.92,49.92
50.0,tCal,49.92,49.93,49.92,49.92,49.92,49.92,49.92
50.0,tCal,49.92
50.0,tCal,49.92,49.93
50.0,tCal,49.92,49.93,49.92
50.0,tCal,49.92,49.93,49.92,49.92
50.0,tCal,49.92,49.93,49.92,49.92,49.92
50.0,tCal,49.92,49.93,49.92,49.92,49.92,49.93
50.0,tCal,49.92,49.93,49.92,49.92,49.92,49.93,49.92
50.0,tCal,49.91
50.0,tCal,49.91,49.92
50.0,tCal,49.91,49.92,49.91
50.0,tCal,49.91,49.92,49.91,49.92
50.0,tCal,49.91,49.92,49.91,49.92,49.91
50.0,tCal,49.91,49.92,49.91,49.92,49.91,49.91
50.0,tCal,49.91,49.92,49.91,49.92,49.91,49.91,49.92
50.0,tCal,49.92
50.0,tCal,49.92,49.92
50.0,tCal,49.92,49.92,49.92
50.0,tCal,49.92,49.92,49.92,49.92
50.0,tCal,49.92,49.92,49.92,49.92,49.92
50.0,tCal,49.92,49.92,49.92,49.92,49.92,49.92
50.0,tCal,49.92,49.92,49.92,49.92,49.92,49.92,49.92
50.0,tCal,49.92
50.0,tCal,49.92,49.92
50.0,tCal,49.92,49.92,49.92
50.0,tCal,49.92,49.92,49.92,49.92
50.0,tCal,49.92,49.92,49.92,49.92,49.92
50.0,tCal,49.92,49.92,49.92,49.92,49.92,49.91
50.0,tCal,49.92,49.92,49.92,49.92,49.92,49.91,49.91
50.0,tCal,49.92
50.0,tCal,49.92,49.92
50.0,tCal,49.92,49.92,49.92
50.0,tCal,49.92,49.92,49.92,49.91
50.0,tCal,49.92,49.92,49.92,49.91,49.92
50.0,tCal,49.92,49.92,49.92,49.91,49.92,49.92
50.0,tCal,49.92,49.92,49.92,49.91,49.92,49.92,49.92
50.0,tCal,49.92
50.0,tCal,49.92,49.92
50.0,tCal,49.92,49.92,49.92
50.0,tCal,49.92,49.92,49.92,49.91
50.0,tCal,49.92,49.92,49.92,49.91,49.91
50.0,tCal,49.92,49.92,49.92,49.91,49.91,49.92
50.0,tCal,49.92,49.92,49.92,49.91,49.91,49.92,49.92
50.0,tCal,49.92
50.0,tCal,49.92,49.92
50.0,tCal,49.92,49.92,49.92
50.0,tCal,49.92,49.92,49.92,49.91
50.0,tCal,49.92,49.92,49.92,49.91,49.91
50.0,tCal,49.92,49.92,49.92,49.91,49.91,49.93
50.0,tCal,49.92,49.92,49.92,49.91,49.91,49.93,49.91
50.0,tCal,49.92
50.0,tCal,49.92,49.92
50.0,tCal,49.92,49.92,49.91
50.0,tCal,49.92,49.92,49.91,49.91
50.0,tCal,49.92,49.92,49.91,49.91,49.92
50.0,tCal,49.92,49.92,49.91,49.91,49.92,49.93
50.0,tCal,49.92,49.92,49.91,49.91,49.92,49.93,49.92
50.0,tCal,49.93
50.0,tCal,49.93,49.92
50.0,tCal,49.93,49.92,49.92
50.0,tCal,49.93,49.92,49.92,49.92
50.0,tCal,49.93,49.92,49.92,49.92,49.92
50.0,tCal,49.93,49.92,49.92,49.92,49.92,49.92
50.0,tCal,49.93,49.92,49.92,49.92,49.92,49.92,49.91
50.0,tCal,49.92
50.0,tCal,49.92,49.92
50.0,tCal,49.92,49.92,49.92
50.0,tCal,49.92,49.92,49.92,49.92
50.0,tCal,49.92,49.92,49.92,49.92,49.91
50.0,tCal,49.92,49.92,49.92,49.92,49.91,49.92
50.0,tCal,49.92,49.92,49.92,49.92,49.91,49.92,49.91
50.0,tCal,49.92
50.0,tCal,49.92,49.92
50.0,tCal,49.92,49.92,49.92
50.0,tCal,49.92,49.92,49.92,49.91
50.0,tCal,49.92,49.92,49.92,49.91,49.91
50.0,tCal,49.92,49.92,49.92,49.91,49.91,49.91
50.0,tCal,49.92,49.92,49.92,49.91,49.91,49.91,49.91
50.0,tCal,49.92
50.0,tCal,49.92,49.92
50.0,tCal,49.92,49.92,49.92
50.0,tCal,49.92,49.92,49.92,49.91
50.0,tCal,49.92,49.92,49.92,49.91,49.91
50.0,tCal,49.92,49.92,49.92,49.91,49.91,49.92
50.0,tCal,49.92,49.92,49.92,49.91,49.91,49.92,49.92
50.0,tCal,49.92
50.0,tCal,49.92,49.92
50.0,tCal,49.92,49.92,49.92
50.0,tCal,49.92,49.92,49.92,49.93
50.0,tCal,49.92,49.92,49.92,49.93,49.92
50.0,tCal,49.92,49.92,49.92,49.93,49.92,49.92
50.0,tCal,49.92,49.92,49.92,49.93,49.92,49.92,49.91
50.0,tCal,49.92
50.0,tCal,49.92,49.93
50.0,tCal,49.92,49.93,49.92
50.0,tCal,49.92,49.93,49.92,49.93
50.0,tCal,49.92,49.93,49.92,49.93,49.92
50.0,tCal,49.92,49.93,49.92,49.93,49.92,49.92
50.0,tCal,49.92,49.93,49.92,49.93,49.92,49.92,49.92
50.0,tCal,49.92
50.0,tCal,49.92,49.92
50.0,tCal,49.92,49.92,49.93
50.0,tCal,49.92,49.92,49.93,49.92
50.0,tCal,49.92,49.92,49.93,49.92,49.93
50.0,tCal,49.92,49.92,49.93,49.92,49.93,49.92
50.0,tCal,49.92,49.92,49.93,49.92,49.93,49.92,49.92
50.0,tCal,49.93
50.0,tCal,49.93,49.93
50.0,tCal,49.93,49.93,49.92
50.0,tCal,49.93,49.93,49.92,49.92
50.0,tCal,49.93,49.93,49.92,49.92,49.92
50.0,tCal,49.93,49.93,49.92,49.92,49.92,49.92
50.0,tCal,49.93,49.93,49.92,49.92,49.92,49.92,49.93
50.0,tCal,49.92
50.0,tCal,49.92,49.92
50.0,tCal,49.92,49.92,49.92
50.0,tCal,49.92,49.92,49.92,49.92
50.0,tCal,49.92,49.92,49.92,49.92,49.92
50.0,tCal,49.92,49.92,49.92,49.92,49.92,49.92
50.0,tCal,49.92,49.92,49.92,49.92,49.92,49.92,49.92
50.0,tCal,49.91
50.0,tCal,49.91,49.92
50.0,tCal,49.91,49.92,49.93
50.0,tCal,49.91,49.92,49.93,49.93
50.0,tCal,49.91,49.92,49.93,49.93,49.93
50.0,tCal,49.91,49.92,49.93,49.93,49.93,49.92
50.0,tCal,49.91,49.92,49.93,49.93,49.93,49.92,49.92
50.0,tCal,49.93
50.0,tCal,49.93,49.92
50.0,tCal,49.93,49.92,49.93
50.0,tCal,49.93,49.92,49.93,49.93
50.0,tCal,49.93,49.92,49.93,49.93,49.93
50.0,tCal,49.93,49.92,49.93,49.93,49.93,49.93
50.0,tCal,49.93,49.92,49.93,49.93,49.93,49.93,49.92
50.0,tCal,49.92
50.0,tCal,49.92,49.93
50.0,tCal,49.92,49.93,49.92
50.0,tCal,49.92,49.93,49.92,49.92
50.0,tCal,49.92,49.93,49.92,49.92,49.92
50.0,tCal,49.92,49.93,49.92,49.92,49.92,49.92
50.0,tCal,49.92,49.93,49.92,49.92,49.92,49.92,49.92
50.0,tCal,49.92
50.0,tCal,49.92,49.92
50.0,tCal,49.92,49.92,49.92
50.0,tCal,49.92,49.92,49.92,49.92
50.0,tCal,49.92,49.92,49.92,49.92,49.92
50.0,tCal,49.92,49.92,49.92,49.92,49.92,49.92
50.0,tCal,49.92,49.92,49.92,49.92,49.92,49.92,49.93
50.0,tCal,49.92
50.0,tCal,49.92,49.93
50.0,tCal,49.92,49.93,49.92
50.0,tCal,49.92,49.93,49.92,49.92
50.0,tCal,49.92,49.93,49.92,49.92,49.92
50.0,tCal,49.92,49.93,49.92,49.92,49.92,49.92
50.0,tCal,49.92,49.93,49.92,49.92,49.92,49.92,49.92
50.0,tCal,49.92
50.0,tCal,49.92,49.93
50.0,tCal,49.92,49.93,49.92
50.0,tCal,49.92,49.93,49.92,49.92
50.0,tCal,49.92,49.93,49.92,49.92,49.93
50.0,tCal,49.92,49.93,49.92,49.92,49.93,49.92
50.0,tCal,49.92,49.93,49.92,49.92,49.93,49.92,49.92
50.0,tCal,49.92
50.0,tCal,49.92,49.92
50.0,tCal,49.92,49.92,49.93
50.0,tCal,49.92,49.92,49.93,49.93
50.0,tCal,49.92,49.92,49.93,49.93,49.93
50.0,tCal,49.92,49.92,49.93,49.93,49.93,49.93
50.0,tCal,49.92,49.92,49.93,49.93,49.93,49.93,49.92
50.0,tCal,49.92
50.0,tCal,49.92,49.92
50.0,tCal,49.92,49.92,49.93
50.0,tCal,49.92,49.92,49.93,49.92
50.0,tCal,49.92,49.92,49.93,49.92,49.92
50.0,tCal,49.92,49.92,49.93,49.92,49.92,49.93
50.0,tCal,49.92,49.92,49.93,49.92,49.92,49.93,49.92
50.0,tCal,49.92
50.0,tCal,49.92,49.92
50.0,tCal,49.92,49.92,49.92
50.0,tCal,49.92,49.92,49.92,49.91
50.0,tCal,49.92,49.92,49.92,49.91,49.92
50.0,tCal,49.92,49.92,49.92,49.91,49.92,49.92
50.0,tCal,49.92,49.92,49.92,49.91,49.92,49.92,49.92
50.0,tCal,49.92
50.0,tCal,49.92,49.92
50.0,tCal,49.92,49.92,49.92
50.0,tCal,49.92,49.92,49.92,49.92
50.0,tCal,49.92,49.92,49.92,49.92,49.93
50.0,tCal,49.92,49.92,49.92,49.92,49.93,49.93
50.0,tCal,49.92,49.92,49.92,49.92,49.93,49.93,49.92
50.0,tCal,49.92
50.0,tCal,49.92,49.92
50.0,tCal,49.92,49.92,49.92
50.0,tCal,49.92,49.92,49.92,49.93
50.0,tCal,49.92,49.92,49.92,49.93,49.92
50.0,tCal,49.92,49.92,49.92,49.93,49.92,49.92
50.0,tCal,49.92,49.92,49.92,49.93,49.92,49.92,49.93
50.0,tCal,49.92
50.0,tCal,49.92,49.92
50.0,tCal,49.92,49.92,49.92
50.0,tCal,49.92,49.92,49.92,49.92
50.0,tCal,49.92,49.92,49.92,49.92,49.92
50.0,tCal,49.92,49.92,49.92,49.92,49.92,49.93
50.0,tCal,49.92,49.92,49.92,49.92,49.92,49.93,49.92
50.0,tCal,49.92
50.0,tCal,49.92,49.92
50.0,tCal,49.92,49.92,49.93
50.0,tCal,49.92,49.92,49.93,49.92
50.0,tCal,49.92,49.92,49.93,49.92,49.93
50.0,tCal,49.92,49.92,49.93,49.92,49.93,49.92
50.0,tCal,49.92,49.92,49.93,49.92,49.93,49.92,49.92
50.0,tCal,49.92
50.0,tCal,49.92,49.92
50.0,tCal,49.92,49.92,49.92
50.0,tCal,49.92,49.92,49.92,49.92
50.0,tCal,49.92,49.92,49.92,49.92,49.92
50.0,tCal,49.92,49.92,49.92,49.92,49.92,49.92
50.0,tCal,49.92,49.92,49.92,49.92,49.92,49.92,49.92
50.0,tCal,49.92
50.0,tCal,49.92,49.92
50.0,tCal,49.92,49.92,49.93
50.0,tCal,49.92,49.92,49.93,49.92
50.0,tCal,49.92,49.92,49.93,49.92,49.92
50.0,tCal,49.92,49.92,49.93,49.92,49.92,49.92
50.0,tCal,49.92,49.92,49.93,49.92,49.92,49.92,49.93
50.0,tCal,49.92
50.0,tCal,49.92,49.92
50.0,tCal,49.92,49.92,49.92
50.0,tCal,49.92,49.92,49.92,49.92
50.0,tCal,49.92,49.92,49.92,49.92,49.92
50.0,tCal,49.92,49.92,49.92,49.92,49.92,49.92
50.0,tCal,49.92,49.92,49.92,49.92,49.92,49.92,49.92
50.0,tCal,49.91
50.0,tCal,49.91,49.93
50.0,tCal,49.91,49.93,49.93
50.0,tCal,49.91,49.93,49.93,49.92
50.0,tCal,49.91,49.93,49.93,49.92,49.92
50.0,tCal,49.91,49.93,49.93,49.92,49.92,49.91
50.0,tCal,49.91,49.93,49.93,49.92,49.92,49.91,49.91
50.0,tCal,49.92
50.0,tCal,49.92,49.93
50.0,tCal,49.92,49.93,49.91
50.0,tCal,49.92,49.93,49.91,49.92
50.0,tCal,49.92,49.93,49.91,49.92,49.92
50.0,tCal,49.92,49.93,49.91,49.92,49.92,49.92
50.0,tCal,49.92,49.93,49.91,49.92,49.92,49.92,49.92
50.0,tCal,49.92
50.0,tCal,49.92,49.92
50.0,tCal,49.92,49.92,49.91
50.0,tCal,49.92,49.92,49.91,49.92
50.0,tCal,49.92,49.92,49.91,49.92,49.92
50.0,tCal,49.92,49.92,49.91,49.92,49.92,49.93
50.0,tCal,49.92,49.92,49.91,49.92,49.92,49.93,49.93
50.0,tCal,49.92
50.0,tCal,49.92,49.92
50.0,tCal,49.92,49.92,49.93
50.0,tCal,49.92,49.92,49.93,49.92
50.0,tCal,49.92,49.92,49.93,49.92,49.92
50.0,tCal,49.92,49.92,49.93,49.92,49.92,49.92
50.0,tCal,49.92,49.92,49.93,49.92,49.92,49.92,49.91
50.0,tCal,49.91
50.0,tCal,49.91,49.91
50.0,tCal,49.91,49.91,49.92
50.0,tCal,49.91,49.91,49.92,49.92
50.0,tCal,49.91,49.91,49.92,49.92,49.93
50.0,tCal,49.91,49.91,49.92,49.92,49.93,49.92
50.0,tCal,49.91,49.91,49.92,49.92,49.93,49.92,49.92
50.0,tCal,49.92
50.0,tCal,49.92,49.92
50.0,tCal,49.92,49.92,49.92
50.0,tCal,49.92,49.92,49.92,49.92
50.0,tCal,49.92,49.92,49.92,49.92,49.93
50.0,tCal,49.92,49.92,49.92,49.92,49.93,49.92
50.0,tCal,49.92,49.92,49.92,49.92,49.93,49.92,49.91
50.0,tCal,49.92
50.0,tCal,49.92,49.92
50.0,tCal,49.92,49.92,49.91
50.0,tCal,49.92,49.92,49.91,49.92
50.0,tCal,49.92,49.92,49.91,49.92,49.92
50.0,tCal,49.92,49.92,49.91,49.92,49.92,49.91
50.0,tCal,49.92,49.92,49.91,49.92,49.92,49.91,49.92
50.0,tCal,49.92
50.0,tCal,49.92,49.92
50.0,tCal,49.92,49.92,49.92
50.0,tCal,49.92,49.92,49.92,49.93
50.0,tCal,49.92,49.92,49.92,49.93,49.92
50.0,tCal,49.92,49.92,49.92,49.93,49.92,49.92
50.0,tCal,49.92,49.92,49.92,49.93,49.92,49.92,49.92
50.0,tCal,49.92
50.0,tCal,49.92,49.92
50.0,tCal,49.92,49.92,49.92
50.0,tCal,49.92,49.92,49.92,49.92
50.0,tCal,49.92,49.92,49.92,49.92,49.91
50.0,tCal,49.92,49.92,49.92,49.92,49.91,49.93
50.0,tCal,49.92,49.92,49.92,49.92,49.91,49.93,49.91
50.0,tCal,49.92
50.0,tCal,49.92,49.92
50.0,tCal,49.92,49.92,49.93
50.0,tCal,49.92,49.92,49.93,49.92
50.0,tCal,49.92,49.92,49.93,49.92,49.93
50.0,tCal,49.92,49.92,49.93,49.92,49.93,49.94
50.0,tCal,49.92,49.92,49.93,49.92,49.93,49.94,49.92
50.0,tCal,49.91
50.0,tCal,49.91,49.93
50.0,tCal,49.91,49.93,49.92
50.0,tCal,49.91,49.93,49.92,49.92
50.0,tCal,49.91,49.93,49.92,49.92,49.92
50.0,tCal,49.91,49.93,49.92,49.92,49.92,49.93
50.0,tCal,49.91,49.93,49.92,49.92,49.92,49.93,49.93
50.0,tCal,49.92
50.0,tCal,49.92,49.92
50.0,tCal,49.92,49.92,49.92
50.0,tCal,49.92,49.92,49.92,49.92
50.0,tCal,49.92,49.92,49.92,49.92,49.92
50.0,tCal,49.92,49.92,49.92,49.92,49.92,49.92
50.0,tCal,49.92,49.92,49.92,49.92,49.92,49.92,49.92
50.0,tCal,49.93
50.0,tCal,49.93,49.93
50.0,tCal,49.93,49.93,49.92
50.0,tCal,49.93,49.93,49.92,49.91
50.0,tCal,49.93,49.93,49.92,49.91,49.93
50.0,tCal,49.93,49.93,49.92,49.91,49.93,49.93
50.0,tCal,49.93,49.93,49.92,49.91,49.93,49.93,49.93
50.0,tCal,49.92
50.0,tCal,49.92,49.92
50.0,tCal,49.92,49.92,49.92
50.0,tCal,49.92,49.92,49.92,49.92
50.0,tCal,49.92,49.92,49.92,49.92,49.92
50.0,tCal,49.92,49.92,49.92,49.92,49.92,49.91
50.0,tCal,49.92,49.92,49.92,49.92,49.92,49.91,49.93
50.0,tCal,49.92
50.0,tCal,49.92,49.93
50.0,tCal,49.92,49.93,49.92
50.0,tCal,49.92,49.93,49.92,49.93
50.0,tCal,49.92,49.93,49.92,49.93,49.93
50.0,tCal,49.92,49.93,49.92,49.93,49.93,49.92
50.0,tCal,49.92,49.93,49.92,49.93,49.93,49.92,49.93
50.0,tCal,49.92
50.0,tCal,49.92,49.93
50.0,tCal,49.92,49.93,49.92
50.0,tCal,49.92,49.93,49.92,49.92
50.0,tCal,49.92,49.93,49.92,49.92,49.93
50.0,tCal,49.92,49.93,49.92,49.92,49.93,49.92
50.0,tCal,49.92,49.93,49.92,49.92,49.93,49.92,49.93
50.0,tCal,49.93
50.0,tCal,49.93,49.93
50.0,tCal,49.93,49.93,49.93
50.0,tCal,49.93,49.93,49.93,49.92
50.0,tCal,49.93,49.93,49.93,49.92,49.92
50.0,tCal,49.93,49.93,49.93,49.92,49.92,49.93
50.0,tCal,49.93,49.93,49.93,49.92,49.92,49.93,49.92
50.0,tCal,49.93
50.0,tCal,49.93,49.93
50.0,tCal,49.93,49.93,49.93
50.0,tCal,49.93,49.93,49.93,49.93
50.0,tCal,49.93,49.93,49.93,49.93,49.92
50.0,tCal,49.93,49.93,49.93,49.93,49.92,49.92
50.0,tCal,49.93,49.93,49.93,49.93,49.92,49.92,49.92
50.0,tCal,49.92
50.0,tCal,49.92,49.92
50.0,tCal,49.92,49.92,49.92
50.0,tCal,49.92,49.92,49.92,49.92
50.0,tCal,49.92,49.92,49.92,49.92,49.92
50.0,tCal,49.92,49.92,49.92,49.92,49.92,49.92
50.0,tCal,49.92,49.92,49.92,49.92,49.92,49.92,49.93
50.0,tCal,49.92
50.0,tCal,49.92,49.92
50.0,tCal,49.92,49.92,49.93
50.0,tCal,49.92,49.92,49.93,49.93
50.0,tCal,49.92,49.92,49.93,49.93,49.92
50.0,tCal,49.92,49.92,49.93,49.93,49.92,49.92
50.0,tCal,49.92,49.92,49.93,49.93,49.92,49.92,49.92
50.0,tCal,49.92
50.0,tCal,49.92,49.92
50.0,tCal,49.92,49.92,49.91
50.0,tCal,49.92,49.92,49.91,49.93
50.0,tCal,49.92,49.92,49.91,49.93,49.93
50.0,tCal,49.92,49.92,49.91,49.93,49.93,49.93
50.0,tCal,49.92,49.92,49.91,49.93,49.93,49.93,49.92
50.0,tCal,49.92
50.0,tCal,49.92,49.93
50.0,tCal,49.92,49.93,49.92
50.0,tCal,49.92,49.93,49.92,49.93
50.0,tCal,49.92,49.93,49.92,49.93,49.93
50.0,tCal,49.92,49.93,49.92,49.93,49.93,49.92
50.0,tCal,49.92,49.93,49.92,49.93,49.93,49.92,49.92
50.0,tCal,49.92
50.0,tCal,49.92,49.93
50.0,tCal,49.92,49.93,49.92
50.0,tCal,49.92,49.93,49.92,49.92
50.0,tCal,49.92,49.93,49.92,49.92,49.92
50.0,tCal,49.92,49.93,49.92,49.92,49.92,49.92
50.0,tCal,49.92,49.93,49.92,49.92,49.92,49.92,49.93
50.0,tCal,49.92
50.0,tCal,49.92,49.92
50.0,tCal,49.92,49.92,49.92
50.0,tCal,49.92,49.92,49.92,49.92
50.0,tCal,49.92,49.92,49.92,49.92,49.92
50.0,tCal,49.92,49.92,49.92,49.92,49.92,49.93
50.0,tCal,49.92,49.92,49.92,49.92,49.92,49.93,49.92
50.0,tCal,49.92
50.0,tCal,49.92,49.92
50.0,tCal,49.92,49.92,49.92
50.0,tCal,49.92,49.92,49.92,49.92
50.0,tCal,49.92,49.92,49.92,49.92,49.93
50.0,tCal,49.92,49.92,49.92,49.92,49.93,49.92
50.0,tCal,49.92,49.92,49.92,49.92,49.93,49.92,49.92
50.0,tCal,49.92
50.0,tCal,49.92,49.91
50.0,tCal,49.92,49.91,49.92
50.0,tCal,49.92,49.91,49.92,49.93
50.0,tCal,49.92,49.91,49.92,49.93,49.92
50.0,tCal,49.92,49.91,49.92,49.93,49.92,49.92
50.0,tCal,49.92,49.91,49.92,49.93,49.92,49.92,49.93
50.0,tCal,49.92
50.0,tCal,49.92,49.92
50.0,tCal,49.92,49.92,49.92
50.0,tCal,49.92,49.92,49.92,49.92
50.0,tCal,49.92,49.92,49.92,49.92,49.91
50.0,tCal,49.92,49.92,49.92,49.92,49.91,49.92
50.0,tCal,49.92,49.92,49.92,49.92,49.91,49.92,49.93
50.0,tCal,49.92
50.0,tCal,49.92,49.91
50.0,tCal,49.92,49.91,49.92
50.0,tCal,49.92,49.91,49.92,49.92
50.0,tCal,49.92,49.91,49.92,49.92,49.92
50.0,tCal,49.92,49.91,49.92,49.92,49.92,49.92
50.0,tCal,49.92,49.91,49.92,49.92,49.92,49.92,49.91
50.0,tCal,49.92
50.0,tCal,49.92,49.92
50.0,tCal,49.92,49.92,49.92
50.0,tCal,49.92,49.92,49.92,49.92
50.0,tCal,49.92,49.92,49.92,49.92,49.92
50.0,tCal,49.92,49.92,49.92,49.92,49.92,49.92
50.0,tCal,49.92,49.92,49.92,49.92,49.92,49.92,49.92
50.0,tCal,49.92
50.0,tCal,49.92,49.93
50.0,tCal,49.92,49.93,49.93
50.0,tCal,49.92,49.93,49.93,49.91
50.0,tCal,49.92,49.93,49.93,49.91,49.91
50.0,tCal,49.92,49.93,49.93,49.91,49.91,49.92
50.0,tCal,49.92,49.93,49.93,49.91,49.91,49.92,49.91
50.0,tCal,49.91
50.0,tCal,49.91,49.92
50.0,tCal,49.91,49.92,49.92
50.0,tCal,49.91,49.92,49.92,49.91
50.0,tCal,49.91,49.92,49.92,49.91,49.92
50.0,tCal,49.91,49.92,49.92,49.91,49.92,49.92
50.0,tCal,49.91,49.92,49.92,49.91,49.92,49.92,49.93
50.0,tCal,49.91
50.0,tCal,49.91,49.91
50.0,tCal,49.91,49.91,49.93
50.0,tCal,49.91,49.91,49.93,49.91
50.0,tCal,49.91,49.91,49.93,49.91,49.91
50.0,tCal,49.91,49.91,49.93,49.91,49.91,49.91
50.0,tCal,49.91,49.91,49.93,49.91,49.91,49.91,49.92
50.0,tCal,49.91
50.0,tCal,49.91,49.91
50.0,tCal,49.91,49.91,49.91
50.0,tCal,49.91,49.91,49.91,49.91
50.0,tCal,49.91,49.91,49.91,49.91,49.92
50.0,tCal,49.91,49.91,49.91,49.91,49.92,49.92
50.0,tCal,49.91,49.91,49.91,49.91,49.92,49.92,49.92
50.0,tCal,49.92
50.0,tCal,49.92,49.92
50.0,tCal,49.92,49.92,49.92
50.0,tCal,49.92,49.92,49.92,49.92
50.0,tCal,49.92,49.92,49.92,49.92,49.92
50.0,tCal,49.92,49.92,49.92,49.92,49.92,49.92
50.0,tCal,49.92,49.92,49.92,49.92,49.92,49.92,49.92
50.0,tCal,49.92
50.0,tCal,49.92,49.92
50.0,tCal,49.92,49.92,49.92
50.0,tCal,49.92,49.92,49.92,49.92
50.0,tCal,49.92,49.92,49.92,49.92,49.92
50.0,tCal,49.92,49.92,49.92,49.92,49.92,49.91
50.0,tCal,49.92,49.92,49.92,49.92,49.92,49.91,49.92
50.0,tCal,49.91
50.0,tCal,49.91,49.91
50.0,tCal,49.91,49.91,49.92
50.0,tCal,49.91,49.91,49.92,49.91
50.0,tCal,49.91,49.91,49.92,49.91,49.91
50.0,tCal,49.91,49.91,49.92,49.91,49.91,49.91
50.0,tCal,49.91,49.91,49.92,49.91,49.91,49.91,49.91
50.0,tCal,49.92
50.0,tCal,49.92,49.91
50.0,tCal,49.92,49.91,49.92
50.0,tCal,49.92,49.91,49.92,49.91
50.0,tCal,49.92,49.91,49.92,49.91,49.91
50.0,tCal,49.92,49.91,49.92,49.91,49.91,49.92
50.0,tCal,49.92,49.91,49.92,49.91,49.91,49.92,49.91
50.0,tCal,49.92
50.0,tCal,49.92,49.91
50.0,tCal,49.92,49.91,49.92
50.0,tCal,49.92,49.91,49.92,49.91
50.0,tCal,49.92,49.91,49.92,49.91,49.92
50.0,tCal,49.92,49.91,49.92,49.91,49.92,49.92
50.0,tCal,49.92,49.91,49.92,49.91,49.92,49.92,49.91
50.0,tCal,49.92
50.0,tCal,49.92,49.91
50.0,tCal,49.92,49.91,49.92
50.0,tCal,49.92,49.91,49.92,49.92
50.0,tCal,49.92,49.91,49.92,49.92,49.92
50.0,tCal,49.92,49.91,49.92,49.92,49.92,49.91
50.0,tCal,49.92,49.91,49.92,49.92,49.92,49.91,49.92
50.0,tCal,49.91
50.0,tCal,49.91,49.91
50.0,tCal,49.91,49.91,49.92
50.0,tCal,49.91,49.91,49.92,49.91
50.0,tCal,49.91,49.91,49.92,49.91,49.91
50.0,tCal,49.91,49.91,49.92,49.91,49.91,49.92
50.0,tCal,49.91,49.91,49.92,49.91,49.91,49.92,49.92
50.0,tCal,49.91
50.0,tCal,49.91,49.92
50.0,tCal,49.91,49.92,49.91
50.0,tCal,49.91,49.92,49.91,49.92
50.0,tCal,49.91,49.92,49.91,49.92,49.92
50.0,tCal,49.91,49.92,49.91,49.92,49.92,49.92
50.0,tCal,49.91,49.92,49.91,49.92,49.92,49.92,49.92
50.0,tCal,49.92
50.0,tCal,49.92,49.91
50.0,tCal,49.92,49.91,49.91
50.0,tCal,49.92,49.91,49.91,49.92
50.0,tCal,49.92,49.91,49.91,49.92,49.91
50.0,tCal,49.92,49.91,49.91,49.92,49.91,49.91
50.0,tCal,49.92,49.91,49.91,49.92,49.91,49.91,49.92
50.0,tCal,49.91
50.0,tCal,49.91,49.92
50.0,tCal,49.91,49.92,49.92
50.0,tCal,49.91,49.92,49.92,49.92
50.0,tCal,49.91,49.92,49.92,49.92,49.92
50.0,tCal,49.91,49.92,49.92,49.92,49.92,49.91
50.0,tCal,49.91,49.92,49.92,49.92,49.92,49.91,49.92
50.0,tCal,49.91
50.0,tCal,49.91,49.92
50.0,tCal,49.91,49.92,49.91
50.0,tCal,49.91,49.92,49.91,49.92
50.0,tCal,49.91,49.92,49.91,49.92,49.92
50.0,tCal,49.91,49.92,49.91,49.92,49.92,49.91
50.0,tCal,49.91,49.92,49.91,49.92,49.92,49.91,49.92
50.0,tCal,49.91
50.0,tCal,49.91,49.91
50.0,tCal,49.91,49.91,49.92
50.0,tCal,49.91,49.91,49.92,49.92
50.0,tCal,49.91,49.91,49.92,49.92,49.91
50.0,tCal,49.91,49.91,49.92,49.92,49.91,49.92
50.0,tCal,49.91,49.91,49.92,49.92,49.91,49.92,49.92
50.0,tCal,49.91
50.0,tCal,49.91,49.91
50.0,tCal,49.91,49.91,49.92
50.0,tCal,49.91,49.91,49.92,49.92
50.0,tCal,49.91,49.91,49.92,49.92,49.92
50.0,tCal,49.91,49.91,49.92,49.92,49.92,49.91
50.0,tCal,49.91,49.91,49.92,49.92,49.92,49.91,49.91
50.0,tCal,49.92
50.0,tCal,49.92,49.91
50.0,tCal,49.92,49.91,49.91
50.0,tCal,49.92,49.91,49.91,49.91
50.0,tCal,49.92,49.91,49.91,49.91,49.91
50.0,tCal,49.92,49.91,49.91,49.91,49.91,49.91
50.0,tCal,49.92,49.91,49.91,49.91,49.91,49.91,49.91
50.0,tCal,49.92
50.0,tCal,49.92,49.91
50.0,tCal,49.92,49.91,49.91
50.0,tCal,49.92,49.91,49.91,49.92
50.0,tCal,49.92,49.91,49.91,49.92,49.91
50.0,tCal,49.92,49.91,49.91,49.92,49.91,49.91
50.0,tCal,49.92,49.91,49.91,49.92,49.91,49.91,49.91
50.0,tCal,49.92
50.0,tCal,49.92,49.92
50.0,tCal,49.92,49.92,49.91
50.0,tCal,49.92,49.92,49.91,49.92
50.0,tCal,49.92,49.92,49.91,49.92,49.91
50.0,tCal,49.92,49.92,49.91,49.92,49.91,49.91
50.0,tCal,49.92,49.92,49.91,49.92,49.91,49.91,49.91
50.0,tCal,49.91
50.0,tCal,49.91,49.92
50.0,tCal,49.91,49.92,49.92
50.0,tCal,49.91,49.92,49.92,49.92
50.0,tCal,49.91,49.92,49.92,49.92,49.91
50.0,tCal,49.91,49.92,49.92,49.92,49.91,49.92
50.0,tCal,49.91,49.92,49.92,49.92,49.91,49.92,49.91
50.0,tCal,49.93
50.0,tCal,49.93,49.92
50.0,tCal,49.93,49.92,49.92
50.0,tCal,49.93,49.92,49.92,49.91
50.0,tCal,49.93,49.92,49.92,49.91,49.92
50.0,tCal,49.93,49.92,49.92,49.91,49.92,49.91
50.0,tCal,49.93,49.92,49.92,49.91,49.92,49.91,49.91
50.0,tCal,49.92
50.0,tCal,49.92,49.92
50.0,tCal,49.92,49.92,49.9
50.0,tCal,49.92,49.92,49.9,49.92
50.0,tCal,49.92,49.92,49.9,49.92,49.91
50.0,tCal,49.92,49.92,49.9,49.92,49.91,49.92
50.0,tCal,49.92,49.92,49.9,49.92,49.91,49.92,49.92
50.0,tCal,49.91
50.0,tCal,49.91,49.91
50.0,tCal,49.91,49.91,49.92
50.0,tCal,49.91,49.91,49.92,49.91
50.0,tCal,49.91,49.91,49.92,49.91,49.9
50.0,tCal,49.91,49.91,49.92,49.91,49.9,49.91
50.0,tCal,49.91,49.91,49.92,49.91,49.9,49.91,49.91
50.0,tCal,49.91
50.0,tCal,49.91,49.91
50.0,tCal,49.91,49.91,49.91
50.0,tCal,49.91,49.91,49.91,49.92
50.0,tCal,49.91,49.91,49.91,49.92,49.91
50.0,tCal,49.91,49.91,49.91,49.92,49.91,49.91
50.0,tCal,49.91,49.91,49.91,49.92,49.91,49.91,49.92
50.0,tCal,49.91
50.0,tCal,49.91,49.91
50.0,tCal,49.91,49.91,49.91
50.0,tCal,49.91,49.91,49.91,49.91
50.0,tCal,49.91,49.91,49.91,49.91,49.91
50.0,tCal,49.91,49.91,49.91,49.91,49.91,49.91
50.0,tCal,49.91,49.91,49.91,49.91,49.91,49.91,49.91
50.0,tCal,49.91
50.0,tCal,49.91,49.92
50.0,tCal,49.91,49.92,49.92
50.0,tCal,49.91,49.92,49.92,49.92
50.0,tCal,49.91,49.92,49.92,49.92,49.91
50.0,tCal,49.91,49.92,49.92,49.92,49.91,49.92
50.0,tCal,49.91,49.92,49.92,49.92,49.91,49.92,49.92
50.0,tCal,49.92
50.0,tCal,49.92,49.92
50.0,tCal,49.92,49.92,49.92
50.0,tCal,49.92,49.92,49.92,49.92
50.0,tCal,49.92,49.92,49.92,49.92,49.91
50.0,tCal,49.92,49.92,49.92,49.92,49.91,49.91
50.0,tCal,49.92,49.92,49.92,49.92,49.91,49.91,49.92
50.0,tCal,49.91
50.0,tCal,49.91,49.92
50.0,tCal,49.91,49.92,49.92
50.0,tCal,49.91,49.92,49.92,49.92
50.0,tCal,49.91,49.92,49.92,49.92,49.92
50.0,tCal,49.91,49.92,49.92,49.92,49.92,49.92
50.0,tCal,49.91,49.92,49.92,49.92,49.92,49.92,49.92
50.0,tCal,49.91
50.0,tCal,49.91,49.91
50.0,tCal,49.91,49.91,49.91
50.0,tCal,49.91,49.91,49.91,49.92
50.0,tCal,49.91,49.91,49.91,49.92,49.91
50.0,tCal,49.91,49.91,49.91,49.92,49.91,49.92
50.0,tCal,49.91,49.91,49.91,49.92,49.91,49.92,49.92
50.0,tCal,49.92
50.0,tCal,49.92,49.91
50.0,tCal,49.92,49.91,49.91
50.0,tCal,49.92,49.91,49.91,49.91
50.0,tCal,49.92,49.91,49.91,49.91,49.91
50.0,tCal,49.92,49.91,49.91,49.91,49.91,49.91
50.0,tCal,49.92,49.91,49.91,49.91,49.91,49.91,49.91
50.0,tCal,49.91
50.0,tCal,49.91,49.91
50.0,tCal,49.91,49.91,49.91
50.0,tCal,49.91,49.91,49.91,49.91
50.0,tCal,49.91,49.91,49.91,49.91,49.92
50.0,tCal,49.91,49.91,49.91,49.91,49.92,49.92
50.0,tCal,49.91,49.91,49.91,49.91,49.92,49.92,49.91
50.0,tCal,49.92
50.0,tCal,49.92,49.93
50.0,tCal,49.92,49.93,49.93
50.0,tCal,49.92,49.93,49.93,49.93
50.0,tCal,49.92,49.93,49.93,49.93,49.92
50.0,tCal,49.92,49.93,49.93,49.93,49.92,49.93
50.0,tCal,49.92,49.93,49.93,49.93,49.92,49.93,49.93
50.0,tCal,49.93
50.0,tCal,49.93,49.93
50.0,tCal,49.93,49.93,49.93
50.0,tCal,49.93,49.93,49.93,49.92
50.0,tCal,49.93,49.93,49.93,49.92,49.92
50.0,tCal,49.93,49.93,49.93,49.92,49.92,49.93
50.0,tCal,49.93,49.93,49.93,49.92,49.92,49.93,49.94
50.0,tCal,49.93
50.0,tCal,49.93,49.93
50.0,tCal,49.93,49.93,49.93
50.0,tCal,49.93,49.93,49.93,49.92
50.0,tCal,49.93,49.93,49.93,49.92,49.93
50.0,tCal,49.93,49.93,49.93,49.92,49.93,49.93
50.0,tCal,49.93,49.93,49.93,49.92,49.93,49.93,49.93
50.0,tCal,49.93
50.0,tCal,49.93,49.93
50.0,tCal,49.93,49.93,49.92
50.0,tCal,49.93,49.93,49.92,49.92
50.0,tCal,49.93,49.93,49.92,49.92,49.93
50.0,tCal,49.93,49.93,49.92,49.92,49.93,49.92
50.0,tCal,49.93,49.93,49.92,49.92,49.93,49.92,49.93
50.0,tCal,49.93
50.0,tCal,49.93,49.93
50.0,tCal,49.93,49.93,49.93
50.0,tCal,49.93,49.93,49.93,49.92
50.0,tCal,49.93,49.93,49.93,49.92,49.93
50.0,tCal,49.93,49.93,49.93,49.92,49.93,49.94
50.0,tCal,49.93,49.93,49.93,49.92,49.93,49.94,49.93
50.0,tCal,49.94
50.0,tCal,49.94,49.93
50.0,tCal,49.94,49.93,49.94
50.0,tCal,49.94,49.93,49.94,49.92
50.0,tCal,49.94,49.93,49.94,49.92,49.92
50.0,tCal,49.94,49.93,49.94,49.92,49.92,49.94
50.0,tCal,49.94,49.93,49.94,49.92,49.92,49.94,49.93
50.0,tCal,49.93
50.0,tCal,49.93,49.93
50.0,tCal,49.93,49.93,49.92
50.0,tCal,49.93,49.93,49.92,49.93
50.0,tCal,49.93,49.93,49.92,49.93,49.94
50.0,tCal,49.93,49.93,49.92,49.93,49.94,49.93
50.0,tCal,49.93,49.93,49.92,49.93,49.94,49.93,49.92
50.0,tCal,49.93
50.0,tCal,49.93,49.93
50.0,tCal,49.93,49.93,49.93
50.0,tCal,49.93,49.93,49.93,49.93
50.0,tCal,49.93,49.93,49.93,49.93,49.93
50.0,tCal,49.93,49.93,49.93,49.93,49.93,49.93
50.0,tCal,49.93,49.93,49.93,49.93,49.93,49.93,49.93
50.0,tCal,49.93
50.0,tCal,49.93,49.94
50.0,tCal,49.93,49.94,49.93
50.0,tCal,49.93,49.94,49.93,49.93
50.0,tCal,49.93,49.94,49.93,49.93,49.93
50.0,tCal,49.93,49.94,49.93,49.93,49.93,49.93
50.0,tCal,49.93,49.94,49.93,49.93,49.93,49.93,49.93
50.0,tCal,49.93
50.0,tCal,49.93,49.92
50.0,tCal,49.93,49.92,49.92
50.0,tCal,49.93,49.92,49.92,49.93
50.0,tCal,49.93,49.92,49.92,49.93,49.93
50.0,tCal,49.93,49.92,49.92,49.93,49.93,49.93
50.0,tCal,49.93,49.92,49.92,49.93,49.93,49.93,49.92
50.0,tCal,49.93
50.0,tCal,49.93,49.92
50.0,tCal,49.93,49.92,49.93
50.0,tCal,49.93,49.92,49.93,49.92
50.0,tCal,49.93,49.92,49.93,49.92,49.93
50.0,tCal,49.93,49.92,49.93,49.92,49.93,49.93
50.0,tCal,49.93,49.92,49.93,49.92,49.93,49.93,49.93
50.0,tCal,49.92
50.0,tCal,49.92,49.93
50.0,tCal,49.92,49.93,49.94
50.0,tCal,49.92,49.93,49.94,49.93
50.0,tCal,49.92,49.93,49.94,49.93,49.93
50.0,tCal,49.92,49.93,49.94,49.93,49.93,49.93
50.0,tCal,49.92,49.93,49.94,49.93,49.93,49.93,49.93
50.0,tCal,49.92
50.0,tCal,49.92,49.93
50.0,tCal,49.92,49.93,49.93
50.0,tCal,49.92,49.93,49.93,49.93
50.0,tCal,49.92,49.93,49.93,49.93,49.93
50.0,tCal,49.92,49.93,49.93,49.93,49.93,49.93
50.0,tCal,49.92,49.93,49.93,49.93,49.93,49.93,49.93
50.0,tCal,49.93
50.0,tCal,49.93,49.92
50.0,tCal,49.93,49.92,49.94
50.0,tCal,49.93,49.92,49.94,49.94
50.0,tCal,49.93,49.92,49.94,49.94,49.93
50.0,tCal,49.93,49.92,49.94,49.94,49.93,49.94
50.0,tCal,49.93,49.92,49.94,49.94,49.93,49.94,49.93
50.0,tCal,49.93
50.0,tCal,49.93,49.94
50.0,tCal,49.93,49.94,49.93
50.0,tCal,49.93,49.94,49.93,49.92
50.0,tCal,49.93,49.94,49.93,49.92,49.93
50.0,tCal,49.93,49.94,49.93,49.92,49.93,49.93
50.0,tCal,49.93,49.94,49.93,49.92,49.93,49.93,49.94
50.0,tCal,49.93
50.0,tCal,49.93,49.92
50.0,tCal,49.93,49.92,49.93
50.0,tCal,49.93,49.92,49.93,49.93
50.0,tCal,49.93,49.92,49.93,49.93,49.92
50.0,tCal,49.93,49.92,49.93,49.93,49.92,49.92
50.0,tCal,49.93,49.92,49.93,49.93,49.92,49.92,49.93
50.0,tCal,49.93
50.0,tCal,49.93,49.93
50.0,tCal,49.93,49.93,49.93
50.0,tCal,49.93,49.93,49.93,49.94
50.0,tCal,49.93,49.93,49.93,49.94,49.93
50.0,tCal,49.93,49.93,49.93,49.94,49.93,49.93
50.0,tCal,49.93,49.93,49.93,49.94,49.93,49.93,49.93
50.0,tCal,49.92
50.0,tCal,49.92,49.93
50.0,tCal,49.92,49.93,49.93
50.0,tCal,49.92,49.93,49.93,49.93
50.0,tCal,49.92,49.93,49.93,49.93,49.94
50.0,tCal,49.92,49.93,49.93,49.93,49.94,49.93
50.0,tCal,49.92,49.93,49.93,49.93,49.94,49.93,49.93
50.0,tCal,49.92
50.0,tCal,49.92,49.93
50.0,tCal,49.92,49.93,49.93
50.0,tCal,49.92,49.93,49.93,49.93
50.0,tCal,49.92,49.93,49.93,49.93,49.93
50.0,tCal,49.92,49.93,49.93,49.93,49.93,49.93
50.0,tCal,49.92,49.93,49.93,49.93,49.93,49.93,49.93
50.0,tCal,49.93
50.0,tCal,49.93,49.92
50.0,tCal,49.93,49.92,49.93
50.0,tCal,49.93,49.92,49.93,49.93
50.0,tCal,49.93,49.92,49.93,49.93,49.93
50.0,tCal,49.93,49.92,49.93,49.93,49.93,49.93
50.0,tCal,49.93,49.92,49.93,49.93,49.93,49.93,49.93
50.0,tCal,49.93
50.0,tCal,49.93,49.93
50.0,tCal,49.93,49.93,49.93
50.0,tCal,49.93,49.93,49.93,49.94
50.0,tCal,49.93,49.93,49.93,49.94,49.93
50.0,tCal,49.93,49.93,49.93,49.94,49.93,49.93
50.0,tCal,49.93,49.93,49.93,49.94,49.93,49.93,49.93
50.0,tCal,49.93
50.0,tCal,49.93,49.93
50.0,tCal,49.93,49.93,49.93
50.0,tCal,49.93,49.93,49.93,49.93
50.0,tCal,49.93,49.93,49.93,49.93,49.93
50.0,tCal,49.93,49.93,49.93,49.93,49.93,49.93
50.0,tCal,49.93,49.93,49.93,49.93,49.93,49.93,49.93
50.0,tCal,49.93
50.0,tCal,49.93,49.93
50.0,tCal,49.93,49.93,49.93
50.0,tCal,49.93,49.93,49.93,49.93
50.0,tCal,49.93,49.93,49.93,49.93,49.93
50.0,tCal,49.93,49.93,49.93,49.93,49.93,49.94
50.0,tCal,49.93,49.93,49.93,49.93,49.93,49.94,49.94
50.0,tCal,49.93
50.0,tCal,49.93,49.93
50.0,tCal,49.93,49.93,49.93
50.0,tCal,49.93,49.93,49.93,49.93
50.0,tCal,49.93,49.93,49.93,49.93,49.93
50.0,tCal,49.93,49.93,49.93,49.93,49.93,49.93
50.0,tCal,49.93,49.93,49.93,49.93,49.93,49.93,49.94
50.0,tCal,49.93
50.0,tCal,49.93,49.93
50.0,tCal,49.93,49.93,49.94
50.0,tCal,49.93,49.93,49.94,49.94
50.0,tCal,49.93,49.93,49.94,49.94,49.93
50.0,tCal,49.93,49.93,49.94,49.94,49.93,49.92
50.0,tCal,49.93,49.93,49.94,49.94,49.93,49.92,49.93
50.0,tCal,49.93
50.0,tCal,49.93,49.94
50.0,tCal,49.93,49.94,49.93
50.0,tCal,49.93,49.94,49.93,49.93
50.0,tCal,49.93,49.94,49.93,49.93,49.93
50.0,tCal,49.93,49.94,49.93,49.93,49.93,49.93
50.0,tCal,49.93,49.94,49.93,49.93,49.93,49.93,49.94
50.0,tCal,49.93
50.0,tCal,49.93,49.93
50.0,tCal,49.93,49.93,49.93
50.0,tCal,49.93,49.93,49.93,49.93
50.0,tCal,49.93,49.93,49.93,49.93,49.94
50.0,tCal,49.93,49.93,49.93,49.93,49.94,49.94
50.0,tCal,49.93,49.93,49.93,49.93,49.94,49.94,49.93
50.0,tCal,49.94
50.0,tCal,49.94,49.93
50.0,tCal,49.94,49.93,49.93
50.0,tCal,49.94,49.93,49.93,49.94
50.0,tCal,49.94,49.93,49.93,49.94,49.93
50.0,tCal,49.94,49.93,49.93,49.94,49.93,49.94
50.0,tCal,49.94,49.93,49.93,49.94,49.93,49.94,49.93
50.0,tCal,49.94
50.0,tCal,49.94,49.93
50.0,tCal,49.94,49.93,49.93
50.0,tCal,49.94,49.93,49.93,49.93
50.0,tCal,49.94,49.93,49.93,49.93,49.94
50.0,tCal,49.94,49.93,49.93,49.93,49.94,49.92
50.0,tCal,49.94,49.93,49.93,49.93,49.94,49.92,49.94
50.0,tCal,49.93
50.0,tCal,49.93,49.93
50.0,tCal,49.93,49.93,49.94
50.0,tCal,49.93,49.93,49.94,49.93
50.0,tCal,49.93,49.93,49.94,49.93,49.93
50.0,tCal,49.93,49.93,49.94,49.93,49.93,49.93
50.0,tCal,49.93,49.93,49.94,49.93,49.93,49.93,49.93
50.0,tCal,49.93
50.0,tCal,49.93,49.93
50.0,tCal,49.93,49.93,49.93
50.0,tCal,49.93,49.93,49.93,49.93
50.0,tCal,49.93,49.93,49.93,49.93,49.94
50.0,tCal,49.93,49.93,49.93,49.93,49.94,49.93
50.0,tCal,49.93,49.93,49.93,49.93,49.94,49.93,49.93
50.0,tCal,49.93
50.0,tCal,49.93,49.93
50.0,tCal,49.93,49.93,49.93
50.0,tCal,49.93,49.93,49.93,49.93
50.0,tCal,49.93,49.93,49.93,49.93,49.94
50.0,tCal,49.93,49.93,49.93,49.93,49.94,49.93
50.0,tCal,49.93,49.93,49.93,49.93,49.94,49.93,49.93
50.0,tCal,49.93
50.0,tCal,49.93,49.93
50.0,tCal,49.93,49.93,49.93
50.0,tCal,49.93,49.93,49.93,49.93
50.0,tCal,49.93,49.93,49.93,49.93,49.93
50.0,tCal,49.93,49.93,49.93,49.93,49.93,49.93
50.0,tCal,49.93,49.93,49.93,49.93,49.93,49.93,49.93
50.0,tCal,49.94
50.0,tCal,49.94,49.93
50.0,tCal,49.94,49.93,49.94
50.0,tCal,49.94,49.93,49.94,49.93
50.0,tCal,49.94,49.93,49.94,49.93,49.93
50.0,tCal,49.94,49.93,49.94,49.93,49.93,49.93
50.0,tCal,49.94,49.93,49.94,49.93,49.93,49.93,49.94
50.0,tCal,49.93
50.0,tCal,49.93,49.94
50.0,tCal,49.93,49.94,49.94
50.0,tCal,49.93,49.94,49.94,49.94
50.0,tCal,49.93,49.94,49.94,49.94,49.93
50.0,tCal,49.93,49.94,49.94,49.94,49.93,49.94
50.0,tCal,49.93,49.94,49.94,49.94,49.93,49.94,49.94
50.0,tCal,49.94
50.0,tCal,49.94,49.93
50.0,tCal,49.94,49.93,49.92
50.0,tCal,49.94,49.93,49.92,49.93
50.0,tCal,49.94,49.93,49.92,49.93,49.94
50.0,tCal,49.94,49.93,49.92,49.93,49.94,49.93
50.0,tCal,49.94,49.93,49.92,49.93,49.94,49.93,49.92
50.0,tCal,49.93
50.0,tCal,49.93,49.93
50.0,tCal,49.93,49.93,49.92
50.0,tCal,49.93,49.93,49.92,49.93
50.0,tCal,49.93,49.93,49.92,49.93,49.93
50.0,tCal,49.93,49.93,49.92,49.93,49.93,49.93
50.0,tCal,49.93,49.93,49.92,49.93,49.93,49.93,49.93
50.0,tCal,49.94
50.0,tCal,49.94,49.93
50.0,tCal,49.94,49.93,49.93
50.0,tCal,49.94,49.93,49.93,49.94
50.0,tCal,49.94,49.93,49.93,49.94,49.92
50.0,tCal,49.94,49.93,49.93,49.94,49.92,49.92
50.0,tCal,49.94,49.93,49.93,49.94,49.92,49.92,49.93
50.0,tCal,49.93
50.0,tCal,49.93,49.93
50.0,tCal,49.93,49.93,49.93
50.0,tCal,49.93,49.93,49.93,49.93
50.0,tCal,49.93,49.93,49.93,49.93,49.94
50.0,tCal,49.93,49.93,49.93,49.93,49.94,49.94
50.0,tCal,49.93,49.93,49.93,49.93,49.94,49.94,49.93
50.0,tCal,49.93
50.0,tCal,49.93,49.93
50.0,tCal,49.93,49.93,49.92
50.0,tCal,49.93,49.93,49.92,49.93
50.0,tCal,49.93,49.93,49.92,49.93,49.93
50.0,tCal,49.93,49.93,49.92,49.93,49.93,49.94
50.0,tCal,49.93,49.93,49.92,49.93,49.93,49.94,49.94
50.0,tCal,49.93
50.0,tCal,49.93,49.93
50.0,tCal,49.93,49.93,49.93
50.0,tCal,49.93,49.93,49.93,49.93
50.0,tCal,49.93,49.93,49.93,49.93,49.93
50.0,tCal,49.93,49.93,49.93,49.93,49.93,49.93
50.0,tCal,49.93,49.93,49.93,49.93,49.93,49.93,49.94
50.0,tCal,49.93
50.0,tCal,49.93,49.94
50.0,tCal,49.93,49.94,49.93
50.0,tCal,49.93,49.94,49.93,49.92
50.0,tCal,49.93,49.94,49.93,49.92,49.94
50.0,tCal,49.93,49.94,49.93,49.92,49.94,49.93
50.0,tCal,49.93,49.94,49.93,49.92,49.94,49.93,49.93
50.0,tCal,49.92
50.0,tCal,49.92,49.93
50.0,tCal,49.92,49.93,49.93
50.0,tCal,49.92,49.93,49.93,49.93
50.0,tCal,49.92,49.93,49.93,49.93,49.93
50.0,tCal,49.92,49.93,49.93,49.93,49.93,49.93
50.0,tCal,49.92,49.93,49.93,49.93,49.93,49.93,49.93
50.0,tCal,49.93
50.0,tCal,49.93,49.92
50.0,tCal,49.93,49.92,49.93
50.0,tCal,49.93,49.92,49.93,49.94
50.0,tCal,49.93,49.92,49.93,49.94,49.93
50.0,tCal,49.93,49.92,49.93,49.94,49.93,49.94
50.0,tCal,49.93,49.92,49.93,49.94,49.93,49.94,49.93
50.0,tCal,49.93
50.0,tCal,49.93,49.93
50.0,tCal,49.93,49.93,49.93
50.0,tCal,49.93,49.93,49.93,49.93
50.0,tCal,49.93,49.93,49.93,49.93,49.93
50.0,tCal,49.93,49.93,49.93,49.93,49.93,49.93
50.0,tCal,49.93,49.93,49.93,49.93,49.93,49.93,49.93
50.0,tCal,49.93
50.0,tCal,49.93,49.93
50.0,tCal,49.93,49.93,49.93
50.0,tCal,49.93,49.93,49.93,49.93
50.0,tCal,49.93,49.93,49.93,49.93,49.93
50.0,tCal,49.93,49.93,49.93,49.93,49.93,49.93
50.0,tCal,49.93,49.93,49.93,49.93,49.93,49.93,49.93
50.0,tCal,49.92
50.0,tCal,49.92,49.93
50.0,tCal,49.92,49.93,49.93
50.0,tCal,49.92,49.93,49.93,49.92
50.0,tCal,49.92,49.93,49.93,49.92,49.92
50.0,tCal,49.92,49.93,49.93,49.92,49.92,49.93
50.0,tCal,49.92,49.93,49.93,49.92,49.92,49.93,49.93
50.0,tCal,49.92
50.0,tCal,49.92,49.92
50.0,tCal,49.92,49.92,49.92
50.0,tCal,49.92,49.92,49.92,49.93
50.0,tCal,49.92,49.92,49.92,49.93,49.93
50.0,tCal,49.92,49.92,49.92,49.93,49.93,49.93
50.0,tCal,49.92,49.92,49.92,49.93,49.93,49.93,49.92
50.0,tCal,49.93
50.0,tCal,49.93,49.92
50.0,tCal,49.93,49.92,49.92
50.0,tCal,49.93,49.92,49.92,49.92
50.0,tCal,49.93,49.92,49.92,49.92,49.92
50.0,tCal,49.93,49.92,49.92,49.92,49.92,49.92
50.0,tCal,49.93,49.92,49.92,49.92,49.92,49.92,49.92
50.0,tCal,49.93
50.0,tCal,49.93,49.93
50.0,tCal,49.93,49.93,49.92
50.0,tCal,49.93,49.93,49.92,49.91
50.0,tCal,49.93,49.93,49.92,49.91,49.92
50.0,tCal,49.93,49.93,49.92,49.91,49.92,49.93
50.0,tCal,49.93,49.93,49.92,49.91,49.92,49.93,49.93
50.0,tCal,49.92
50.0,tCal,49.92,49.92
50.0,tCal,49.92,49.92,49.92
50.0,tCal,49.92,49.92,49.92,49.92
50.0,tCal,49.92,49.92,49.92,49.92,49.93
50.0,tCal,49.92,49.92,49.92,49.92,49.93,49.92
50.0,tCal,49.92,49.92,49.92,49.92,49.93,49.92,49.92
50.0,tCal,49.93
50.0,tCal,49.93,49.92
50.0,tCal,49.93,49.92,49.93
50.0,tCal,49.93,49.92,49.93,49.92
50.0,tCal,49.93,49.92,49.93,49.92,49.94
50.0,tCal,49.93,49.92,49.93,49.92,49.94,49.93
50.0,tCal,49.93,49.92,49.93,49.92,49.94,49.93,49.93
50.0,tCal,49.93
50.0,tCal,49.93,49.93
50.0,tCal,49.93,49.93,49.93
50.0,tCal,49.93,49.93,49.93,49.92
50.0,tCal,49.93,49.93,49.93,49.92,49.93
50.0,tCal,49.93,49.93,49.93,49.92,49.93,49.93
50.0,tCal,49.93,49.93,49.93,49.92,49.93,49.93,49.92
50.0,tCal,49.93
50.0,tCal,49.93,49.93
50.0,tCal,49.93,49.93,49.93
50.0,tCal,49.93,49.93,49.93,49.93
50.0,tCal,49.93,49.93,49.93,49.93,49.93
50.0,tCal,49.93,49.93,49.93,49.93,49.93,49.93
50.0,tCal,49.93,49.93,49.93,49.93,49.93,49.93,49.94
50.0,tCal,49.94
50.0,tCal,49.94,49.92
50.0,tCal,49.94,49.92,49.93
50.0,tCal,49.94,49.92,49.93,49.94
50.0,tCal,49.94,49.92,49.93,49.94,49.93
50.0,tCal,49.94,49.92,49.93,49.94,49.93,49.94
50.0,tCal,49.94,49.92,49.93,49.94,49.93,49.94,49.93
50.0,tCal,49.93
50.0,tCal,49.93,49.93
50.0,tCal,49.93,49.93,49.93
50.0,tCal,49.93,49.93,49.93,49.93
50.0,tCal,49.93,49.93,49.93,49.93,49.92
50.0,tCal,49.93,49.93,49.93,49.93,49.92,49.93
50.0,tCal,49.93,49.93,49.93,49.93,49.92,49.93,49.93
50.0,tCal,49.93
50.0,tCal,49.93,49.94
50.0,tCal,49.93,49.94,49.92
50.0,tCal,49.93,49.94,49.92,49.94
50.0,tCal,49.93,49.94,49.92,49.94,49.93
50.0,tCal,49.93,49.94,49.92,49.94,49.93,49.93
50.0,tCal,49.93,49.94,49.92,49.94,49.93,49.93,49.93
50.0,tCal,49.94
50.0,tCal,49.94,49.94
50.0,tCal,49.94,49.94,49.93
50.0,tCal,49.94,49.94,49.93,49.93
50.0,tCal,49.94,49.94,49.93,49.93,49.94
50.0,tCal,49.94,49.94,49.93,49.93,49.94,49.93
50.0,tCal,49.94,49.94,49.93,49.93,49.94,49.93,49.92
50.0,tCal,49.93
50.0,tCal,49.93,49.93
50.0,tCal,49.93,49.93,49.94
50.0,tCal,49.93,49.93,49.94,49.94
50.0,tCal,49.93,49.93,49.94,49.94,49.93
50.0,tCal,49.93,49.93,49.94,49.94,49.93,49.94
50.0,tCal,49.93,49.93,49.94,49.94,49.93,49.94,49.94
50.0,tCal,49.94
50.0,tCal,49.94,49.92
50.0,tCal,49.94,49.92,49.93
50.0,tCal,49.94,49.92,49.93,49.94
50.0,tCal,49.94,49.92,49.93,49.94,49.93
50.0,tCal,49.94,49.92,49.93,49.94,49.93,49.93
50.0,tCal,49.94,49.92,49.93,49.94,49.93,49.93,49.94
50.0,tCal,49.93
50.0,tCal,49.93,49.94
50.0,tCal,49.93,49.94,49.93
50.0,tCal,49.93,49.94,49.93,49.93
50.0,tCal,49.93,49.94,49.93,49.93,49.94
50.0,tCal,49.93,49.94,49.93,49.93,49.94,49.94
50.0,tCal,49.93,49.94,49.93,49.93,49.94,49.94,49.94
50.0,tCal,49.94
50.0,tCal,49.94,49.93
50.0,tCal,49.94,49.93,49.93
50.0,tCal,49.94,49.93,49.93,49.92
50.0,tCal,49.94,49.93,49.93,49.92,49.94
50.0,tCal,49.94,49.93,49.93,49.92,49.94,49.93
50.0,tCal,49.94,49.93,49.93,49.92,49.94,49.93,49.93
50.0,tCal,49.93
50.0,tCal,49.93,49.94
50.0,tCal,49.93,49.94,49.93
50.0,tCal,49.93,49.94,49.93,49.93
50.0,tCal,49.93,49.94,49.93,49.93,49.93
50.0,tCal,49.93,49.94,49.93,49.93,49.93,49.93
50.0,tCal,49.93,49.94,49.93,49.93,49.93,49.93,49.92
50.0,tCal,49.93
50.0,tCal,49.93,49.93
50.0,tCal,49.93,49.93,49.93
50.0,tCal,49.93,49.93,49.93,49.93
50.0,tCal,49.93,49.93,49.93,49.93,49.93
50.0,tCal,49.93,49.93,49.93,49.93,49.93,49.93
50.0,tCal,49.93,49.93,49.93,49.93,49.93,49.93,49.93
50.0,tCal,49.94
50.0,tCal,49.94,49.94
50.0,tCal,49.94,49.94,49.93
50.0,tCal,49.94,49.94,49.93,49.93
50.0,tCal,49.94,49.94,49.93,49.93,49.94
50.0,tCal,49.94,49.94,49.93,49.93,49.94,49.93
50.0,tCal,49.94,49.94,49.93,49.93,49.94,49.93,49.94
50.0,tCal,49.93
50.0,tCal,49.93,49.94
50.0,tCal,49.93,49.94,49.93
50.0,tCal,49.93,49.94,49.93,49.94
50.0,tCal,49.93,49.94,49.93,49.94,49.93
50.0,tCal,49.93,49.94,49.93,49.94,49.93,49.93
50.0,tCal,49.93,49.94,49.93,49.94,49.93,49.93,49.93
50.0,tCal,49.93
50.0,tCal,49.93,49.94
50.0,tCal,49.93,49.94,49.93
50.0,tCal,49.93,49.94,49.93,49.92
50.0,tCal,49.93,49.94,49.93,49.92,49.93
50.0,tCal,49.93,49.94,49.93,49.92,49.93,49.94
50.0,tCal,49.93,49.94,49.93,49.92,49.93,49.94,49.93
50.0,tCal,49.93
50.0,tCal,49.93,49.94
50.0,tCal,49.93,49.94,49.94
50.0,tCal,49.93,49.94,49.94,49.93
50.0,tCal,49.93,49.94,49.94,49.93,49.93
50.0,tCal,49.93,49.94,49.94,49.93,49.93,49.93
50.0,tCal,49.93,49.94,49.94,49.93,49.93,49.93,49.93
50.0,tCal,49.93
50.0,tCal,49.93,49.92
50.0,tCal,49.93,49.92,49.94
50.0,tCal,49.93,49.92,49.94,49.94
50.0,tCal,49.93,49.92,49.94,49.94,49.93
50.0,tCal,49.93,49.92,49.94,49.94,49.93,49.93
50.0,tCal,49.93,49.92,49.94,49.94,49.93,49.93,49.93
50.0,tCal,49.93
50.0,tCal,49.93,49.93
50.0,tCal,49.93,49.93,49.93
50.0,tCal,49.93,49.93,49.93,49.94
50.0,tCal,49.93,49.93,49.93,49.94,49.93
50.0,tCal,49.93,49.93,49.93,49.94,49.93,49.94
50.0,tCal,49.93,49.93,49.93,49.94,49.93,49.94,49.93
50.0,tCal,49.93
50.0,tCal,49.93,49.94
50.0,tCal,49.93,49.94,49.93
50.0,tCal,49.93,49.94,49.93,49.93
50.0,tCal,49.93,49.94,49.93,49.93,49.93
50.0,tCal,49.93,49.94,49.93,49.93,49.93,49.93
50.0,tCal,49.93,49.94,49.93,49.93,49.93,49.93,49.94
50.0,tCal,49.94
50.0,tCal,49.94,49.93
50.0,tCal,49.94,49.93,49.93
50.0,tCal,49.94,49.93,49.93,49.93
50.0,tCal,49.94,49.93,49.93,49.93,49.93
50.0,tCal,49.94,49.93,49.93,49.93,49.93,49.93
50.0,tCal,49.94,49.93,49.93,49.93,49.93,49.93,49.93
50.0,tCal,49.93
50.0,tCal,49.93,49.93
50.0,tCal,49.93,49.93,49.93
50.0,tCal,49.93,49.93,49.93,49.94
50.0,tCal,49.93,49.93,49.93,49.94,49.93
50.0,tCal,49.93,49.93,49.93,49.94,49.93,49.93
50.0,tCal,49.93,49.93,49.93,49.94,49.93,49.93,49.93
50.0,tCal,49.93
50.0,tCal,49.93,49.93
50.0,tCal,49.93,49.93,49.92
50.0,tCal,49.93,49.93,49.92,49.93
50.0,tCal,49.93,49.93,49.92,49.93,49.93
50.0,tCal,49.93,49.93,49.92,49.93,49.93,49.93
50.0,tCal,49.93,49.93,49.92,49.93,49.93,49.93,49.93
50.0,tCal,49.93
50.0,tCal,49.93,49.93
50.0,tCal,49.93,49.93,49.94
50.0,tCal,49.93,49.93,49.94,49.93
50.0,tCal,49.93,49.93,49.94,49.93,49.93
50.0,tCal,49.93,49.93,49.94,49.93,49.93,49.93
50.0,tCal,49.93,49.93,49.94,49.93,49.93,49.93,49.92
50.0,tCal,49.93
50.0,tCal,49.93,49.94
50.0,tCal,49.93,49.94,49.94
50.0,tCal,49.93,49.94,49.94,49.94
50.0,tCal,49.93,49.94,49.94,49.94,49.93
50.0,tCal,49.93,49.94,49.94,49.94,49.93,49.93
50.0,tCal,49.93,49.94,49.94,49.94,49.93,49.93,49.94
50.0,tCal,49.94
50.0,tCal,49.94,49.94
50.0,tCal,49.94,49.94,49.94
50.0,tCal,49.94,49.94,49.94,49.93
50.0,tCal,49.94,49.94,49.94,49.93,49.94
50.0,tCal,49.94,49.94,49.94,49.93,49.94,49.93
50.0,tCal,49.94,49.94,49.94,49.93,49.94,49.93,49.94
50.0,tCal,49.94
50.0,tCal,49.94,49.94
50.0,tCal,49.94,49.94,49.94
50.0,tCal,49.94,49.94,49.94,49.94
50.0,tCal,49.94,49.94,49.94,49.94,49.93
50.0,tCal,49.94,49.94,49.94,49.94,49.93,49.94
50.0,tCal,49.94,49.94,49.94,49.94,49.93,49.94,49.93
50.0,tCal,49.93
50.0,tCal,49.93,49.94
50.0,tCal,49.93,49.94,49.94
50.0,tCal,49.93,49.94,49.94,49.93
50.0,tCal,49.93,49.94,49.94,49.93,49.93
50.0,tCal,49.93,49.94,49.94,49.93,49.93,49.94
50.0,tCal,49.93,49.94,49.94,49.93,49.93,49.94,49.94
50.0,tCal,49.94
50.0,tCal,49.94,49.93
50.0,tCal,49.94,49.93,49.94
50.0,tCal,49.94,49.93,49.94,49.93
50.0,tCal,49.94,49.93,49.94,49.93,49.93
50.0,tCal,49.94,49.93,49.94,49.93,49.93,49.94
50.0,tCal,49.94,49.93,49.94,49.93,49.93,49.94,49.93
50.0,tCal,49.94
50.0,tCal,49.94,49.93
50.0,tCal,49.94,49.93,49.93
50.0,tCal,49.94,49.93,49.93,49.93
50.0,tCal,49.94,49.93,49.93,49.93,49.94
50.0,tCal,49.94,49.93,49.93,49.93,49.94,49.94
50.0,tCal,49.94,49.93,49.93,49.93,49.94,49.94,49.93
50.0,tCal,49.94
50.0,tCal,49.94,49.94
50.0,tCal,49.94,49.94,49.93
50.0,tCal,49.94,49.94,49.93,49.93
50.0,tCal,49.94,49.94,49.93,49.93,49.93
50.0,tCal,49.94,49.94,49.93,49.93,49.93,49.93
50.0,tCal,49.94,49.94,49.93,49.93,49.93,49.93,49.94
50.0,tCal,49.93
50.0,tCal,49.93,49.93
50.0,tCal,49.93,49.93,49.93
50.0,tCal,49.93,49.93,49.93,49.94
50.0,tCal,49.93,49.93,49.93,49.94,49.93
50.0,tCal,49.93,49.93,49.93,49.94,49.93,49.94
50.0,tCal,49.93,49.93,49.93,49.94,49.93,49.94,49.93
50.0,tCal,49.93
50.0,tCal,49.93,49.93
50.0,tCal,49.93,49.93,49.93
50.0,tCal,49.93,49.93,49.93,49.94
50.0,tCal,49.93,49.93,49.93,49.94,49.94
50.0,tCal,49.93,49.93,49.93,49.94,49.94,49.94
50.0,tCal,49.93,49.93,49.93,49.94,49.94,49.94,49.94
50.0,tCal,49.94
50.0,tCal,49.94,49.94
50.0,tCal,49.94,49.94,49.94
50.0,tCal,49.94,49.94,49.94,49.94
50.0,tCal,49.94,49.94,49.94,49.94,49.94
50.0,tCal,49.94,49.94,49.94,49.94,49.94,49.93
50.0,tCal,49.94,49.94,49.94,49.94,49.94,49.93,49.93
50.0,tCal,49.94
50.0,tCal,49.94,49.94
50.0,tCal,49.94,49.94,49.94
50.0,tCal,49.94,49.94,49.94,49.93
50.0,tCal,49.94,49.94,49.94,49.93,49.93
50.0,tCal,49.94,49.94,49.94,49.93,49.93,49.93
50.0,tCal,49.94,49.94,49.94,49.93,49.93,49.93,49.93
50.0,tCal,49.94
50.0,tCal,49.94,49.94
50.0,tCal,49.94,49.94,49.93
50.0,tCal,49.94,49.94,49.93,49.94
50.0,tCal,49.94,49.94,49.93,49.94,49.93
50.0,tCal,49.94,49.94,49.93,49.94,49.93,49.93
50.0,tCal,49.94,49.94,49.93,49.94,49.93,49.93,49.94
50.0,tCal,49.93
50.0,tCal,49.93,49.94
50.0,tCal,49.93,49.94,49.93
50.0,tCal,49.93,49.94,49.93,49.94
50.0,tCal,49.93,49.94,49.93,49.94,49.94
50.0,tCal,49.93,49.94,49.93,49.94,49.94,49.94
50.0,tCal,49.93,49.94,49.93,49.94,49.94,49.94,49.94
50.0,tCal,49.94
50.0,tCal,49.94,49.93
50.0,tCal,49.94,49.93,49.94
50.0,tCal,49.94,49.93,49.94,49.94
50.0,tCal,49.94,49.93,49.94,49.94,49.95
50.0,tCal,49.94,49.93,49.94,49.94,49.95,49.94
50.0,tCal,49.94,49.93,49.94,49.94,49.95,49.94,49.94
50.0,tCal,49.95
50.0,tCal,49.95,49.94
50.0,tCal,49.95,49.94,49.94
50.0,tCal,49.95,49.94,49.94,49.95
50.0,tCal,49.95,49.94,49.94,49.95,49.94
50.0,tCal,49.95,49.94,49.94,49.95,49.94,49.94
50.0,tCal,49.95,49.94,49.94,49.95,49.94,49.94,49.94
50.0,tCal,49.94
50.0,tCal,49.94,49.93
50.0,tCal,49.94,49.93,49.94
50.0,tCal,49.94,49.93,49.94,49.93
50.0,tCal,49.94,49.93,49.94,49.93,49.94
50.0,tCal,49.94,49.93,49.94,49.93,49.94,49.94
50.0,tCal,49.94,49.93,49.94,49.93,49.94,49.94,49.93
50.0,tCal,49.93
50.0,tCal,49.93,49.94
50.0,tCal,49.93,49.94,49.93
50.0,tCal,49.93,49.94,49.93,49.94
50.0,tCal,49.93,49.94,49.93,49.94,49.92
50.0,tCal,49.93,49.94,49.93,49.94,49.92,49.93
50.0,tCal,49.93,49.94,49.93,49.94,49.92,49.93,49.93
50.0,tCal,49.93
50.0,tCal,49.93,49.94
50.0,tCal,49.93,49.94,49.93
50.0,tCal,49.93,49.94,49.93,49.93
50.0,tCal,49.93,49.94,49.93,49.93,49.93
50.0,tCal,49.93,49.94,49.93,49.93,49.93,49.93
50.0,tCal,49.93,49.94,49.93,49.93,49.93,49.93,49.93
50.0,tCal,49.93
50.0,tCal,49.93,49.93
50.0,tCal,49.93,49.93,49.94
50.0,tCal,49.93,49.93,49.94,49.93
50.0,tCal,49.93,49.93,49.94,49.93,49.93
50.0,tCal,49.93,49.93,49.94,49.93,49.93,49.94
50.0,tCal,49.93,49.93,49.94,49.93,49.93,49.94,49.94
50.0,tCal,49.94
50.0,tCal,49.94,49.94
50.0,tCal,49.94,49.94,49.94
50.0,tCal,49.94,49.94,49.94,49.94
50.0,tCal,49.94,49.94,49.94,49.94,49.94
50.0,tCal,49.94,49.94,49.94,49.94,49.94,49.94
50.0,tCal,49.94,49.94,49.94,49.94,49.94,49.94,49.94
50.0,tCal,49.94
50.0,tCal,49.94,49.94
50.0,tCal,49.94,49.94,49.94
50.0,tCal,49.94,49.94,49.94,49.93
50.0,tCal,49.94,49.94,49.94,49.93,49.93
50.0,tCal,49.94,49.94,49.94,49.93,49.93,49.94
50.0,tCal,49.94,49.94,49.94,49.93,49.93,49.94,49.94
50.0,tCal,49.93
50.0,tCal,49.93,49.93
50.0,tCal,49.93,49.93,49.94
50.0,tCal,49.93,49.93,49.94,49.93
50.0,tCal,49.93,49.93,49.94,49.93,49.93
50.0,tCal,49.93,49.93,49.94,49.93,49.93,49.94
50.0,tCal,49.93,49.93,49.94,49.93,49.93,49.94,49.93
50.0,tCal,49.94
50.0,tCal,49.94,49.94
50.0,tCal,49.94,49.94,49.93
50.0,tCal,49.94,49.94,49.93,49.94
50.0,tCal,49.94,49.94,49.93,49.94,49.94
50.0,tCal,49.94,49.94,49.93,49.94,49.94,49.94
50.0,tCal,49.94,49.94,49.93,49.94,49.94,49.94,49.93
50.0,tCal,49.93
50.0,tCal,49.93,49.93
50.0,tCal,49.93,49.93,49.93
50.0,tCal,49.93,49.93,49.93,49.93
50.0,tCal,49.93,49.93,49.93,49.93,49.94
50.0,tCal,49.93,49.93,49.93,49.93,49.94,49.93
50.0,tCal,49.93,49.93,49.93,49.93,49.94,49.93,49.93
50.0,tCal,49.94
50.0,tCal,49.94,49.94
50.0,tCal,49.94,49.94,49.93
50.0,tCal,49.94,49.94,49.93,49.94
50.0,tCal,49.94,49.94,49.93,49.94,49.93
50.0,tCal,49.94,49.94,49.93,49.94,49.93,49.94
50.0,tCal,49.94,49.94,49.93,49.94,49.93,49.94,49.94
50.0,tCal,49.93
50.0,tCal,49.93,49.93
50.0,tCal,49.93,49.93,49.94
50.0,tCal,49.93,49.93,49.94,49.93
50.0,tCal,49.93,49.93,49.94,49.93,49.94
50.0,tCal,49.93,49.93,49.94,49.93,49.94,49.94
50.0,tCal,49.93,49.93,49.94,49.93,49.94,49.94,49.94
50.0,tCal,49.94
50.0,tCal,49.94,49.93
50.0,tCal,49.94,49.93,49.93
50.0,tCal,49.94,49.93,49.93,49.93
50.0,tCal,49.94,49.93,49.93,49.93,49.94
50.0,tCal,49.94,49.93,49.93,49.93,49.94,49.93
50.0,tCal,49.94,49.93,49.93,49.93,49.94,49.93,49.94
50.0,tCal,49.93
50.0,tCal,49.93,49.93
50.0,tCal,49.93,49.93,49.92
50.0,tCal,49.93,49.93,49.92,49.94
50.0,tCal,49.93,49.93,49.92,49.94,49.93
50.0,tCal,49.93,49.93,49.92,49.94,49.93,49.94
50.0,tCal,49.93,49.93,49.92,49.94,49.93,49.94,49.94
50.0,tCal,49.93
50.0,tCal,49.93,49.94
50.0,tCal,49.93,49.94,49.94
50.0,tCal,49.93,49.94,49.94,49.93
50.0,tCal,49.93,49.94,49.94,49.93,49.93
50.0,tCal,49.93,49.94,49.94,49.93,49.93,49.94
50.0,tCal,49.93,49.94,49.94,49.93,49.93,49.94,49.93
50.0,tCal,49.93
50.0,tCal,49.93,49.93
50.0,tCal,49.93,49.93,49.93
50.0,tCal,49.93,49.93,49.93,49.94
50.0,tCal,49.93,49.93,49.93,49.94,49.94
50.0,tCal,49.93,49.93,49.93,49.94,49.94,49.93
50.0,tCal,49.93,49.93,49.93,49.94,49.94,49.93,49.94
50.0,tCal,49.92
50.0,tCal,49.92,49.93
50.0,tCal,49.92,49.93,49.93
50.0,tCal,49.92,49.93,49.93,49.94
50.0,tCal,49.92,49.93,49.93,49.94,49.93
50.0,tCal,49.92,49.93,49.93,49.94,49.93,49.93
50.0,tCal,49.92,49.93,49.93,49.94,49.93,49.93,49.94
50.0,tCal,49.94
50.0,tCal,49.94,49.94
50.0,tCal,49.94,49.94,49.94
50.0,tCal,49.94,49.94,49.94,49.94
50.0,tCal,49.94,49.94,49.94,49.94,49.93
50.0,tCal,49.94,49.94,49.94,49.94,49.93,49.94
50.0,tCal,49.94,49.94,49.94,49.94,49.93,49.94,49.93
50.0,tCal,49.93
50.0,tCal,49.93,49.93
50.0,tCal,49.93,49.93,49.94
50.0,tCal,49.93,49.93,49.94,49.93
50.0,tCal,49.93,49.93,49.94,49.93,49.93
50.0,tCal,49.93,49.93,49.94,49.93,49.93,49.94
50.0,tCal,49.93,49.93,49.94,49.93,49.93,49.94,49.93
50.0,tCal,49.94
50.0,tCal,49.94,49.93
50.0,tCal,49.94,49.93,49.93
50.0,tCal,49.94,49.93,49.93,49.93
50.0,tCal,49.94,49.93,49.93,49.93,49.93
50.0,tCal,49.94,49.93,49.93,49.93,49.93,49.93
50.0,tCal,49.94,49.93,49.93,49.93,49.93,49.93,49.93
50.0,tCal,49.94
50.0,tCal,49.94,49.94
50.0,tCal,49.94,49.94,49.93
50.0,tCal,49.94,49.94,49.93,49.94
50.0,tCal,49.94,49.94,49.93,49.94,49.94
50.0,tCal,49.94,49.94,49.93,49.94,49.94,49.94
50.0,tCal,49.94,49.94,49.93,49.94,49.94,49.94,49.94
50.0,tCal,49.94
50.0,tCal,49.94,49.94
50.0,tCal,49.94,49.94,49.94
50.0,tCal,49.94,49.94,49.94,49.94
50.0,tCal,49.94,49.94,49.94,49.94,49.94
50.0,tCal,49.94,49.94,49.94,49.94,49.94,49.94
50.0,tCal,49.94,49.94,49.94,49.94,49.94,49.94,49.94
50.0,tCal,49.93
50.0,tCal,49.93,49.94
50.0,tCal,49.93,49.94,49.94
50.0,tCal,49.93,49.94,49.94,49.94
50.0,tCal,49.93,49.94,49.94,49.94,49.94
50.0,tCal,49.93,49.94,49.94,49.94,49.94,49.94
50.0,tCal,49.93,49.94,49.94,49.94,49.94,49.94,49.95
50.0,tCal,49.94
50.0,tCal,49.94,49.93
50.0,tCal,49.94,49.93,49.93
50.0,tCal,49.94,49.93,49.93,49.94
50.0,tCal,49.94,49.93,49.93,49.94,49.93
50.0,tCal,49.94,49.93,49.93,49.94,49.93,49.93
50.0,tCal,49.94,49.93,49.93,49.94,49.93,49.93,49.93
50.0,tCal,49.94
50.0,tCal,49.94,49.94
50.0,tCal,49.94,49.94,49.93
50.0,tCal,49.94,49.94,49.93,49.93
50.0,tCal,49.94,49.94,49.93,49.93,49.94
50.0,tCal,49.94,49.94,49.93,49.93,49.94,49.94
50.0,tCal,49.94,49.94,49.93,49.93,49.94,49.94,49.94
50.0,tCal,49.94
50.0,tCal,49.94,49.93
50.0,tCal,49.94,49.93,49.94
50.0,tCal,49.94,49.93,49.94,49.93
50.0,tCal,49.94,49.93,49.94,49.93,49.93
50.0,tCal,49.94,49.93,49.94,49.93,49.93,49.93
50.0,tCal,49.94,49.93,49.94,49.93,49.93,49.93,49.93
50.0,tCal,49.94
50.0,tCal,49.94,49.94
50.0,tCal,49.94,49.94,49.94
50.0,tCal,49.94,49.94,49.94,49.94
50.0,tCal,49.94,49.94,49.94,49.94,49.94
50.0,tCal,49.94,49.94,49.94,49.94,49.94,49.94
50.0,tCal,49.94,49.94,49.94,49.94,49.94,49.94,49.94
50.0,tCal,49.95
50.0,tCal,49.95,49.94
50.0,tCal,49.95,49.94,49.93
50.0,tCal,49.95,49.94,49.93,49.93
50.0,tCal,49.95,49.94,49.93,49.93,49.94
50.0,tCal,49.95,49.94,49.93,49.93,49.94,49.93
50.0,tCal,49.95,49.94,49.93,49.93,49.94,49.93,49.94
50.0,tCal,49.94
50.0,tCal,49.94,49.93
50.0,tCal,49.94,49.93,49.93
50.0,tCal,49.94,49.93,49.93,49.94
50.0,tCal,49.94,49.93,49.93,49.94,49.94
50.0,tCal,49.94,49.93,49.93,49.94,49.94,49.94
50.0,tCal,49.94,49.93,49.93,49.94,49.94,49.94,49.93
50.0,tCal,49.93
50.0,tCal,49.93,49.93
50.0,tCal,49.93,49.93,49.93
50.0,tCal,49.93,49.93,49.93,49.93
50.0,tCal,49.93,49.93,49.93,49.93,49.94
50.0,tCal,49.93,49.93,49.93,49.93,49.94,49.94
50.0,tCal,49.93,49.93,49.93,49.93,49.94,49.94,49.93
50.0,tCal,49.93
50.0,tCal,49.93,49.94
50.0,tCal,49.93,49.94,49.93
50.0,tCal,49.93,49.94,49.93,49.93
50.0,tCal,49.93,49.94,49.93,49.93,49.94
50.0,tCal,49.93,49.94,49.93,49.93,49.94,49.94
50.0,tCal,49.93,49.94,49.93,49.93,49.94,49.94,49.94
50.0,tCal,49.94
50.0,tCal,49.94,49.94
50.0,tCal,49.94,49.94,49.93
50.0,tCal,49.94,49.94,49.93,49.93
50.0,tCal,49.94,49.94,49.93,49.93,49.93
50.0,tCal,49.94,49.94,49.93,49.93,49.93,49.93
50.0,tCal,49.94,49.94,49.93,49.93,49.93,49.93,49.94
50.0,tCal,49.94
50.0,tCal,49.94,49.93
50.0,tCal,49.94,49.93,49.93
50.0,tCal,49.94,49.93,49.93,49.94
50.0,tCal,49.94,49.93,49.93,49.94,49.93
50.0,tCal,49.94,49.93,49.93,49.94,49.93,49.94
50.0,tCal,49.94,49.93,49.93,49.94,49.93,49.94,49.93
50.0,tCal,49.93
50.0,tCal,49.93,49.93
50.0,tCal,49.93,49.93,49.93
50.0,tCal,49.93,49.93,49.93,49.93
50.0,tCal,49.93,49.93,49.93,49.93,49.93
50.0,tCal,49.93,49.93,49.93,49.93,49.93,49.93
50.0,tCal,49.93,49.93,49.93,49.93,49.93,49.93,49.93
50.0,tCal,49.94
50.0,tCal,49.94,49.93
50.0,tCal,49.94,49.93,49.93
50.0,tCal,49.94,49.93,49.93,49.93
50.0,tCal,49.94,49.93,49.93,49.93,49.94
50.0,tCal,49.94,49.93,49.93,49.93,49.94,49.94
50.0,tCal,49.94,49.93,49.93,49.93,49.94,49.94,49.93
50.0,tCal,49.94
50.0,tCal,49.94,49.94
50.0,tCal,49.94,49.94,49.92
50.0,tCal,49.94,49.94,49.92,49.93
50.0,tCal,49.94,49.94,49.92,49.93,49.92
50.0,tCal,49.94,49.94,49.92,49.93,49.92,49.93
50.0,tCal,49.94,49.94,49.92,49.93,49.92,49.93,49.93
50.0,tCal,49.93
50.0,tCal,49.93,49.94
50.0,tCal,49.93,49.94,49.94
50.0,tCal,49.93,49.94,49.94,49.94
50.0,tCal,49.93,49.94,49.94,49.94,49.93
50.0,tCal,49.93,49.94,49.94,49.94,49.93,49.93
50.0,tCal,49.93,49.94,49.94,49.94,49.93,49.93,49.93
50.0,tCal,49.93
50.0,tCal,49.93,49.93
50.0,tCal,49.93,49.93,49.93
50.0,tCal,49.93,49.93,49.93,49.93
50.0,tCal,49.93,49.93,49.93,49.93,49.93
50.0,tCal,49.93,49.93,49.93,49.93,49.93,49.93
50.0,tCal,49.93,49.93,49.93,49.93,49.93,49.93,49.93
50.0,tCal,49.93
50.0,tCal,49.93,49.93
50.0,tCal,49.93,49.93,49.93
50.0,tCal,49.93,49.93,49.93,49.93
50.0,tCal,49.93,49.93,49.93,49.93,49.93
50.0,tCal,49.93,49.93,49.93,49.93,49.93,49.94
50.0,tCal,49.93,49.93,49.93,49.93,49.93,49.94,49.93
50.0,tCal,49.93
50.0,tCal,49.93,49.93
50.0,tCal,49.93,49.93,49.93
50.0,tCal,49.93,49.93,49.93,49.93
50.0,tCal,49.93,49.93,49.93,49.93,49.94
50.0,tCal,49.93,49.93,49.93,49.93,49.94,49.93
50.0,tCal,49.93,49.93,49.93,49.93,49.94,49.93,49.93
50.0,tCal,49.93
50.0,tCal,49.93,49.93
50.0,tCal,49.93,49.93,49.93
50.0,tCal,49.93,49.93,49.93,49.93
50.0,tCal,49.93,49.93,49.93,49.93,49.93
50.0,tCal,49.93,49.93,49.93,49.93,49.93,49.94
50.0,tCal,49.93,49.93,49.93,49.93,49.93,49.94,49.94
50.0,tCal,49.93
50.0,tCal,49.93,49.93
50.0,tCal,49.93,49.93,49.93
50.0,tCal,49.93,49.93,49.93,49.93
50.0,tCal,49.93,49.93,49.93,49.93,49.93
50.0,tCal,49.93,49.93,49.93,49.93,49.93,49.94
50.0,tCal,49.93,49.93,49.93,49.93,49.93,49.94,49.94
50.0,tCal,49.93
50.0,tCal,49.93,49.93
50.0,tCal,49.93,49.93,49.92
50.0,tCal,49.93,49.93,49.92,49.93
50.0,tCal,49.93,49.93,49.92,49.93,49.93
50.0,tCal,49.93,49.93,49.92,49.93,49.93,49.93
50.0,tCal,49.93,49.93,49.92,49.93,49.93,49.93,49.93
50.0,tCal,49.93
50.0,tCal,49.93,49.93
50.0,tCal,49.93,49.93,49.93
50.0,tCal,49.93,49.93,49.93,49.93
50.0,tCal,49.93,49.93,49.93,49.93,49.93
50.0,tCal,49.93,49.93,49.93,49.93,49.93,49.93
50.0,tCal,49.93,49.93,49.93,49.93,49.93,49.93,49.93
50.0,tCal,49.93
50.0,tCal,49.93,49.93
50.0,tCal,49.93,49.93,49.93
50.0,tCal,49.93,49.93,49.93,49.93
50.0,tCal,49.93,49.93,49.93,49.93,49.92
50.0,tCal,49.93,49.93,49.93,49.93,49.92,49.93
50.0,tCal,49.93,49.93,49.93,49.93,49.92,49.93,49.94
50.0,tCal,49.93
50.0,tCal,49.93,49.93
50.0,tCal,49.93,49.93,49.93
50.0,tCal,49.93,49.93,49.93,49.93
50.0,tCal,49.93,49.93,49.93,49.93,49.93
50.0,tCal,49.93,49.93,49.93,49.93,49.93,49.92
50.0,tCal,49.93,49.93,49.93,49.93,49.93,49.92,49.93
50.0,tCal,49.93
50.0,tCal,49.93,49.93
50.0,tCal,49.93,49.93,49.93
50.0,tCal,49.93,49.93,49.93,49.93
50.0,tCal,49.93,49.93,49.93,49.93,49.93
50.0,tCal,49.93,49.93,49.93,49.93,49.93,49.93
50.0,tCal,49.93,49.93,49.93,49.93,49.93,49.93,49.93
50.0,tCal,49.93
50.0,tCal,49.93,49.94
50.0,tCal,49.93,49.94,49.94
50.0,tCal,49.93,49.94,49.94,49.94
50.0,tCal,49.93,49.94,49.94,49.94,49.93
50.0,tCal,49.93,49.94,49.94,49.94,49.93,49.93
50.0,tCal,49.93,49.94,49.94,49.94,49.93,49.93,49.93
50.0,tCal,49.94
50.0,tCal,49.94,49.92
50.0,tCal,49.94,49.92,49.94
50.0,tCal,49.94,49.92,49.94,49.93
50.0,tCal,49.94,49.92,49.94,49.93,49.93
50.0,tCal,49.94,49.92,49.94,49.93,49.93,49.93
50.0,tCal,49.94,49.92,49.94,49.93,49.93,49.93,49.94
50.0,tCal,49.93
50.0,tCal,49.93,49.93
50.0,tCal,49.93,49.93,49.94
50.0,tCal,49.93,49.93,49.94,49.93
50.0,tCal,49.93,49.93,49.94,49.93,49.93
50.0,tCal,49.93,49.93,49.94,49.93,49.93,49.93
50.0,tCal,49.93,49.93,49.94,49.93,49.93,49.93,49.93
50.0,tCal,49.93
50.0,tCal,49.93,49.94
50.0,tCal,49.93,49.94,49.93
50.0,tCal,49.93,49.94,49.93,49.94
50.0,tCal,49.93,49.94,49.93,49.94,49.93
50.0,tCal,49.93,49.94,49.93,49.94,49.93,49.93
50.0,tCal,49.93,49.94,49.93,49.94,49.93,49.93,49.93
50.0,tCal,49.92
50.0,tCal,49.92,49.93
50.0,tCal,49.92,49.93,49.94
50.0,tCal,49.92,49.93,49.94,49.92
50.0,tCal,49.92,49.93,49.94,49.92,49.93
50.0,tCal,49.92,49.93,49.94,49.92,49.93,49.93
50.0,tCal,49.92,49.93,49.94,49.92,49.93,49.93,49.93
50.0,tCal,49.93
50.0,tCal,49.93,49.93
50.0,tCal,49.93,49.93,49.94
50.0,tCal,49.93,49.93,49.94,49.94
50.0,tCal,49.93,49.93,49.94,49.94,49.93
50.0,tCal,49.93,49.93,49.94,49.94,49.93,49.93
50.0,tCal,49.93,49.93,49.94,49.94,49.93,49.93,49.94
50.0,tCal,49.94
50.0,tCal,49.94,49.94
50.0,tCal,49.94,49.94,49.93
50.0,tCal,49.94,49.94,49.93,49.93
50.0,tCal,49.94,49.94,49.93,49.93,49.94
50.0,tCal,49.94,49.94,49.93,49.93,49.94,49.94
50.0,tCal,49.94,49.94,49.93,49.93,49.94,49.94,49.94
50.0,tCal,49.93
50.0,tCal,49.93,49.94
50.0,tCal,49.93,49.94,49.94
50.0,tCal,49.93,49.94,49.94,49.94
50.0,tCal,49.93,49.94,49.94,49.94,49.93
50.0,tCal,49.93,49.94,49.94,49.94,49.93,49.94
50.0,tCal,49.93,49.94,49.94,49.94,49.93,49.94,49.93
50.0,tCal,49.93
50.0,tCal,49.93,49.93
50.0,tCal,49.93,49.93,49.94
50.0,tCal,49.93,49.93,49.94,49.94
50.0,tCal,49.93,49.93,49.94,49.94,49.93
50.0,tCal,49.93,49.93,49.94,49.94,49.93,49.94
50.0,tCal,49.93,49.93,49.94,49.94,49.93,49.94,49.93
50.0,tCal,49.94
50.0,tCal,49.94,49.93
50.0,tCal,49.94,49.93,49.93
50.0,tCal,49.94,49.93,49.93,49.94
50.0,tCal,49.94,49.93,49.93,49.94,49.94
50.0,tCal,49.94,49.93,49.93,49.94,49.94,49.94
50.0,tCal,49.94,49.93,49.93,49.94,49.94,49.94,49.94
50.0,tCal,49.94
50.0,tCal,49.94,49.94
50.0,tCal,49.94,49.94,49.94
50.0,tCal,49.94,49.94,49.94,49.94
50.0,tCal,49.94,49.94,49.94,49.94,49.94
50.0,tCal,49.94,49.94,49.94,49.94,49.94,49.93
50.0,tCal,49.94,49.94,49.94,49.94,49.94,49.93,49.94
50.0,tCal,49.94
50.0,tCal,49.94,49.93
50.0,tCal,49.94,49.93,49.93
50.0,tCal,49.94,49.93,49.93,49.93
50.0,tCal,49.94,49.93,49.93,49.93,49.94
50.0,tCal,49.94,49.93,49.93,49.93,49.94,49.94
50.0,tCal,49.94,49.93,49.93,49.93,49.94,49.94,49.94
50.0,tCal,49.93
50.0,tCal,49.93,49.94
50.0,tCal,49.93,49.94,49.94
50.0,tCal,49.93,49.94,49.94,49.94
50.0,tCal,49.93,49.94,49.94,49.94,49.93
50.0,tCal,49.93,49.94,49.94,49.94,49.93,49.95
50.0,tCal,49.93,49.94,49.94,49.94,49.93,49.95,49.94
50.0,tCal,49.94
50.0,tCal,49.94,49.93
50.0,tCal,49.94,49.93,49.94
50.0,tCal,49.94,49.93,49.94,49.94
50.0,tCal,49.94,49.93,49.94,49.94,49.94
50.0,tCal,49.94,49.93,49.94,49.94,49.94,49.94
50.0,tCal,49.94,49.93,49.94,49.94,49.94,49.94,49.95
50.0,tCal,49.94
50.0,tCal,49.94,49.94
50.0,tCal,49.94,49.94,49.94
50.0,tCal,49.94,49.94,49.94,49.93
50.0,tCal,49.94,49.94,49.94,49.93,49.94
50.0,tCal,49.94,49.94,49.94,49.93,49.94,49.94
50.0,tCal,49.94,49.94,49.94,49.93,49.94,49.94,49.93
50.0,tCal,49.93
50.0,tCal,49.93,49.94
50.0,tCal,49.93,49.94,49.94
50.0,tCal,49.93,49.94,49.94,49.94
50.0,tCal,49.93,49.94,49.94,49.94,49.94
50.0,tCal,49.93,49.94,49.94,49.94,49.94,49.94
50.0,tCal,49.93,49.94,49.94,49.94,49.94,49.94,49.94
50.0,tCal,49.94
50.0,tCal,49.94,49.94
50.0,tCal,49.94,49.94,49.94
50.0,tCal,49.94,49.94,49.94,49.93
50.0,tCal,49.94,49.94,49.94,49.93,49.94
50.0,tCal,49.94,49.94,49.94,49.93,49.94,49.93
50.0,tCal,49.94,49.94,49.94,49.93,49.94,49.93,49.94
50.0,tCal,49.94
50.0,tCal,49.94,49.94
50.0,tCal,49.94,49.94,49.94
50.0,tCal,49.94,49.94,49.94,49.94
50.0,tCal,49.94,49.94,49.94,49.94,49.94
50.0,tCal,49.94,49.94,49.94,49.94,49.94,49.95
50.0,tCal,49.94,49.94,49.94,49.94,49.94,49.95,49.93
50.0,tCal,49.93
50.0,tCal,49.93,49.93
50.0,tCal,49.93,49.93,49.95
50.0,tCal,49.93,49.93,49.95,49.94
50.0,tCal,49.93,49.93,49.95,49.94,49.95
50.0,tCal,49.93,49.93,49.95,49.94,49.95,49.94
50.0,tCal,49.93,49.93,49.95,49.94,49.95,49.94,49.94
50.0,tCal,49.95
50.0,tCal,49.95,49.95
50.0,tCal,49.95,49.95,49.95
50.0,tCal,49.95,49.95,49.95,49.94
50.0,tCal,49.95,49.95,49.95,49.94,49.94
50.0,tCal,49.95,49.95,49.95,49.94,49.94,49.94
50.0,tCal,49.95,49.95,49.95,49.94,49.94,49.94,49.93
50.0,tCal,49.94
50.0,tCal,49.94,49.94
50.0,tCal,49.94,49.94,49.95
50.0,tCal,49.94,49.94,49.95,49.94
50.0,tCal,49.94,49.94,49.95,49.94,49.94
50.0,tCal,49.94,49.94,49.95,49.94,49.94,49.94
50.0,tCal,49.94,49.94,49.95,49.94,49.94,49.94,49.94
50.0,tCal,49.94
50.0,tCal,49.94,49.95
50.0,tCal,49.94,49.95,49.94
50.0,tCal,49.94,49.95,49.94,49.94
50.0,tCal,49.94,49.95,49.94,49.94,49.94
50.0,tCal,49.94,49.95,49.94,49.94,49.94,49.94
50.0,tCal,49.94,49.95,49.94,49.94,49.94,49.94,49.95
80.0,tCal,49.94
80.0,tCal,49.94,49.95
80.0,tCal,49.94,49.95,49.94
80.0,tCal,49.94,49.95,49.94,49.94
80.0,tCal,49.94,49.95,49.94,49.94,49.94
80.0,tCal,49.94,49.95,49.94,49.94,49.94,49.94
80.0,tCal,49.94,49.95,49.94,49.94,49.94,49.94,49.93
80.0,tCal,49.94
80.0,tCal,49.94,49.95
80.0,tCal,49.94,49.95,49.96
80.0,tCal,49.94,49.95,49.96,49.99
80.0,tCal,49.94,49.95,49.96,49.99,50.02
80.0,tCal,49.94,49.95,49.96,49.99,50.02,50.04
80.0,tCal,49.94,49.95,49.96,49.99,50.02,50.04,50.03
80.0,tCal,50.03
80.0,tCal,50.03,50.03
80.0,tCal,50.03,50.03,50.04
80.0,tCal,50.03,50.03,50.04,50.03
80.0,tCal,50.03,50.03,50.04,50.03,50.03
80.0,tCal,50.03,50.03,50.04,50.03,50.03,50.03
80.0,tCal,50.03,50.03,50.04,50.03,50.03,50.03,50.03
80.0,tCal,50.03
80.0,tCal,50.03,50.04
80.0,tCal,50.03,50.04,50.04
80.0,tCal,50.03,50.04,50.04,50.05
80.0,tCal,50.03,50.04,50.04,50.05,50.04
80.0,tCal,50.03,50.04,50.04,50.05,50.04,50.03
80.0,tCal,50.03,50.04,50.04,50.05,50.04,50.03,50.06
80.0,tCal,50.07
80.0,tCal,50.07,50.07
80.0,tCal,50.07,50.07,50.08
80.0,tCal,50.07,50.07,50.08,50.08
80.0,tCal,50.07,50.07,50.08,50.08,50.08
80.0,tCal,50.07,50.07,50.08,50.08,50.08,50.09
80.0,tCal,50.07,50.07,50.08,50.08,50.08,50.09,50.1
80.0,tCal,50.14
80.0,tCal,50.14,50.15
80.0,tCal,50.14,50.15,50.16
80.0,tCal,50.14,50.15,50.16,50.17
80.0,tCal,50.14,50.15,50.16,50.17,50.18
80.0,tCal,50.14,50.15,50.16,50.17,50.18,50.19
80.0,tCal,50.14,50.15,50.16,50.17,50.18,50.19,50.2
80.0,tCal,50.26
80.0,tCal,50.26,50.27
80.0,tCal,50.26,50.27,50.29
80.0,tCal,50.26,50.27,50.29,50.31
80.0,tCal,50.26,50.27,50.29,50.31,50.33
80.0,tCal,50.26,50.27,50.29,50.31,50.33,50.34
80.0,tCal,50.26,50.27,50.29,50.31,50.33,50.34,50.36
80.0,tCal,50.45
80.0,tCal,50.45,50.48
80.0,tCal,50.45,50.48,50.5
80.0,tCal,50.45,50.48,50.5,50.53
80.0,tCal,50.45,50.48,50.5,50.53,50.55
80.0,tCal,50.45,50.48,50.5,50.53,50.55,50.57
80.0,tCal,50.45,50.48,50.5,50.53,50.55,50.57,50.58
80.0,tCal,50.73
80.0,tCal,50.73,50.76
80.0,tCal,50.73,50.76,50.77
80.0,tCal,50.73,50.76,50.77,50.81
80.0,tCal,50.73,50.76,50.77,50.81,50.83
80.0,tCal,50.73,50.76,50.77,50.81,50.83,50.85
80.0,tCal,50.73,50.76,50.77,50.81,50.83,50.85,50.89
80.0,tCal,51.09
80.0,tCal,51.09,51.13
80.0,tCal,51.09,51.13,51.17
80.0,tCal,51.09,51.13,51.17,51.2
80.0,tCal,51.09,51.13,51.17,51.2,51.22
80.0,tCal,51.09,51.13,51.17,51.2,51.22,51.26
80.0,tCal,51.09,51.13,51.17,51.2,51.22,51.26,51.3
80.0,tCal,51.41
80.0,tCal,51.41,51.42
80.0,tCal,51.41,51.42,51.47
80.0,tCal,51.41,51.42,51.47,51.53
80.0,tCal,51.41,51.42,51.47,51.53,51.57
80.0,tCal,51.41,51.42,51.47,51.53,51.57,51.62
80.0,tCal,51.41,51.42,51.47,51.53,51.57,51.62,51.67
80.0,tCal,51.85
80.0,tCal,51.85,51.87
80.0,tCal,51.85,51.87,51.91
80.0,tCal,51.85,51.87,51.91,51.94
80.0,tCal,51.85,51.87,51.91,51.94,51.99
80.0,tCal,51.85,51.87,51.91,51.94,51.99,52.03
80.0,tCal,51.85,51.87,51.91,51.94,51.99,52.03,52.08
80.0,tCal,52.31
80.0,tCal,52.31,52.36
80.0,tCal,52.31,52.36,52.4
80.0,tCal,52.31,52.36,52.4,52.44
80.0,tCal,52.31,52.36,52.4,52.44,52.49
80.0,tCal,52.31,52.36,52.4,52.44,52.49,52.52
80.0,tCal,52.31,52.36,52.4,52.44,52.49,52.52,52.57
80.0,tCal,52.83
80.0,tCal,52.83,52.87
80.0,tCal,52.83,52.87,52.91
80.0,tCal,52.83,52.87,52.91,52.96
80.0,tCal,52.83,52.87,52.91,52.96,53.01
80.0,tCal,52.83,52.87,52.91,52.96,53.01,53.05
80.0,tCal,52.83,52.87,52.91,52.96,53.01,53.05,53.1
80.0,tCal,53.35
80.0,tCal,53.35,53.4
80.0,tCal,53.35,53.4,53.46
80.0,tCal,53.35,53.4,53.46,53.49
80.0,tCal,53.35,53.4,53.46,53.49,53.54
80.0,tCal,53.35,53.4,53.46,53.49,53.54,53.59
80.0,tCal,53.35,53.4,53.46,53.49,53.54,53.59,53.63
80.0,tCal,53.9
80.0,tCal,53.9,53.95
80.0,tCal,53.9,53.95,53.99
80.0,tCal,53.9,53.95,53.99,54.04
80.0,tCal,53.9,53.95,53.99,54.04,54.08
80.0,tCal,53.9,53.95,53.99,54.04,54.08,54.13
80.0,tCal,53.9,53.95,53.99,54.04,54.08,54.13,54.18
80.0,tCal,54.43
80.0,tCal,54.43,54.49
80.0,tCal,54.43,54.49,54.52
80.0,tCal,54.43,54.49,54.52,54.57
80.0,tCal,54.43,54.49,54.52,54.57,54.62
80.0,tCal,54.43,54.49,54.52,54.57,54.62,54.67
80.0,tCal,54.43,54.49,54.52,54.57,54.62,54.67,54.71
80.0,tCal,54.96
80.0,tCal,54.96,55.0
80.0,tCal,54.96,55.0,55.05
80.0,tCal,54.96,55.0,55.05,55.1
80.0,tCal,54.96,55.0,55.05,55.1,55.14
80.0,tCal,54.96,55.0,55.05,55.1,55.14,55.19
80.0,tCal,54.96,55.0,55.05,55.1,55.14,55.19,55.23
80.0,tCal,55.48
80.0,tCal,55.48,55.52
80.0,tCal,55.48,55.52,55.56
80.0,tCal,55.48,55.52,55.56,55.6
80.0,tCal,55.48,55.52,55.56,55.6,55.65
80.0,tCal,55.48,55.52,55.56,55.6,55.65,55.69
80.0,tCal,55.48,55.52,55.56,55.6,55.65,55.69,55.73
80.0,tCal,55.97
80.0,tCal,55.97,56.02
80.0,tCal,55.97,56.02,56.06
80.0,tCal,55.97,56.02,56.06,56.1
80.0,tCal,55.97,56.02,56.06,56.1,56.15
80.0,tCal,55.97,56.02,56.06,56.1,56.15,56.19
80.0,tCal,55.97,56.02,56.06,56.1,56.15,56.19,56.24
80.0,tCal,56.46
80.0,tCal,56.46,56.5
80.0,tCal,56.46,56.5,56.55
80.0,tCal,56.46,56.5,56.55,56.59
80.0,tCal,56.46,56.5,56.55,56.59,56.62
80.0,tCal,56.46,56.5,56.55,56.59,56.62,56.66
80.0,tCal,56.46,56.5,56.55,56.59,56.62,56.66,56.71
80.0,tCal,56.93
80.0,tCal,56.93,56.98
80.0,tCal,56.93,56.98,57.02
80.0,tCal,56.93,56.98,57.02,57.05
80.0,tCal,56.93,56.98,57.02,57.05,57.1
80.0,tCal,56.93,56.98,57.02,57.05,57.1,57.14
80.0,tCal,56.93,56.98,57.02,57.05,57.1,57.14,57.18
80.0,tCal,57.41
80.0,tCal,57.41,57.44
80.0,tCal,57.41,57.44,57.49
80.0,tCal,57.41,57.44,57.49,57.53
80.0,tCal,57.41,57.44,57.49,57.53,57.57
80.0,tCal,57.41,57.44,57.49,57.53,57.57,57.61
80.0,tCal,57.41,57.44,57.49,57.53,57.57,57.61,57.65
80.0,tCal,57.87
80.0,tCal,57.87,57.91
80.0,tCal,57.87,57.91,57.95
80.0,tCal,57.87,57.91,57.95,57.99
80.0,tCal,57.87,57.91,57.95,57.99,58.03
80.0,tCal,57.87,57.91,57.95,57.99,58.03,58.07
80.0,tCal,57.87,57.91,57.95,57.99,58.03,58.07,58.11
80.0,tCal,58.34
80.0,tCal,58.34,58.37
80.0,tCal,58.34,58.37,58.41
80.0,tCal,58.34,58.37,58.41,58.44
80.0,tCal,58.34,58.37,58.41,58.44,58.49
80.0,tCal,58.34,58.37,58.41,58.44,58.49,58.53
80.0,tCal,58.34,58.37,58.41,58.44,58.49,58.53,58.57
80.0,tCal,58.8
80.0,tCal,58.8,58.84
80.0,tCal,58.8,58.84,58.87
80.0,tCal,58.8,58.84,58.87,58.91
80.0,tCal,58.8,58.84,58.87,58.91,58.96
80.0,tCal,58.8,58.84,58.87,58.91,58.96,59.0
80.0,tCal,58.8,58.84,58.87,58.91,58.96,59.0,59.03
80.0,tCal,59.26
80.0,tCal,59.26,59.3
80.0,tCal,59.26,59.3,59.34
80.0,tCal,59.26,59.3,59.34,59.38
80.0,tCal,59.26,59.3,59.34,59.38,59.42
80.0,tCal,59.26,59.3,59.34,59.38,59.42,59.46
80.0,tCal,59.26,59.3,59.34,59.38,59.42,59.46,59.5
80.0,tCal,59.72
80.0,tCal,59.72,59.76
80.0,tCal,59.72,59.76,59.81
80.0,tCal,59.72,59.76,59.81,59.85
80.0,tCal,59.72,59.76,59.81,59.85,59.89
80.0,tCal,59.72,59.76,59.81,59.85,59.89,59.92
80.0,tCal,59.72,59.76,59.81,59.85,59.89,59.92,59.97
80.0,tCal,60.31
80.0,tCal,60.31,60.36
80.0,tCal,60.31,60.36,60.39
80.0,tCal,60.31,60.36,60.39,60.43
80.0,tCal,60.31,60.36,60.39,60.43,60.47
80.0,tCal,60.31,60.36,60.39,60.43,60.47,60.51
80.0,tCal,60.31,60.36,60.39,60.43,60.47,60.51,60.55
80.0,tCal,60.77
80.0,tCal,60.77,60.81
80.0,tCal,60.77,60.81,60.85
80.0,tCal,60.77,60.81,60.85,60.9
80.0,tCal,60.77,60.81,60.85,60.9,60.93
80.0,tCal,60.77,60.81,60.85,60.9,60.93,60.97
80.0,tCal,60.77,60.81,60.85,60.9,60.93,60.97,61.02
80.0,tCal,61.23
80.0,tCal,61.23,61.26
80.0,tCal,61.23,61.26,61.31
80.0,tCal,61.23,61.26,61.31,61.35
80.0,tCal,61.23,61.26,61.31,61.35,61.39
80.0,tCal,61.23,61.26,61.31,61.35,61.39,61.42
80.0,tCal,61.23,61.26,61.31,61.35,61.39,61.42,61.46
80.0,tCal,61.68
80.0,tCal,61.68,61.71
80.0,tCal,61.68,61.71,61.76
80.0,tCal,61.68,61.71,61.76,61.79
80.0,tCal,61.68,61.71,61.76,61.79,61.84
80.0,tCal,61.68,61.71,61.76,61.79,61.84,61.87
80.0,tCal,61.68,61.71,61.76,61.79,61.84,61.87,61.91
80.0,tCal,62.11
80.0,tCal,62.11,62.15
80.0,tCal,62.11,62.15,62.19
80.0,tCal,62.11,62.15,62.19,62.22
80.0,tCal,62.11,62.15,62.19,62.22,62.26
80.0,tCal,62.11,62.15,62.19,62.22,62.26,62.31
80.0,tCal,62.11,62.15,62.19,62.22,62.26,62.31,62.34
80.0,tCal,62.55
80.0,tCal,62.55,62.58
80.0,tCal,62.55,62.58,62.63
80.0,tCal,62.55,62.58,62.63,62.66
80.0,tCal,62.55,62.58,62.63,62.66,62.69
80.0,tCal,62.55,62.58,62.63,62.66,62.69,62.73
80.0,tCal,62.55,62.58,62.63,62.66,62.69,62.73,62.76
80.0,tCal,62.96
80.0,tCal,62.96,63.0
80.0,tCal,62.96,63.0,63.03
80.0,tCal,62.96,63.0,63.03,63.06
80.0,tCal,62.96,63.0,63.03,63.06,63.1
80.0,tCal,62.96,63.0,63.03,63.06,63.1,63.15
80.0,tCal,62.96,63.0,63.03,63.06,63.1,63.15,63.17
80.0,tCal,63.37
80.0,tCal,63.37,63.4
80.0,tCal,63.37,63.4,63.44
80.0,tCal,63.37,63.4,63.44,63.46
80.0,tCal,63.37,63.4,63.44,63.46,63.51
80.0,tCal,63.37,63.4,63.44,63.46,63.51,63.54
80.0,tCal,63.37,63.4,63.44,63.46,63.51,63.54,63.58
80.0,tCal,63.77
80.0,tCal,63.77,63.8
80.0,tCal,63.77,63.8,63.83
80.0,tCal,63.77,63.8,63.83,63.86
80.0,tCal,63.77,63.8,63.83,63.86,63.9
80.0,tCal,63.77,63.8,63.83,63.86,63.9,63.93
80.0,tCal,63.77,63.8,63.83,63.86,63.9,63.93,63.97
80.0,tCal,64.15
80.0,tCal,64.15,64.19
80.0,tCal,64.15,64.19,64.23
80.0,tCal,64.15,64.19,64.23,64.25
80.0,tCal,64.15,64.19,64.23,64.25,64.29
80.0,tCal,64.15,64.19,64.23,64.25,64.29,64.32
80.0,tCal,64.15,64.19,64.23,64.25,64.29,64.32,64.36
80.0,tCal,64.54
80.0,tCal,64.54,64.57
80.0,tCal,64.54,64.57,64.61
80.0,tCal,64.54,64.57,64.61,64.64
80.0,tCal,64.54,64.57,64.61,64.64,64.67
80.0,tCal,64.54,64.57,64.61,64.64,64.67,64.71
80.0,tCal,64.54,64.57,64.61,64.64,64.67,64.71,64.73
80.0,tCal,64.93
80.0,tCal,64.93,64.95
80.0,tCal,64.93,64.95,64.99
80.0,tCal,64.93,64.95,64.99,65.02
80.0,tCal,64.93,64.95,64.99,65.02,65.05
80.0,tCal,64.93,64.95,64.99,65.02,65.05,65.08
80.0,tCal,64.93,64.95,64.99,65.02,65.05,65.08,65.12
80.0,tCal,65.29
80.0,tCal,65.29,65.33
80.0,tCal,65.29,65.33,65.35
80.0,tCal,65.29,65.33,65.35,65.38
80.0,tCal,65.29,65.33,65.35,65.38,65.42
80.0,tCal,65.29,65.33,65.35,65.38,65.42,65.45
80.0,tCal,65.29,65.33,65.35,65.38,65.42,65.45,65.48
80.0,tCal,65.66
80.0,tCal,65.66,65.69
80.0,tCal,65.66,65.69,65.72
80.0,tCal,65.66,65.69,65.72,65.76
80.0,tCal,65.66,65.69,65.72,65.76,65.79
80.0,tCal,65.66,65.69,65.72,65.76,65.79,65.82
80.0,tCal,65.66,65.69,65.72,65.76,65.79,65.82,65.86
80.0,tCal,66.02
80.0,tCal,66.02,66.06
80.0,tCal,66.02,66.06,66.08
80.0,tCal,66.02,66.06,66.08,66.12
80.0,tCal,66.02,66.06,66.08,66.12,66.14
80.0,tCal,66.02,66.06,66.08,66.12,66.14,66.17
80.0,tCal,66.02,66.06,66.08,66.12,66.14,66.17,66.2
80.0,tCal,66.38
80.0,tCal,66.38,66.4
80.0,tCal,66.38,66.4,66.44
80.0,tCal,66.38,66.4,66.44,66.46
80.0,tCal,66.38,66.4,66.44,66.46,66.5
80.0,tCal,66.38,66.4,66.44,66.46,66.5,66.52
80.0,tCal,66.38,66.4,66.44,66.46,66.5,66.52,66.56
80.0,tCal,66.72
80.0,tCal,66.72,66.75
80.0,tCal,66.72,66.75,66.78
80.0,tCal,66.72,66.75,66.78,66.82
80.0,tCal,66.72,66.75,66.78,66.82,66.84
80.0,tCal,66.72,66.75,66.78,66.82,66.84,66.87
80.0,tCal,66.72,66.75,66.78,66.82,66.84,66.87,66.89
80.0,tCal,67.07
80.0,tCal,67.07,67.09
80.0,tCal,67.07,67.09,67.11
80.0,tCal,67.07,67.09,67.11,67.15
80.0,tCal,67.07,67.09,67.11,67.15,67.18
80.0,tCal,67.07,67.09,67.11,67.15,67.18,67.21
80.0,tCal,67.07,67.09,67.11,67.15,67.18,67.21,67.24
80.0,tCal,67.39
80.0,tCal,67.39,67.43
80.0,tCal,67.39,67.43,67.45
80.0,tCal,67.39,67.43,67.45,67.48
80.0,tCal,67.39,67.43,67.45,67.48,67.5
80.0,tCal,67.39,67.43,67.45,67.48,67.5,67.54
80.0,tCal,67.39,67.43,67.45,67.48,67.5,67.54,67.55
80.0,tCal,67.72
80.0,tCal,67.72,67.75
80.0,tCal,67.72,67.75,67.77
80.0,tCal,67.72,67.75,67.77,67.8
80.0,tCal,67.72,67.75,67.77,67.8,67.82
80.0,tCal,67.72,67.75,67.77,67.8,67.82,67.86
80.0,tCal,67.72,67.75,67.77,67.8,67.82,67.86,67.87
80.0,tCal,68.03
80.0,tCal,68.03,68.06
80.0,tCal,68.03,68.06,68.09
80.0,tCal,68.03,68.06,68.09,68.11
80.0,tCal,68.03,68.06,68.09,68.11,68.14
80.0,tCal,68.03,68.06,68.09,68.11,68.14,68.17
80.0,tCal,68.03,68.06,68.09,68.11,68.14,68.17,68.19
80.0,tCal,68.34
80.0,tCal,68.34,68.37
80.0,tCal,68.34,68.37,68.4
80.0,tCal,68.34,68.37,68.4,68.42
80.0,tCal,68.34,68.37,68.4,68.42,68.45
80.0,tCal,68.34,68.37,68.4,68.42,68.45,68.48
80.0,tCal,68.34,68.37,68.4,68.42,68.45,68.48,68.51
80.0,tCal,68.64
80.0,tCal,68.64,68.67
80.0,tCal,68.64,68.67,68.69
80.0,tCal,68.64,68.67,68.69,68.74
80.0,tCal,68.64,68.67,68.69,68.74,68.76
80.0,tCal,68.64,68.67,68.69,68.74,68.76,68.77
80.0,tCal,68.64,68.67,68.69,68.74,68.76,68.77,68.81
80.0,tCal,68.94
80.0,tCal,68.94,68.98
80.0,tCal,68.94,68.98,68.99
80.0,tCal,68.94,68.98,68.99,69.03
80.0,tCal,68.94,68.98,68.99,69.03,69.05
80.0,tCal,68.94,68.98,68.99,69.03,69.05,69.07
80.0,tCal,68.94,68.98,68.99,69.03,69.05,69.07,69.1
80.0,tCal,69.24
80.0,tCal,69.24,69.26
80.0,tCal,69.24,69.26,69.28
80.0,tCal,69.24,69.26,69.28,69.31
80.0,tCal,69.24,69.26,69.28,69.31,69.33
80.0,tCal,69.24,69.26,69.28,69.31,69.33,69.35
80.0,tCal,69.24,69.26,69.28,69.31,69.33,69.35,69.37
80.0,tCal,69.51
80.0,tCal,69.51,69.53
80.0,tCal,69.51,69.53,69.56
80.0,tCal,69.51,69.53,69.56,69.58
80.0,tCal,69.51,69.53,69.56,69.58,69.6
80.0,tCal,69.51,69.53,69.56,69.58,69.6,69.63
80.0,tCal,69.51,69.53,69.56,69.58,69.6,69.63,69.66
80.0,tCal,69.78
80.0,tCal,69.78,69.81
80.0,tCal,69.78,69.81,69.84
80.0,tCal,69.78,69.81,69.84,69.85
80.0,tCal,69.78,69.81,69.84,69.85,69.88
80.0,tCal,69.78,69.81,69.84,69.85,69.88,69.91
80.0,tCal,69.78,69.81,69.84,69.85,69.88,69.91,69.93
80.0,tCal,70.06
80.0,tCal,70.06,70.08
80.0,tCal,70.06,70.08,70.11
80.0,tCal,70.06,70.08,70.11,70.13
80.0,tCal,70.06,70.08,70.11,70.13,70.15
80.0,tCal,70.06,70.08,70.11,70.13,70.15,70.17
80.0,tCal,70.06,70.08,70.11,70.13,70.15,70.17,70.19
80.0,tCal,70.33
80.0,tCal,70.33,70.35
80.0,tCal,70.33,70.35,70.37
80.0,tCal,70.33,70.35,70.37,70.39
80.0,tCal,70.33,70.35,70.37,70.39,70.42
80.0,tCal,70.33,70.35,70.37,70.39,70.42,70.44
80.0,tCal,70.33,70.35,70.37,70.39,70.42,70.44,70.46
80.0,tCal,70.58
80.0,tCal,70.58,70.6
80.0,tCal,70.58,70.6,70.62
80.0,tCal,70.58,70.6,70.62,70.65
80.0,tCal,70.58,70.6,70.62,70.65,70.66
80.0,tCal,70.58,70.6,70.62,70.65,70.66,70.69
80.0,tCal,70.58,70.6,70.62,70.65,70.66,70.69,70.71
80.0,tCal,70.83
80.0,tCal,70.83,70.86
80.0,tCal,70.83,70.86,70.88
80.0,tCal,70.83,70.86,70.88,70.9
80.0,tCal,70.83,70.86,70.88,70.9,70.92
80.0,tCal,70.83,70.86,70.88,70.9,70.92,70.94
80.0,tCal,70.83,70.86,70.88,70.9,70.92,70.94,70.96
80.0,tCal,71.08
80.0,tCal,71.08,71.1
80.0,tCal,71.08,71.1,71.13
80.0,tCal,71.08,71.1,71.13,71.15
80.0,tCal,71.08,71.1,71.13,71.15,71.16
80.0,tCal,71.08,71.1,71.13,71.15,71.16,71.19
80.0,tCal,71.08,71.1,71.13,71.15,71.16,71.19,71.21
80.0,tCal,71.32
80.0,tCal,71.32,71.35
80.0,tCal,71.32,71.35,71.36
80.0,tCal,71.32,71.35,71.36,71.39
80.0,tCal,71.32,71.35,71.36,71.39,71.41
80.0,tCal,71.32,71.35,71.36,71.39,71.41,71.43
80.0,tCal,71.32,71.35,71.36,71.39,71.41,71.43,71.44
80.0,tCal,71.56
80.0,tCal,71.56,71.58
80.0,tCal,71.56,71.58,71.6
80.0,tCal,71.56,71.58,71.6,71.62
80.0,tCal,71.56,71.58,71.6,71.62,71.63
80.0,tCal,71.56,71.58,71.6,71.62,71.63,71.66
80.0,tCal,71.56,71.58,71.6,71.62,71.63,71.66,71.68
80.0,tCal,71.78
80.0,tCal,71.78,71.8
80.0,tCal,71.78,71.8,71.83
80.0,tCal,71.78,71.8,71.83,71.84
80.0,tCal,71.78,71.8,71.83,71.84,71.87
80.0,tCal,71.78,71.8,71.83,71.84,71.87,71.89
80.0,tCal,71.78,71.8,71.83,71.84,71.87,71.89,71.9
80.0,tCal,72.01
80.0,tCal,72.01,72.03
80.0,tCal,72.01,72.03,72.05
80.0,tCal,72.01,72.03,72.05,72.07
80.0,tCal,72.01,72.03,72.05,72.07,72.09
80.0,tCal,72.01,72.03,72.05,72.07,72.09,72.11
80.0,tCal,72.01,72.03,72.05,72.07,72.09,72.11,72.13
80.0,tCal,72.23
80.0,tCal,72.23,72.25
80.0,tCal,72.23,72.25,72.27
80.0,tCal,72.23,72.25,72.27,72.28
80.0,tCal,72.23,72.25,72.27,72.28,72.3
80.0,tCal,72.23,72.25,72.27,72.28,72.3,72.33
80.0,tCal,72.23,72.25,72.27,72.28,72.3,72.33,72.34
80.0,tCal,72.43
80.0,tCal,72.43,72.46
80.0,tCal,72.43,72.46,72.48
80.0,tCal,72.43,72.46,72.48,72.5
80.0,tCal,72.43,72.46,72.48,72.5,72.52
80.0,tCal,72.43,72.46,72.48,72.5,72.52,72.53
80.0,tCal,72.43,72.46,72.48,72.5,72.52,72.53,72.55
80.0,tCal,72.65
80.0,tCal,72.65,72.67
80.0,tCal,72.65,72.67,72.69
80.0,tCal,72.65,72.67,72.69,72.71
80.0,tCal,72.65,72.67,72.69,72.71,72.73
80.0,tCal,72.65,72.67,72.69,72.71,72.73,72.75
80.0,tCal,72.65,72.67,72.69,72.71,72.73,72.75,72.75
80.0,tCal,72.86
80.0,tCal,72.86,72.87
80.0,tCal,72.86,72.87,72.89
80.0,tCal,72.86,72.87,72.89,72.9
80.0,tCal,72.86,72.87,72.89,72.9,72.92
80.0,tCal,72.86,72.87,72.89,72.9,72.92,72.94
80.0,tCal,72.86,72.87,72.89,72.9,72.92,72.94,72.96
80.0,tCal,73.05
80.0,tCal,73.05,73.07
80.0,tCal,73.05,73.07,73.09
80.0,tCal,73.05,73.07,73.09,73.09
80.0,tCal,73.05,73.07,73.09,73.09,73.11
80.0,tCal,73.05,73.07,73.09,73.09,73.11,73.14
80.0,tCal,73.05,73.07,73.09,73.09,73.11,73.14,73.15
80.0,tCal,73.24
80.0,tCal,73.24,73.26
80.0,tCal,73.24,73.26,73.28
80.0,tCal,73.24,73.26,73.28,73.3
80.0,tCal,73.24,73.26,73.28,73.3,73.31
80.0,tCal,73.24,73.26,73.28,73.3,73.31,73.32
80.0,tCal,73.24,73.26,73.28,73.3,73.31,73.32,73.34
80.0,tCal,73.43
80.0,tCal,73.43,73.45
80.0,tCal,73.43,73.45,73.47
80.0,tCal,73.43,73.45,73.47,73.48
80.0,tCal,73.43,73.45,73.47,73.48,73.5
80.0,tCal,73.43,73.45,73.47,73.48,73.5,73.51
80.0,tCal,73.43,73.45,73.47,73.48,73.5,73.51,73.52
80.0,tCal,73.61
80.0,tCal,73.61,73.64
80.0,tCal,73.61,73.64,73.65
80.0,tCal,73.61,73.64,73.65,73.66
80.0,tCal,73.61,73.64,73.65,73.66,73.68
80.0,tCal,73.61,73.64,73.65,73.66,73.68,73.7
80.0,tCal,73.61,73.64,73.65,73.66,73.68,73.7,73.71
80.0,tCal,73.79
80.0,tCal,73.79,73.81
80.0,tCal,73.79,73.81,73.83
80.0,tCal,73.79,73.81,73.83,73.84
80.0,tCal,73.79,73.81,73.83,73.84,73.86
80.0,tCal,73.79,73.81,73.83,73.84,73.86,73.88
80.0,tCal,73.79,73.81,73.83,73.84,73.86,73.88,73.9
80.0,tCal,73.97
80.0,tCal,73.97,73.98
80.0,tCal,73.97,73.98,74.01
80.0,tCal,73.97,73.98,74.01,74.03
80.0,tCal,73.97,73.98,74.01,74.03,74.04
80.0,tCal,73.97,73.98,74.01,74.03,74.04,74.05
80.0,tCal,73.97,73.98,74.01,74.03,74.04,74.05,74.07
80.0,tCal,74.15
80.0,tCal,74.15,74.17
80.0,tCal,74.15,74.17,74.18
80.0,tCal,74.15,74.17,74.18,74.19
80.0,tCal,74.15,74.17,74.18,74.19,74.21
80.0,tCal,74.15,74.17,74.18,74.19,74.21,74.22
80.0,tCal,74.15,74.17,74.18,74.19,74.21,74.22,74.23
80.0,tCal,74.32
80.0,tCal,74.32,74.33
80.0,tCal,74.32,74.33,74.34
80.0,tCal,74.32,74.33,74.34,74.36
80.0,tCal,74.32,74.33,74.34,74.36,74.37
80.0,tCal,74.32,74.33,74.34,74.36,74.37,74.38
80.0,tCal,74.32,74.33,74.34,74.36,74.37,74.38,74.4
80.0,tCal,74.47
80.0,tCal,74.47,74.49
80.0,tCal,74.47,74.49,74.51
80.0,tCal,74.47,74.49,74.51,74.52
80.0,tCal,74.47,74.49,74.51,74.52,74.52
80.0,tCal,74.47,74.49,74.51,74.52,74.52,74.54
80.0,tCal,74.47,74.49,74.51,74.52,74.52,74.54,74.55
80.0,tCal,74.63
80.0,tCal,74.63,74.64
80.0,tCal,74.63,74.64,74.66
80.0,tCal,74.63,74.64,74.66,74.67
80.0,tCal,74.63,74.64,74.66,74.67,74.69
80.0,tCal,74.63,74.64,74.66,74.67,74.69,74.7
80.0,tCal,74.63,74.64,74.66,74.67,74.69,74.7,74.72
80.0,tCal,74.78
80.0,tCal,74.78,74.8
80.0,tCal,74.78,74.8,74.81
80.0,tCal,74.78,74.8,74.81,74.82
80.0,tCal,74.78,74.8,74.81,74.82,74.84
80.0,tCal,74.78,74.8,74.81,74.82,74.84,74.85
80.0,tCal,74.78,74.8,74.81,74.82,74.84,74.85,74.87
80.0,tCal,74.93
80.0,tCal,74.93,74.95
80.0,tCal,74.93,74.95,74.96
80.0,tCal,74.93,74.95,74.96,74.97
80.0,tCal,74.93,74.95,74.96,74.97,74.98
80.0,tCal,74.93,74.95,74.96,74.97,74.98,75.0
80.0,tCal,74.93,74.95,74.96,74.97,74.98,75.0,75.0
80.0,tCal,75.08
80.0,tCal,75.08,75.09
80.0,tCal,75.08,75.09,75.1
80.0,tCal,75.08,75.09,75.1,75.12
80.0,tCal,75.08,75.09,75.1,75.12,75.12
80.0,tCal,75.08,75.09,75.1,75.12,75.12,75.14
80.0,tCal,75.08,75.09,75.1,75.12,75.12,75.14,75.16
80.0,tCal,75.22
80.0,tCal,75.22,75.24
80.0,tCal,75.22,75.24,75.25
80.0,tCal,75.22,75.24,75.25,75.26
80.0,tCal,75.22,75.24,75.25,75.26,75.27
80.0,tCal,75.22,75.24,75.25,75.26,75.27,75.28
80.0,tCal,75.22,75.24,75.25,75.26,75.27,75.28,75.3
80.0,tCal,75.36
80.0,tCal,75.36,75.37
80.0,tCal,75.36,75.37,75.39
80.0,tCal,75.36,75.37,75.39,75.4
80.0,tCal,75.36,75.37,75.39,75.4,75.4
80.0,tCal,75.36,75.37,75.39,75.4,75.4,75.42
80.0,tCal,75.36,75.37,75.39,75.4,75.4,75.42,75.43
80.0,tCal,75.5
80.0,tCal,75.5,75.52
80.0,tCal,75.5,75.52,75.53
80.0,tCal,75.5,75.52,75.53,75.53
80.0,tCal,75.5,75.52,75.53,75.53,75.55
80.0,tCal,75.5,75.52,75.53,75.53,75.55,75.56
80.0,tCal,75.5,75.52,75.53,75.53,75.55,75.56,75.57
80.0,tCal,75.63
80.0,tCal,75.63,75.64
80.0,tCal,75.63,75.64,75.65
80.0,tCal,75.63,75.64,75.65,75.66
80.0,tCal,75.63,75.64,75.65,75.66,75.67
80.0,tCal,75.63,75.64,75.65,75.66,75.67,75.69
80.0,tCal,75.63,75.64,75.65,75.66,75.67,75.69,75.69
80.0,tCal,75.75
80.0,tCal,75.75,75.77
80.0,tCal,75.75,75.77,75.78
80.0,tCal,75.75,75.77,75.78,75.78
80.0,tCal,75.75,75.77,75.78,75.78,75.8
80.0,tCal,75.75,75.77,75.78,75.78,75.8,75.8
80.0,tCal,75.75,75.77,75.78,75.78,75.8,75.8,75.82
80.0,tCal,75.88
80.0,tCal,75.88,75.89
80.0,tCal,75.88,75.89,75.9
80.0,tCal,75.88,75.89,75.9,75.91
80.0,tCal,75.88,75.89,75.9,75.91,75.92
80.0,tCal,75.88,75.89,75.9,75.91,75.92,75.93
80.0,tCal,75.88,75.89,75.9,75.91,75.92,75.93,75.94
80.0,tCal,75.99
80.0,tCal,75.99,76.01
80.0,tCal,75.99,76.01,76.02
80.0,tCal,75.99,76.01,76.02,76.02
80.0,tCal,75.99,76.01,76.02,76.02,76.03
80.0,tCal,75.99,76.01,76.02,76.02,76.03,76.04
80.0,tCal,75.99,76.01,76.02,76.02,76.03,76.04,76.06
80.0,tCal,76.13
80.0,tCal,76.13,76.12
80.0,tCal,76.13,76.12,76.13
80.0,tCal,76.13,76.12,76.13,76.15
80.0,tCal,76.13,76.12,76.13,76.15,76.16
80.0,tCal,76.13,76.12,76.13,76.15,76.16,76.17
80.0,tCal,76.13,76.12,76.13,76.15,76.16,76.17,76.18
80.0,tCal,76.23
80.0,tCal,76.23,76.24
80.0,tCal,76.23,76.24,76.25
80.0,tCal,76.23,76.24,76.25,76.26
80.0,tCal,76.23,76.24,76.25,76.26,76.27
80.0,tCal,76.23,76.24,76.25,76.26,76.27,76.28
80.0,tCal,76.23,76.24,76.25,76.26,76.27,76.28,76.29
80.0,tCal,76.34
80.0,tCal,76.34,76.36
80.0,tCal,76.34,76.36,76.37
80.0,tCal,76.34,76.36,76.37,76.37
80.0,tCal,76.34,76.36,76.37,76.37,76.38
80.0,tCal,76.34,76.36,76.37,76.37,76.38,76.39
80.0,tCal,76.34,76.36,76.37,76.37,76.38,76.39,76.4
80.0,tCal,76.45
80.0,tCal,76.45,76.47
80.0,tCal,76.45,76.47,76.47
80.0,tCal,76.45,76.47,76.47,76.48
80.0,tCal,76.45,76.47,76.47,76.48,76.48
80.0,tCal,76.45,76.47,76.47,76.48,76.48,76.5
80.0,tCal,76.45,76.47,76.47,76.48,76.48,76.5,76.5
80.0,tCal,76.55
80.0,tCal,76.55,76.57
80.0,tCal,76.55,76.57,76.58
80.0,tCal,76.55,76.57,76.58,76.59
80.0,tCal,76.55,76.57,76.58,76.59,76.59
80.0,tCal,76.55,76.57,76.58,76.59,76.59,76.6
80.0,tCal,76.55,76.57,76.58,76.59,76.59,76.6,76.61
80.0,tCal,76.66
80.0,tCal,76.66,76.67
80.0,tCal,76.66,76.67,76.68
80.0,tCal,76.66,76.67,76.68,76.69
80.0,tCal,76.66,76.67,76.68,76.69,76.71
80.0,tCal,76.66,76.67,76.68,76.69,76.71,76.71
80.0,tCal,76.66,76.67,76.68,76.69,76.71,76.71,76.72
80.0,tCal,76.77
80.0,tCal,76.77,76.78
80.0,tCal,76.77,76.78,76.79
80.0,tCal,76.77,76.78,76.79,76.8
80.0,tCal,76.77,76.78,76.79,76.8,76.8
80.0,tCal,76.77,76.78,76.79,76.8,76.8,76.82
80.0,tCal,76.77,76.78,76.79,76.8,76.8,76.82,76.82
80.0,tCal,76.86
80.0,tCal,76.86,76.87
80.0,tCal,76.86,76.87,76.88
80.0,tCal,76.86,76.87,76.88,76.89
80.0,tCal,76.86,76.87,76.88,76.89,76.89
80.0,tCal,76.86,76.87,76.88,76.89,76.89,76.91
80.0,tCal,76.86,76.87,76.88,76.89,76.89,76.91,76.91
80.0,tCal,76.96
80.0,tCal,76.96,76.96
80.0,tCal,76.96,76.96,76.97
80.0,tCal,76.96,76.96,76.97,76.99
80.0,tCal,76.96,76.96,76.97,76.99,77.0
80.0,tCal,76.96,76.96,76.97,76.99,77.0,77.0
80.0,tCal,76.96,76.96,76.97,76.99,77.0,77.0,77.0
80.0,tCal,77.04
80.0,tCal,77.04,77.06
80.0,tCal,77.04,77.06,77.06
80.0,tCal,77.04,77.06,77.06,77.06
80.0,tCal,77.04,77.06,77.06,77.06,77.08
80.0,tCal,77.04,77.06,77.06,77.06,77.08,77.09
80.0,tCal,77.04,77.06,77.06,77.06,77.08,77.09,77.1
80.0,tCal,77.14
80.0,tCal,77.14,77.14
80.0,tCal,77.14,77.14,77.14
80.0,tCal,77.14,77.14,77.14,77.16
80.0,tCal,77.14,77.14,77.14,77.16,77.17
80.0,tCal,77.14,77.14,77.14,77.16,77.17,77.18
80.0,tCal,77.14,77.14,77.14,77.16,77.17,77.18,77.19
80.0,tCal,77.23
80.0,tCal,77.23,77.24
80.0,tCal,77.23,77.24,77.24
80.0,tCal,77.23,77.24,77.24,77.25
80.0,tCal,77.23,77.24,77.24,77.25,77.26
80.0,tCal,77.23,77.24,77.24,77.25,77.26,77.26
80.0,tCal,77.23,77.24,77.24,77.25,77.26,77.26,77.27
80.0,tCal,77.31
80.0,tCal,77.31,77.32
80.0,tCal,77.31,77.32,77.33
80.0,tCal,77.31,77.32,77.33,77.34
80.0,tCal,77.31,77.32,77.33,77.34,77.33
80.0,tCal,77.31,77.32,77.33,77.34,77.33,77.35
80.0,tCal,77.31,77.32,77.33,77.34,77.33,77.35,77.34
80.0,tCal,77.38
80.0,tCal,77.38,77.41
80.0,tCal,77.38,77.41,77.41
80.0,tCal,77.38,77.41,77.41,77.41
80.0,tCal,77.38,77.41,77.41,77.41,77.42
80.0,tCal,77.38,77.41,77.41,77.41,77.42,77.43
80.0,tCal,77.38,77.41,77.41,77.41,77.42,77.43,77.43
80.0,tCal,77.47
80.0,tCal,77.47,77.49
80.0,tCal,77.47,77.49,77.49
80.0,tCal,77.47,77.49,77.49,77.5
80.0,tCal,77.47,77.49,77.49,77.5,77.51
80.0,tCal,77.47,77.49,77.49,77.5,77.51,77.51
80.0,tCal,77.47,77.49,77.49,77.5,77.51,77.51,77.51
80.0,tCal,77.55
80.0,tCal,77.55,77.56
80.0,tCal,77.55,77.56,77.57
80.0,tCal,77.55,77.56,77.57,77.57
80.0,tCal,77.55,77.56,77.57,77.57,77.58
80.0,tCal,77.55,77.56,77.57,77.57,77.58,77.58
80.0,tCal,77.55,77.56,77.57,77.57,77.58,77.58,77.59
80.0,tCal,77.63
80.0,tCal,77.63,77.63
80.0,tCal,77.63,77.63,77.64
80.0,tCal,77.63,77.63,77.64,77.64
80.0,tCal,77.63,77.63,77.64,77.64,77.66
80.0,tCal,77.63,77.63,77.64,77.64,77.66,77.66
80.0,tCal,77.63,77.63,77.64,77.64,77.66,77.66,77.67
80.0,tCal,77.7
80.0,tCal,77.7,77.71
80.0,tCal,77.7,77.71,77.72
80.0,tCal,77.7,77.71,77.72,77.73
80.0,tCal,77.7,77.71,77.72,77.73,77.73
80.0,tCal,77.7,77.71,77.72,77.73,77.73,77.73
80.0,tCal,77.7,77.71,77.72,77.73,77.73,77.73,77.73
80.0,tCal,77.77
80.0,tCal,77.77,77.78
80.0,tCal,77.77,77.78,77.79
80.0,tCal,77.77,77.78,77.79,77.8
80.0,tCal,77.77,77.78,77.79,77.8,77.8
80.0,tCal,77.77,77.78,77.79,77.8,77.8,77.82
80.0,tCal,77.77,77.78,77.79,77.8,77.8,77.82,77.82
80.0,tCal,77.85
80.0,tCal,77.85,77.86
80.0,tCal,77.85,77.86,77.85
80.0,tCal,77.85,77.86,77.85,77.87
80.0,tCal,77.85,77.86,77.85,77.87,77.87
80.0,tCal,77.85,77.86,77.85,77.87,77.87,77.88
80.0,tCal,77.85,77.86,77.85,77.87,77.87,77.88,77.89
80.0,tCal,77.91
80.0,tCal,77.91,77.92
80.0,tCal,77.91,77.92,77.92
80.0,tCal,77.91,77.92,77.92,77.93
80.0,tCal,77.91,77.92,77.92,77.93,77.93
80.0,tCal,77.91,77.92,77.92,77.93,77.93,77.93
80.0,tCal,77.91,77.92,77.92,77.93,77.93,77.93,77.95
80.0,tCal,77.97
80.0,tCal,77.97,77.98
80.0,tCal,77.97,77.98,77.99
80.0,tCal,77.97,77.98,77.99,77.99
80.0,tCal,77.97,77.98,77.99,77.99,78.0
80.0,tCal,77.97,77.98,77.99,77.99,78.0,78.0
80.0,tCal,77.97,77.98,77.99,77.99,78.0,78.0,78.01
80.0,tCal,78.04
80.0,tCal,78.04,78.04
80.0,tCal,78.04,78.04,78.05
80.0,tCal,78.04,78.04,78.05,78.06
80.0,tCal,78.04,78.04,78.05,78.06,78.05
80.0,tCal,78.04,78.04,78.05,78.06,78.05,78.06
80.0,tCal,78.04,78.04,78.05,78.06,78.05,78.06,78.07
80.0,tCal,78.11
80.0,tCal,78.11,78.1
80.0,tCal,78.11,78.1,78.11
80.0,tCal,78.11,78.1,78.11,78.11
80.0,tCal,78.11,78.1,78.11,78.11,78.12
80.0,tCal,78.11,78.1,78.11,78.11,78.12,78.12
80.0,tCal,78.11,78.1,78.11,78.11,78.12,78.12,78.14
80.0,tCal,78.16
80.0,tCal,78.16,78.16
80.0,tCal,78.16,78.16,78.17
80.0,tCal,78.16,78.16,78.17,78.17
80.0,tCal,78.16,78.16,78.17,78.17,78.18
80.0,tCal,78.16,78.16,78.17,78.17,78.18,78.18
80.0,tCal,78.16,78.16,78.17,78.17,78.18,78.18,78.18
80.0,tCal,78.22
80.0,tCal,78.22,78.21
80.0,tCal,78.22,78.21,78.22
80.0,tCal,78.22,78.21,78.22,78.24
80.0,tCal,78.22,78.21,78.22,78.24,78.24
80.0,tCal,78.22,78.21,78.22,78.24,78.24,78.24
80.0,tCal,78.22,78.21,78.22,78.24,78.24,78.24,78.24
80.0,tCal,78.27
80.0,tCal,78.27,78.28
80.0,tCal,78.27,78.28,78.29
80.0,tCal,78.27,78.28,78.29,78.29
80.0,tCal,78.27,78.28,78.29,78.29,78.29
80.0,tCal,78.27,78.28,78.29,78.29,78.29,78.3
80.0,tCal,78.27,78.28,78.29,78.29,78.29,78.3,78.3
80.0,tCal,78.32
80.0,tCal,78.32,78.33
80.0,tCal,78.32,78.33,78.34
80.0,tCal,78.32,78.33,78.34,78.34
80.0,tCal,78.32,78.33,78.34,78.34,78.35
80.0,tCal,78.32,78.33,78.34,78.34,78.35,78.35
80.0,tCal,78.32,78.33,78.34,78.34,78.35,78.35,78.36
80.0,tCal,78.38
80.0,tCal,78.38,78.39
80.0,tCal,78.38,78.39,78.39
80.0,tCal,78.38,78.39,78.39,78.39
80.0,tCal,78.38,78.39,78.39,78.39,78.4
80.0,tCal,78.38,78.39,78.39,78.39,78.4,78.41
80.0,tCal,78.38,78.39,78.39,78.39,78.4,78.41,78.41
80.0,tCal,78.43
80.0,tCal,78.43,78.43
80.0,tCal,78.43,78.43,78.44
80.0,tCal,78.43,78.43,78.44,78.44
80.0,tCal,78.43,78.43,78.44,78.44,78.45
80.0,tCal,78.43,78.43,78.44,78.44,78.45,78.45
80.0,tCal,78.43,78.43,78.44,78.44,78.45,78.45,78.46
80.0,tCal,78.48
80.0,tCal,78.48,78.48
80.0,tCal,78.48,78.48,78.48
80.0,tCal,78.48,78.48,78.48,78.49
80.0,tCal,78.48,78.48,78.48,78.49,78.5
80.0,tCal,78.48,78.48,78.48,78.49,78.5,78.5
80.0,tCal,78.48,78.48,78.48,78.49,78.5,78.5,78.5
80.0,tCal,78.53
80.0,tCal,78.53,78.54
80.0,tCal,78.53,78.54,78.53
80.0,tCal,78.53,78.54,78.53,78.53
80.0,tCal,78.53,78.54,78.53,78.53,78.54
80.0,tCal,78.53,78.54,78.53,78.53,78.54,78.54
80.0,tCal,78.53,78.54,78.53,78.53,78.54,78.54,78.56
80.0,tCal,78.58
80.0,tCal,78.58,78.57
80.0,tCal,78.58,78.57,78.59
80.0,tCal,78.58,78.57,78.59,78.59
80.0,tCal,78.58,78.57,78.59,78.59,78.59
80.0,tCal,78.58,78.57,78.59,78.59,78.59,78.6
80.0,tCal,78.58,78.57,78.59,78.59,78.59,78.6,78.6
80.0,tCal,78.62
80.0,tCal,78.62,78.63
80.0,tCal,78.62,78.63,78.63
80.0,tCal,78.62,78.63,78.63,78.63
80.0,tCal,78.62,78.63,78.63,78.63,78.63
80.0,tCal,78.62,78.63,78.63,78.63,78.63,78.64
80.0,tCal,78.62,78.63,78.63,78.63,78.63,78.64,78.65
80.0,tCal,78.66
80.0,tCal,78.66,78.67
80.0,tCal,78.66,78.67,78.68
80.0,tCal,78.66,78.67,78.68,78.68
80.0,tCal,78.66,78.67,78.68,78.68,78.68
80.0,tCal,78.66,78.67,78.68,78.68,78.68,78.68
80.0,tCal,78.66,78.67,78.68,78.68,78.68,78.68,78.69
80.0,tCal,78.72
80.0,tCal,78.72,78.71
80.0,tCal,78.72,78.71,78.71
80.0,tCal,78.72,78.71,78.71,78.72
80.0,tCal,78.72,78.71,78.71,78.72,78.73
80.0,tCal,78.72,78.71,78.71,78.72,78.73,78.72
80.0,tCal,78.72,78.71,78.71,78.72,78.73,78.72,78.73
80.0,tCal,78.74
80.0,tCal,78.74,78.74
80.0,tCal,78.74,78.74,78.75
80.0,tCal,78.74,78.74,78.75,78.76
80.0,tCal,78.74,78.74,78.75,78.76,78.76
80.0,tCal,78.74,78.74,78.75,78.76,78.76,78.76
80.0,tCal,78.74,78.74,78.75,78.76,78.76,78.76,78.77
80.0,tCal,78.79
80.0,tCal,78.79,78.79
80.0,tCal,78.79,78.79,78.79
80.0,tCal,78.79,78.79,78.79,78.8
80.0,tCal,78.79,78.79,78.79,78.8,78.8
80.0,tCal,78.79,78.79,78.79,78.8,78.8,78.8
80.0,tCal,78.79,78.79,78.79,78.8,78.8,78.8,78.8
80.0,tCal,78.82
80.0,tCal,78.82,78.83
80.0,tCal,78.82,78.83,78.83
80.0,tCal,78.82,78.83,78.83,78.84
80.0,tCal,78.82,78.83,78.83,78.84,78.84
80.0,tCal,78.82,78.83,78.83,78.84,78.84,78.85
80.0,tCal,78.82,78.83,78.83,78.84,78.84,78.85,78.84
80.0,tCal,78.86
80.0,tCal,78.86,78.88
80.0,tCal,78.86,78.88,78.87
80.0,tCal,78.86,78.88,78.87,78.88
80.0,tCal,78.86,78.88,78.87,78.88,78.88
80.0,tCal,78.86,78.88,78.87,78.88,78.88,78.88
80.0,tCal,78.86,78.88,78.87,78.88,78.88,78.88,78.88
80.0,tCal,78.9
80.0,tCal,78.9,78.91
80.0,tCal,78.9,78.91,78.9
80.0,tCal,78.9,78.91,78.9,78.91
80.0,tCal,78.9,78.91,78.9,78.91,78.91
80.0,tCal,78.9,78.91,78.9,78.91,78.91,78.92
80.0,tCal,78.9,78.91,78.9,78.91,78.91,78.92,78.92
80.0,tCal,78.93
80.0,tCal,78.93,78.94
80.0,tCal,78.93,78.94,78.94
80.0,tCal,78.93,78.94,78.94,78.95
80.0,tCal,78.93,78.94,78.94,78.95,78.94
80.0,tCal,78.93,78.94,78.94,78.95,78.94,78.96
80.0,tCal,78.93,78.94,78.94,78.95,78.94,78.96,78.96
80.0,tCal,78.97
80.0,tCal,78.97,78.98
80.0,tCal,78.97,78.98,78.98
80.0,tCal,78.97,78.98,78.98,78.98
80.0,tCal,78.97,78.98,78.98,78.98,78.98
80.0,tCal,78.97,78.98,78.98,78.98,78.98,78.98
80.0,tCal,78.97,78.98,78.98,78.98,78.98,78.98,78.99
80.0,tCal,79.0
80.0,tCal,79.0,79.01
80.0,tCal,79.0,79.01,79.01
80.0,tCal,79.0,79.01,79.01,79.01
80.0,tCal,79.0,79.01,79.01,79.01,79.02
80.0,tCal,79.0,79.01,79.01,79.01,79.02,79.02
80.0,tCal,79.0,79.01,79.01,79.01,79.02,79.02,79.02
80.0,tCal,79.03
80.0,tCal,79.03,79.04
80.0,tCal,79.03,79.04,79.04
80.0,tCal,79.03,79.04,79.04,79.04
80.0,tCal,79.03,79.04,79.04,79.04,79.04
80.0,tCal,79.03,79.04,79.04,79.04,79.04,79.05
80.0,tCal,79.03,79.04,79.04,79.04,79.04,79.05,79.05
80.0,tCal,79.06
80.0,tCal,79.06,79.06
80.0,tCal,79.06,79.06,79.07
80.0,tCal,79.06,79.06,79.07,79.07
80.0,tCal,79.06,79.06,79.07,79.07,79.07
80.0,tCal,79.06,79.06,79.07,79.07,79.07,79.07
80.0,tCal,79.06,79.06,79.07,79.07,79.07,79.07,79.08
80.0,tCal,79.1
80.0,tCal,79.1,79.1
80.0,tCal,79.1,79.1,79.1
80.0,tCal,79.1,79.1,79.1,79.1
80.0,tCal,79.1,79.1,79.1,79.1,79.11
80.0,tCal,79.1,79.1,79.1,79.1,79.11,79.1
80.0,tCal,79.1,79.1,79.1,79.1,79.11,79.1,79.1
80.0,tCal,79.12
80.0,tCal,79.12,79.12
80.0,tCal,79.12,79.12,79.13
80.0,tCal,79.12,79.12,79.13,79.14
80.0,tCal,79.12,79.12,79.13,79.14,79.13
80.0,tCal,79.12,79.12,79.13,79.14,79.13,79.14
80.0,tCal,79.12,79.12,79.13,79.14,79.13,79.14,79.14
80.0,tCal,79.16
80.0,tCal,79.16,79.16
80.0,tCal,79.16,79.16,79.17
80.0,tCal,79.16,79.16,79.17,79.16
80.0,tCal,79.16,79.16,79.17,79.16,79.16
80.0,tCal,79.16,79.16,79.17,79.16,79.16,79.16
80.0,tCal,79.16,79.16,79.17,79.16,79.16,79.16,79.18
80.0,tCal,79.18
80.0,tCal,79.18,79.18
80.0,tCal,79.18,79.18,79.18
80.0,tCal,79.18,79.18,79.18,79.19
80.0,tCal,79.18,79.18,79.18,79.19,79.2
80.0,tCal,79.18,79.18,79.18,79.19,79.2,79.2
80.0,tCal,79.18,79.18,79.18,79.19,79.2,79.2,79.2
80.0,tCal,79.21
80.0,tCal,79.21,79.21
80.0,tCal,79.21,79.21,79.22
80.0,tCal,79.21,79.21,79.22,79.21
80.0,tCal,79.21,79.21,79.22,79.21,79.22
80.0,tCal,79.21,79.21,79.22,79.21,79.22,79.21
80.0,tCal,79.21,79.21,79.22,79.21,79.22,79.21,79.22
80.0,tCal,79.23
80.0,tCal,79.23,79.23
80.0,tCal,79.23,79.23,79.23
80.0,tCal,79.23,79.23,79.23,79.23
80.0,tCal,79.23,79.23,79.23,79.23,79.25
80.0,tCal,79.23,79.23,79.23,79.23,79.25,79.24
80.0,tCal,79.23,79.23,79.23,79.23,79.25,79.24,79.25
80.0,tCal,79.26
80.0,tCal,79.26,79.26
80.0,tCal,79.26,79.26,79.27
80.0,tCal,79.26,79.26,79.27,79.27
80.0,tCal,79.26,79.26,79.27,79.27,79.26
80.0,tCal,79.26,79.26,79.27,79.27,79.26,79.27
80.0,tCal,79.26,79.26,79.27,79.27,79.26,79.27,79.27
80.0,tCal,79.29
80.0,tCal,79.29,79.29
80.0,tCal,79.29,79.29,79.28
80.0,tCal,79.29,79.29,79.28,79.29
80.0,tCal,79.29,79.29,79.28,79.29,79.28
80.0,tCal,79.29,79.29,79.28,79.29,79.28,79.29
80.0,tCal,79.29,79.29,79.28,79.29,79.28,79.29,79.3
80.0,tCal,79.3
80.0,tCal,79.3,79.3
80.0,tCal,79.3,79.3,79.31
80.0,tCal,79.3,79.3,79.31,79.31
80.0,tCal,79.3,79.3,79.31,79.31,79.31
80.0,tCal,79.3,79.3,79.31,79.31,79.31,79.32
80.0,tCal,79.3,79.3,79.31,79.31,79.31,79.32,79.31
80.0,tCal,79.33
80.0,tCal,79.33,79.33
80.0,tCal,79.33,79.33,79.33
80.0,tCal,79.33,79.33,79.33,79.34
80.0,tCal,79.33,79.33,79.33,79.34,79.34
80.0,tCal,79.33,79.33,79.33,79.34,79.34,79.34
80.0,tCal,79.33,79.33,79.33,79.34,79.34,79.34,79.33
80.0,tCal,79.35
80.0,tCal,79.35,79.35
80.0,tCal,79.35,79.35,79.36
80.0,tCal,79.35,79.35,79.36,79.35
80.0,tCal,79.35,79.35,79.36,79.35,79.36
80.0,tCal,79.35,79.35,79.36,79.35,79.36,79.37
80.0,tCal,79.35,79.35,79.36,79.35,79.36,79.37,79.37
80.0,tCal,79.38
80.0,tCal,79.38,79.37
80.0,tCal,79.38,79.37,79.37
80.0,tCal,79.38,79.37,79.37,79.37
80.0,tCal,79.38,79.37,79.37,79.37,79.38
80.0,tCal,79.38,79.37,79.37,79.37,79.38,79.39
80.0,tCal,79.38,79.37,79.37,79.37,79.38,79.39,79.39
80.0,tCal,79.39
80.0,tCal,79.39,79.4
80.0,tCal,79.39,79.4,79.39
80.0,tCal,79.39,79.4,79.39,79.39
80.0,tCal,79.39,79.4,79.39,79.39,79.4
80.0,tCal,79.39,79.4,79.39,79.39,79.4,79.4
80.0,tCal,79.39,79.4,79.39,79.39,79.4,79.4,79.39
80.0,tCal,79.41
80.0,tCal,79.41,79.41
80.0,tCal,79.41,79.41,79.42
80.0,tCal,79.41,79.41,79.42,79.42
80.0,tCal,79.41,79.41,79.42,79.42,79.42
80.0,tCal,79.41,79.41,79.42,79.42,79.42,79.42
80.0,tCal,79.41,79.41,79.42,79.42,79.42,79.42,79.43
80.0,tCal,79.43
80.0,tCal,79.43,79.43
80.0,tCal,79.43,79.43,79.43
80.0,tCal,79.43,79.43,79.43,79.45
80.0,tCal,79.43,79.43,79.43,79.45,79.44
80.0,tCal,79.43,79.43,79.43,79.45,79.44,79.45
80.0,tCal,79.43,79.43,79.43,79.45,79.44,79.45,79.45
80.0,tCal,79.45
80.0,tCal,79.45,79.45
80.0,tCal,79.45,79.45,79.46
80.0,tCal,79.45,79.45,79.46,79.45
80.0,tCal,79.45,79.45,79.46,79.45,79.46
80.0,tCal,79.45,79.45,79.46,79.45,79.46,79.46
80.0,tCal,79.45,79.45,79.46,79.45,79.46,79.46,79.46
80.0,tCal,79.47
80.0,tCal,79.47,79.47
80.0,tCal,79.47,79.47,79.48
80.0,tCal,79.47,79.47,79.48,79.47
80.0,tCal,79.47,79.47,79.48,79.47,79.47
80.0,tCal,79.47,79.47,79.48,79.47,79.47,79.47
80.0,tCal,79.47,79.47,79.48,79.47,79.47,79.47,79.48
80.0,tCal,79.48
80.0,tCal,79.48,79.48
80.0,tCal,79.48,79.48,79.49
80.0,tCal,79.48,79.48,79.49,79.48
80.0,tCal,79.48,79.48,79.49,79.48,79.49
80.0,tCal,79.48,79.48,79.49,79.48,79.49,79.5
80.0,tCal,79.48,79.48,79.49,79.48,79.49,79.5,79.49
80.0,tCal,79.5
80.0,tCal,79.5,79.5
80.0,tCal,79.5,79.5,79.49
80.0,tCal,79.5,79.5,79.49,79.51
80.0,tCal,79.5,79.5,79.49,79.51,79.51
80.0,tCal,79.5,79.5,79.49,79.51,79.51,79.51
80.0,tCal,79.5,79.5,79.49,79.51,79.51,79.51,79.51
80.0,tCal,79.52
80.0,tCal,79.52,79.51
80.0,tCal,79.52,79.51,79.53
80.0,tCal,79.52,79.51,79.53,79.52
80.0,tCal,79.52,79.51,79.53,79.52,79.52
80.0,tCal,79.52,79.51,79.53,79.52,79.52,79.53
80.0,tCal,79.52,79.51,79.53,79.52,79.52,79.53,79.52
80.0,tCal,79.53
80.0,tCal,79.53,79.54
80.0,tCal,79.53,79.54,79.53
80.0,tCal,79.53,79.54,79.53,79.53
80.0,tCal,79.53,79.54,79.53,79.53,79.53
80.0,tCal,79.53,79.54,79.53,79.53,79.53,79.54
80.0,tCal,79.53,79.54,79.53,79.53,79.53,79.54,79.54
80.0,tCal,79.54
80.0,tCal,79.54,79.55
80.0,tCal,79.54,79.55,79.55
80.0,tCal,79.54,79.55,79.55,79.55
80.0,tCal,79.54,79.55,79.55,79.55,79.54
80.0,tCal,79.54,79.55,79.55,79.55,79.54,79.55
80.0,tCal,79.54,79.55,79.55,79.55,79.54,79.55,79.55
80.0,tCal,79.56
80.0,tCal,79.56,79.55
80.0,tCal,79.56,79.55,79.55
80.0,tCal,79.56,79.55,79.55,79.56
80.0,tCal,79.56,79.55,79.55,79.56,79.56
80.0,tCal,79.56,79.55,79.55,79.56,79.56,79.56
80.0,tCal,79.56,79.55,79.55,79.56,79.56,79.56,79.56
80.0,tCal,79.57
80.0,tCal,79.57,79.57
80.0,tCal,79.57,79.57,79.57
80.0,tCal,79.57,79.57,79.57,79.57
80.0,tCal,79.57,79.57,79.57,79.57,79.57
80.0,tCal,79.57,79.57,79.57,79.57,79.57,79.58
80.0,tCal,79.57,79.57,79.57,79.57,79.57,79.58,79.58
80.0,tCal,79.58
80.0,tCal,79.58,79.59
80.0,tCal,79.58,79.59,79.59
80.0,tCal,79.58,79.59,79.59,79.58
80.0,tCal,79.58,79.59,79.59,79.58,79.59
80.0,tCal,79.58,79.59,79.59,79.58,79.59,79.59
80.0,tCal,79.58,79.59,79.59,79.58,79.59,79.59,79.59
80.0,tCal,79.6
80.0,tCal,79.6,79.61
80.0,tCal,79.6,79.61,79.61
80.0,tCal,79.6,79.61,79.61,79.61
80.0,tCal,79.6,79.61,79.61,79.61,79.61
80.0,tCal,79.6,79.61,79.61,79.61,79.61,79.61
80.0,tCal,79.6,79.61,79.61,79.61,79.61,79.61,79.61
80.0,tCal,79.61
80.0,tCal,79.61,79.61
80.0,tCal,79.61,79.61,79.61
80.0,tCal,79.61,79.61,79.61,79.62
80.0,tCal,79.61,79.61,79.61,79.62,79.62
80.0,tCal,79.61,79.61,79.61,79.62,79.62,79.62
80.0,tCal,79.61,79.61,79.61,79.62,79.62,79.62,79.62
80.0,tCal,79.63
80.0,tCal,79.63,79.64
80.0,tCal,79.63,79.64,79.63
80.0,tCal,79.63,79.64,79.63,79.64
80.0,tCal,79.63,79.64,79.63,79.64,79.64
80.0,tCal,79.63,79.64,79.63,79.64,79.64,79.63
80.0,tCal,79.63,79.64,79.63,79.64,79.64,79.63,79.64
80.0,tCal,79.64
80.0,tCal,79.64,79.65
80.0,tCal,79.64,79.65,79.64
80.0,tCal,79.64,79.65,79.64,79.65
80.0,tCal,79.64,79.65,79.64,79.65,79.65
80.0,tCal,79.64,79.65,79.64,79.65,79.65,79.65
80.0,tCal,79.64,79.65,79.64,79.65,79.65,79.65,79.64
80.0,tCal,79.65
80.0,tCal,79.65,79.65
80.0,tCal,79.65,79.65,79.65
80.0,tCal,79.65,79.65,79.65,79.64
80.0,tCal,79.65,79.65,79.65,79.64,79.66
80.0,tCal,79.65,79.65,79.65,79.64,79.66,79.66
80.0,tCal,79.65,79.65,79.65,79.64,79.66,79.66,79.66
80.0,tCal,79.66
80.0,tCal,79.66,79.66
80.0,tCal,79.66,79.66,79.66
80.0,tCal,79.66,79.66,79.66,79.66
80.0,tCal,79.66,79.66,79.66,79.66,79.67
80.0,tCal,79.66,79.66,79.66,79.66,79.67,79.66
80.0,tCal,79.66,79.66,79.66,79.66,79.67,79.66,79.66
80.0,tCal,79.67
80.0,tCal,79.67,79.67
80.0,tCal,79.67,79.67,79.67
80.0,tCal,79.67,79.67,79.67,79.67
80.0,tCal,79.67,79.67,79.67,79.67,79.67
80.0,tCal,79.67,79.67,79.67,79.67,79.67,79.67
80.0,tCal,79.67,79.67,79.67,79.67,79.67,79.67,79.67
80.0,tCal,79.69
80.0,tCal,79.69,79.68
80.0,tCal,79.69,79.68,79.68
80.0,tCal,79.69,79.68,79.68,79.68
80.0,tCal,79.69,79.68,79.68,79.68,79.68
80.0,tCal,79.69,79.68,79.68,79.68,79.68,79.69
80.0,tCal,79.69,79.68,79.68,79.68,79.68,79.69,79.68
80.0,tCal,79.69
80.0,tCal,79.69,79.69
80.0,tCal,79.69,79.69,79.69
80.0,tCal,79.69,79.69,79.69,79.7
80.0,tCal,79.69,79.69,79.69,79.7,79.7
80.0,tCal,79.69,79.69,79.69,79.7,79.7,79.7
80.0,tCal,79.69,79.69,79.69,79.7,79.7,79.7,79.7
80.0,tCal,79.7
80.0,tCal,79.7,79.7
80.0,tCal,79.7,79.7,79.7
80.0,tCal,79.7,79.7,79.7,79.71
80.0,tCal,79.7,79.7,79.7,79.71,79.7
80.0,tCal,79.7,79.7,79.7,79.71,79.7,79.71
80.0,tCal,79.7,79.7,79.7,79.71,79.7,79.71,79.71
80.0,tCal,79.71
80.0,tCal,79.71,79.71
80.0,tCal,79.71,79.71,79.71
80.0,tCal,79.71,79.71,79.71,79.71
80.0,tCal,79.71,79.71,79.71,79.71,79.71
80.0,tCal,79.71,79.71,79.71,79.71,79.71,79.72
80.0,tCal,79.71,79.71,79.71,79.71,79.71,79.72,79.72
80.0,tCal,79.72
80.0,tCal,79.72,79.72
80.0,tCal,79.72,79.72,79.72
80.0,tCal,79.72,79.72,79.72,79.71
80.0,tCal,79.72,79.72,79.72,79.71,79.72
80.0,tCal,79.72,79.72,79.72,79.71,79.72,79.72
80.0,tCal,79.72,79.72,79.72,79.71,79.72,79.72,79.73
80.0,tCal,79.73
80.0,tCal,79.73,79.74
80.0,tCal,79.73,79.74,79.73
80.0,tCal,79.73,79.74,79.73,79.73
80.0,tCal,79.73,79.74,79.73,79.73,79.73
80.0,tCal,79.73,79.74,79.73,79.73,79.73,79.73
80.0,tCal,79.73,79.74,79.73,79.73,79.73,79.73,79.74
80.0,tCal,79.74
80.0,tCal,79.74,79.73
80.0,tCal,79.74,79.73,79.74
80.0,tCal,79.74,79.73,79.74,79.74
80.0,tCal,79.74,79.73,79.74,79.74,79.74
80.0,tCal,79.74,79.73,79.74,79.74,79.74,79.73
80.0,tCal,79.74,79.73,79.74,79.74,79.74,79.73,79.74
80.0,tCal,79.75
80.0,tCal,79.75,79.75
80.0,tCal,79.75,79.75,79.75
80.0,tCal,79.75,79.75,79.75,79.74
80.0,tCal,79.75,79.75,79.75,79.74,79.75
80.0,tCal,79.75,79.75,79.75,79.74,79.75,79.75
80.0,tCal,79.75,79.75,79.75,79.74,79.75,79.75,79.74
80.0,tCal,79.75
80.0,tCal,79.75,79.75
80.0,tCal,79.75,79.75,79.76
80.0,tCal,79.75,79.75,79.76,79.76
80.0,tCal,79.75,79.75,79.76,79.76,79.75
80.0,tCal,79.75,79.75,79.76,79.76,79.75,79.76
80.0,tCal,79.75,79.75,79.76,79.76,79.75,79.76,79.76
80.0,tCal,79.76
80.0,tCal,79.76,79.76
80.0,tCal,79.76,79.76,79.76
80.0,tCal,79.76,79.76,79.76,79.77
80.0,tCal,79.76,79.76,79.76,79.77,79.77
80.0,tCal,79.76,79.76,79.76,79.77,79.77,79.76
80.0,tCal,79.76,79.76,79.76,79.77,79.77,79.76,79.76
80.0,tCal,79.77
80.0,tCal,79.77,79.77
80.0,tCal,79.77,79.77,79.77
80.0,tCal,79.77,79.77,79.77,79.78
80.0,tCal,79.77,79.77,79.77,79.78,79.76
80.0,tCal,79.77,79.77,79.77,79.78,79.76,79.77
80.0,tCal,79.77,79.77,79.77,79.78,79.76,79.77,79.77
80.0,tCal,79.78
80.0,tCal,79.78,79.77
80.0,tCal,79.78,79.77,79.78
80.0,tCal,79.78,79.77,79.78,79.77
80.0,tCal,79.78,79.77,79.78,79.77,79.78
80.0,tCal,79.78,79.77,79.78,79.77,79.78,79.78
80.0,tCal,79.78,79.77,79.78,79.77,79.78,79.78,79.78
80.0,tCal,79.78
80.0,tCal,79.78,79.78
80.0,tCal,79.78,79.78,79.78
80.0,tCal,79.78,79.78,79.78,79.78
80.0,tCal,79.78,79.78,79.78,79.78,79.78
80.0,tCal,79.78,79.78,79.78,79.78,79.78,79.78
80.0,tCal,79.78,79.78,79.78,79.78,79.78,79.78,79.78
80.0,tCal,79.78
80.0,tCal,79.78,79.78
80.0,tCal,79.78,79.78,79.79
80.0,tCal,79.78,79.78,79.79,79.78
80.0,tCal,79.78,79.78,79.79,79.78,79.78
80.0,tCal,79.78,79.78,79.79,79.78,79.78,79.79
80.0,tCal,79.78,79.78,79.79,79.78,79.78,79.79,79.78
80.0,tCal,79.79
80.0,tCal,79.79,79.8
80.0,tCal,79.79,79.8,79.79
80.0,tCal,79.79,79.8,79.79,79.79
80.0,tCal,79.79,79.8,79.79,79.79,79.79
80.0,tCal,79.79,79.8,79.79,79.79,79.79,79.79
80.0,tCal,79.79,79.8,79.79,79.79,79.79,79.79,79.79
80.0,tCal,79.79
80.0,tCal,79.79,79.8
80.0,tCal,79.79,79.8,79.8
80.0,tCal,79.79,79.8,79.8,79.8
80.0,tCal,79.79,79.8,79.8,79.8,79.79
80.0,tCal,79.79,79.8,79.8,79.8,79.79,79.8
80.0,tCal,79.79,79.8,79.8,79.8,79.79,79.8,79.79
80.0,tCal,79.81
80.0,tCal,79.81,79.8
80.0,tCal,79.81,79.8,79.8
80.0,tCal,79.81,79.8,79.8,79.81
80.0,tCal,79.81,79.8,79.8,79.81,79.8
80.0,tCal,79.81,79.8,79.8,79.81,79.8,79.8
80.0,tCal,79.81,79.8,79.8,79.81,79.8,79.8,79.8
80.0,tCal,79.8
80.0,tCal,79.8,79.81
80.0,tCal,79.8,79.81,79.81
80.0,tCal,79.8,79.81,79.81,79.81
80.0,tCal,79.8,79.81,79.81,79.81,79.81
80.0,tCal,79.8,79.81,79.81,79.81,79.81,79.82
80.0,tCal,79.8,79.81,79.81,79.81,79.81,79.82,79.81
80.0,tCal,79.82
80.0,tCal,79.82,79.82
80.0,tCal,79.82,79.82,79.81
80.0,tCal,79.82,79.82,79.81,79.82
80.0,tCal,79.82,79.82,79.81,79.82,79.82
80.0,tCal,79.82,79.82,79.81,79.82,79.82,79.81
80.0,tCal,79.82,79.82,79.81,79.82,79.82,79.81,79.81
80.0,tCal,79.82
80.0,tCal,79.82,79.82
80.0,tCal,79.82,79.82,79.81
80.0,tCal,79.82,79.82,79.81,79.82
80.0,tCal,79.82,79.82,79.81,79.82,79.82
80.0,tCal,79.82,79.82,79.81,79.82,79.82,79.81
80.0,tCal,79.82,79.82,79.81,79.82,79.82,79.81,79.82
80.0,tCal,79.82
80.0,tCal,79.82,79.82
80.0,tCal,79.82,79.82,79.82
80.0,tCal,79.82,79.82,79.82,79.82
80.0,tCal,79.82,79.82,79.82,79.82,79.82
80.0,tCal,79.82,79.82,79.82,79.82,79.82,79.82
80.0,tCal,79.82,79.82,79.82,79.82,79.82,79.82,79.83
80.0,tCal,79.82
80.0,tCal,79.82,79.83
80.0,tCal,79.82,79.83,79.83
80.0,tCal,79.82,79.83,79.83,79.83
80.0,tCal,79.82,79.83,79.83,79.83,79.82
80.0,tCal,79.82,79.83,79.83,79.83,79.82,79.83
80.0,tCal,79.82,79.83,79.83,79.83,79.82,79.83,79.83
80.0,tCal,79.83
80.0,tCal,79.83,79.83
80.0,tCal,79.83,79.83,79.83
80.0,tCal,79.83,79.83,79.83,79.83
80.0,tCal,79.83,79.83,79.83,79.83,79.83
80.0,tCal,79.83,79.83,79.83,79.83,79.83,79.84
80.0,tCal,79.83,79.83,79.83,79.83,79.83,79.84,79.83
80.0,tCal,79.83
80.0,tCal,79.83,79.84
80.0,tCal,79.83,79.84,79.83
80.0,tCal,79.83,79.84,79.83,79.83
80.0,tCal,79.83,79.84,79.83,79.83,79.84
80.0,tCal,79.83,79.84,79.83,79.83,79.84,79.84
80.0,tCal,79.83,79.84,79.83,79.83,79.84,79.84,79.84
80.0,tCal,79.83
80.0,tCal,79.83,79.83
80.0,tCal,79.83,79.83,79.83
80.0,tCal,79.83,79.83,79.83,79.83
80.0,tCal,79.83,79.83,79.83,79.83,79.84
80.0,tCal,79.83,79.83,79.83,79.83,79.84,79.84
80.0,tCal,79.83,79.83,79.83,79.83,79.84,79.84,79.84
80.0,tCal,79.85
80.0,tCal,79.85,79.84
80.0,tCal,79.85,79.84,79.85
80.0,tCal,79.85,79.84,79.85,79.85
80.0,tCal,79.85,79.84,79.85,79.85,79.84
80.0,tCal,79.85,79.84,79.85,79.85,79.84,79.84
80.0,tCal,79.85,79.84,79.85,79.85,79.84,79.84,79.84
80.0,tCal,79.85
80.0,tCal,79.85,79.84
80.0,tCal,79.85,79.84,79.84
80.0,tCal,79.85,79.84,79.84,79.85
80.0,tCal,79.85,79.84,79.84,79.85,79.85
80.0,tCal,79.85,79.84,79.84,79.85,79.85,79.85
80.0,tCal,79.85,79.84,79.84,79.85,79.85,79.85,79.85
80.0,tCal,79.85
80.0,tCal,79.85,79.85
80.0,tCal,79.85,79.85,79.85
80.0,tCal,79.85,79.85,79.85,79.86
80.0,tCal,79.85,79.85,79.85,79.86,79.85
80.0,tCal,79.85,79.85,79.85,79.86,79.85,79.85
80.0,tCal,79.85,79.85,79.85,79.86,79.85,79.85,79.85
80.0,tCal,79.85
80.0,tCal,79.85,79.85
80.0,tCal,79.85,79.85,79.86
80.0,tCal,79.85,79.85,79.86,79.85
80.0,tCal,79.85,79.85,79.86,79.85,79.86
80.0,tCal,79.85,79.85,79.86,79.85,79.86,79.85
80.0,tCal,79.85,79.85,79.86,79.85,79.86,79.85,79.85
80.0,tCal,79.85
80.0,tCal,79.85,79.85
80.0,tCal,79.85,79.85,79.86
80.0,tCal,79.85,79.85,79.86,79.85
80.0,tCal,79.85,79.85,79.86,79.85,79.86
80.0,tCal,79.85,79.85,79.86,79.85,79.86,79.86
80.0,tCal,79.85,79.85,79.86,79.85,79.86,79.86,79.86
80.0,tCal,79.86
80.0,tCal,79.86,79.86
80.0,tCal,79.86,79.86,79.86
80.0,tCal,79.86,79.86,79.86,79.86
80.0,tCal,79.86,79.86,79.86,79.86,79.87
80.0,tCal,79.86,79.86,79.86,79.86,79.87,79.87
80.0,tCal,79.86,79.86,79.86,79.86,79.87,79.87,79.86
80.0,tCal,79.87
80.0,tCal,79.87,79.87
80.0,tCal,79.87,79.87,79.87
80.0,tCal,79.87,79.87,79.87,79.87
80.0,tCal,79.87,79.87,79.87,79.87,79.87
80.0,tCal,79.87,79.87,79.87,79.87,79.87,79.87
80.0,tCal,79.87,79.87,79.87,79.87,79.87,79.87,79.87
80.0,tCal,79.86
80.0,tCal,79.86,79.87
80.0,tCal,79.86,79.87,79.86
80.0,tCal,79.86,79.87,79.86,79.87
80.0,tCal,79.86,79.87,79.86,79.87,79.88
80.0,tCal,79.86,79.87,79.86,79.87,79.88,79.86
80.0,tCal,79.86,79.87,79.86,79.87,79.88,79.86,79.87
80.0,tCal,79.86
80.0,tCal,79.86,79.87
80.0,tCal,79.86,79.87,79.87
80.0,tCal,79.86,79.87,79.87,79.86
80.0,tCal,79.86,79.87,79.87,79.86,79.86
80.0,tCal,79.86,79.87,79.87,79.86,79.86,79.86
80.0,tCal,79.86,79.87,79.87,79.86,79.86,79.86,79.87
80.0,tCal,79.87
80.0,tCal,79.87,79.87
80.0,tCal,79.87,79.87,79.87
80.0,tCal,79.87,79.87,79.87,79.87
80.0,tCal,79.87,79.87,79.87,79.87,79.86
80.0,tCal,79.87,79.87,79.87,79.87,79.86,79.87
80.0,tCal,79.87,79.87,79.87,79.87,79.86,79.87,79.87
80.0,tCal,79.87
80.0,tCal,79.87,79.88
80.0,tCal,79.87,79.88,79.87
80.0,tCal,79.87,79.88,79.87,79.88
80.0,tCal,79.87,79.88,79.87,79.88,79.88
80.0,tCal,79.87,79.88,79.87,79.88,79.88,79.87
80.0,tCal,79.87,79.88,79.87,79.88,79.88,79.87,79.87
80.0,tCal,79.88
80.0,tCal,79.88,79.87
80.0,tCal,79.88,79.87,79.87
80.0,tCal,79.88,79.87,79.87,79.88
80.0,tCal,79.88,79.87,79.87,79.88,79.88
80.0,tCal,79.88,79.87,79.87,79.88,79.88,79.88
80.0,tCal,79.88,79.87,79.87,79.88,79.88,79.88,79.87
80.0,tCal,79.87
80.0,tCal,79.87,79.88
80.0,tCal,79.87,79.88,79.88
80.0,tCal,79.87,79.88,79.88,79.88
80.0,tCal,79.87,79.88,79.88,79.88,79.88
80.0,tCal,79.87,79.88,79.88,79.88,79.88,79.88
80.0,tCal,79.87,79.88,79.88,79.88,79.88,79.88,79.88
80.0,tCal,79.89
80.0,tCal,79.89,79.87
80.0,tCal,79.89,79.87,79.88
80.0,tCal,79.89,79.87,79.88,79.89
80.0,tCal,79.89,79.87,79.88,79.89,79.88
80.0,tCal,79.89,79.87,79.88,79.89,79.88,79.87
80.0,tCal,79.89,79.87,79.88,79.89,79.88,79.87,79.88
80.0,tCal,79.88
80.0,tCal,79.88,79.88
80.0,tCal,79.88,79.88,79.88
80.0,tCal,79.88,79.88,79.88,79.88
80.0,tCal,79.88,79.88,79.88,79.88,79.88
80.0,tCal,79.88,79.88,79.88,79.88,79.88,79.88
80.0,tCal,79.88,79.88,79.88,79.88,79.88,79.88,79.89
80.0,tCal,79.87
80.0,tCal,79.87,79.88
80.0,tCal,79.87,79.88,79.88
80.0,tCal,79.87,79.88,79.88,79.88
80.0,tCal,79.87,79.88,79.88,79.88,79.89
80.0,tCal,79.87,79.88,79.88,79.88,79.89,79.88
80.0,tCal,79.87,79.88,79.88,79.88,79.89,79.88,79.88
80.0,tCal,79.89
80.0,tCal,79.89,79.88
80.0,tCal,79.89,79.88,79.89
80.0,tCal,79.89,79.88,79.89,79.89
80.0,tCal,79.89,79.88,79.89,79.89,79.89
80.0,tCal,79.89,79.88,79.89,79.89,79.89,79.89
80.0,tCal,79.89,79.88,79.89,79.89,79.89,79.89,79.89
80.0,tCal,79.89
80.0,tCal,79.89,79.89
80.0,tCal,79.89,79.89,79.89
80.0,tCal,79.89,79.89,79.89,79.89
80.0,tCal,79.89,79.89,79.89,79.89,79.89
80.0,tCal,79.89,79.89,79.89,79.89,79.89,79.89
80.0,tCal,79.89,79.89,79.89,79.89,79.89,79.89,79.89
80.0,tCal,79.89
80.0,tCal,79.89,79.89
80.0,tCal,79.89,79.89,79.89
80.0,tCal,79.89,79.89,79.89,79.9
80.0,tCal,79.89,79.89,79.89,79.9,79.89
80.0,tCal,79.89,79.89,79.89,79.9,79.89,79.89
80.0,tCal,79.89,79.89,79.89,79.9,79.89,79.89,79.89
80.0,tCal,79.89
80.0,tCal,79.89,79.9
80.0,tCal,79.89,79.9,79.89
80.0,tCal,79.89,79.9,79.89,79.89
80.0,tCal,79.89,79.9,79.89,79.89,79.89
80.0,tCal,79.89,79.9,79.89,79.89,79.89,79.9
80.0,tCal,79.89,79.9,79.89,79.89,79.89,79.9,79.89
80.0,tCal,79.89
80.0,tCal,79.89,79.89
80.0,tCal,79.89,79.89,79.89
80.0,tCal,79.89,79.89,79.89,79.9
80.0,tCal,79.89,79.89,79.89,79.9,79.89
80.0,tCal,79.89,79.89,79.89,79.9,79.89,79.89
80.0,tCal,79.89,79.89,79.89,79.9,79.89,79.89,79.9
110.0,tCal,79.89
110.0,tCal,79.89,79.9
110.0,tCal,79.89,79.9,79.89
110.0,tCal,79.89,79.9,79.89,79.89
110.0,tCal,79.89,79.9,79.89,79.89,79.88
110.0,tCal,79.89,79.9,79.89,79.89,79.88,79.89
110.0,tCal,79.89,79.9,79.89,79.89,79.88,79.89,79.9
110.0,tCal,79.9
110.0,tCal,79.9,79.9
110.0,tCal,79.9,79.9,79.9
110.0,tCal,79.9,79.9,79.9,79.9
110.0,tCal,79.9,79.9,79.9,79.9,79.92
110.0,tCal,79.9,79.9,79.9,79.9,79.92,79.95
110.0,tCal,79.9,79.9,79.9,79.9,79.92,79.95,79.98
110.0,tCal,79.98
110.0,tCal,79.98,79.99
110.0,tCal,79.98,79.99,79.98
110.0,tCal,79.98,79.99,79.98,79.99
110.0,tCal,79.98,79.99,79.98,79.99,79.99
110.0,tCal,79.98,79.99,79.98,79.99,79.99,79.98
110.0,tCal,79.98,79.99,79.98,79.99,79.99,79.98,79.98
110.0,tCal,79.97
110.0,tCal,79.97,79.98
110.0,tCal,79.97,79.98,79.98
110.0,tCal,79.97,79.98,79.98,79.98
110.0,tCal,79.97,79.98,79.98,79.98,79.99
110.0,tCal,79.97,79.98,79.98,79.98,79.99,80.01
110.0,tCal,79.97,79.98,79.98,79.98,79.99,80.01,80.0
110.0,tCal,80.04
110.0,tCal,80.04,80.04
110.0,tCal,80.04,80.04,80.06
110.0,tCal,80.04,80.04,80.06,80.06
110.0,tCal,80.04,80.04,80.06,80.06,80.06
110.0,tCal,80.04,80.04,80.06,80.06,80.06,80.06
110.0,tCal,80.04,80.04,80.06,80.06,80.06,80.06,80.08
110.0,tCal,80.14
110.0,tCal,80.14,80.15
110.0,tCal,80.14,80.15,80.15
110.0,tCal,80.14,80.15,80.15,80.16
110.0,tCal,80.14,80.15,80.15,80.16,80.17
110.0,tCal,80.14,80.15,80.15,80.16,80.17,80.18
110.0,tCal,80.14,80.15,80.15,80.16,80.17,80.18,80.21
110.0,tCal,80.29
110.0,tCal,80.29,80.31
110.0,tCal,80.29,80.31,80.32
110.0,tCal,80.29,80.31,80.32,80.34
110.0,tCal,80.29,80.31,80.32,80.34,80.36
110.0,tCal,80.29,80.31,80.32,80.34,80.36,80.38
110.0,tCal,80.29,80.31,80.32,80.34,80.36,80.38,80.4
110.0,tCal,80.53
110.0,tCal,80.53,80.54
110.0,tCal,80.53,80.54,80.58
110.0,tCal,80.53,80.54,80.58,80.59
110.0,tCal,80.53,80.54,80.58,80.59,80.61
110.0,tCal,80.53,80.54,80.58,80.59,80.61,80.63
110.0,tCal,80.53,80.54,80.58,80.59,80.61,80.63,80.66
110.0,tCal,80.78
110.0,tCal,80.78,80.81
110.0,tCal,80.78,80.81,80.84
110.0,tCal,80.78,80.81,80.84,80.88
110.0,tCal,80.78,80.81,80.84,80.88,80.9
110.0,tCal,80.78,80.81,80.84,80.88,80.9,80.93
110.0,tCal,80.78,80.81,80.84,80.88,80.9,80.93,80.97
110.0,tCal,81.13
110.0,tCal,81.13,81.17
110.0,tCal,81.13,81.17,81.21
110.0,tCal,81.13,81.17,81.21,81.24
110.0,tCal,81.13,81.17,81.21,81.24,81.28
110.0,tCal,81.13,81.17,81.21,81.24,81.28,81.33
110.0,tCal,81.13,81.17,81.21,81.24,81.28,81.33,81.36
110.0,tCal,81.59
110.0,tCal,81.59,81.62
110.0,tCal,81.59,81.62,81.66
110.0,tCal,81.59,81.62,81.66,81.71
110.0,tCal,81.59,81.62,81.66,81.71,81.75
110.0,tCal,81.59,81.62,81.66,81.71,81.75,81.8
110.0,tCal,81.59,81.62,81.66,81.71,81.75,81.8,81.84
110.0,tCal,82.08
110.0,tCal,82.08,82.12
110.0,tCal,82.08,82.12,82.17
110.0,tCal,82.08,82.12,82.17,82.22
110.0,tCal,82.08,82.12,82.17,82.22,82.27
110.0,tCal,82.08,82.12,82.17,82.22,82.27,82.31
110.0,tCal,82.08,82.12,82.17,82.22,82.27,82.31,82.36
110.0,tCal,82.6
110.0,tCal,82.6,82.64
110.0,tCal,82.6,82.64,82.69
110.0,tCal,82.6,82.64,82.69,82.74
110.0,tCal,82.6,82.64,82.69,82.74,82.78
110.0,tCal,82.6,82.64,82.69,82.74,82.78,82.83
110.0,tCal,82.6,82.64,82.69,82.74,82.78,82.83,82.88
110.0,tCal,83.13
110.0,tCal,83.13,83.18
110.0,tCal,83.13,83.18,83.23
110.0,tCal,83.13,83.18,83.23,83.28
110.0,tCal,83.13,83.18,83.23,83.28,83.32
110.0,tCal,83.13,83.18,83.23,83.28,83.32,83.36
110.0,tCal,83.13,83.18,83.23,83.28,83.32,83.36,83.41
110.0,tCal,83.67
110.0,tCal,83.67,83.72
110.0,tCal,83.67,83.72,83.77
110.0,tCal,83.67,83.72,83.77,83.81
110.0,tCal,83.67,83.72,83.77,83.81,83.85
110.0,tCal,83.67,83.72,83.77,83.81,83.85,83.9
110.0,tCal,83.67,83.72,83.77,83.81,83.85,83.9,83.94
110.0,tCal,84.21
110.0,tCal,84.21,84.25
110.0,tCal,84.21,84.25,84.29
110.0,tCal,84.21,84.25,84.29,84.34
110.0,tCal,84.21,84.25,84.29,84.34,84.39
110.0,tCal,84.21,84.25,84.29,84.34,84.39,84.44
110.0,tCal,84.21,84.25,84.29,84.34,84.39,84.44,84.48
110.0,tCal,84.72
110.0,tCal,84.72,84.77
110.0,tCal,84.72,84.77,84.82
110.0,tCal,84.72,84.77,84.82,84.87
110.0,tCal,84.72,84.77,84.82,84.87,84.91
110.0,tCal,84.72,84.77,84.82,84.87,84.91,84.95
110.0,tCal,84.72,84.77,84.82,84.87,84.91,84.95,85.01
110.0,tCal,85.24
110.0,tCal,85.24,85.28
110.0,tCal,85.24,85.28,85.33
110.0,tCal,85.24,85.28,85.33,85.37
110.0,tCal,85.24,85.28,85.33,85.37,85.41
110.0,tCal,85.24,85.28,85.33,85.37,85.41,85.45
110.0,tCal,85.24,85.28,85.33,85.37,85.41,85.45,85.5
110.0,tCal,85.72
110.0,tCal,85.72,85.78
110.0,tCal,85.72,85.78,85.82
110.0,tCal,85.72,85.78,85.82,85.86
110.0,tCal,85.72,85.78,85.82,85.86,85.9
110.0,tCal,85.72,85.78,85.82,85.86,85.9,85.94
110.0,tCal,85.72,85.78,85.82,85.86,85.9,85.94,85.99
110.0,tCal,86.21
110.0,tCal,86.21,86.26
110.0,tCal,86.21,86.26,86.3
110.0,tCal,86.21,86.26,86.3,86.34
110.0,tCal,86.21,86.26,86.3,86.34,86.39
110.0,tCal,86.21,86.26,86.3,86.34,86.39,86.43
110.0,tCal,86.21,86.26,86.3,86.34,86.39,86.43,86.47
110.0,tCal,86.69
110.0,tCal,86.69,86.74
110.0,tCal,86.69,86.74,86.78
110.0,tCal,86.69,86.74,86.78,86.82
110.0,tCal,86.69,86.74,86.78,86.82,86.86
110.0,tCal,86.69,86.74,86.78,86.82,86.86,86.9
110.0,tCal,86.69,86.74,86.78,86.82,86.86,86.9,86.94
110.0,tCal,87.16
110.0,tCal,87.16,87.2
110.0,tCal,87.16,87.2,87.24
110.0,tCal,87.16,87.2,87.24,87.29
110.0,tCal,87.16,87.2,87.24,87.29,87.34
110.0,tCal,87.16,87.2,87.24,87.29,87.34,87.38
110.0,tCal,87.16,87.2,87.24,87.29,87.34,87.38,87.42
110.0,tCal,87.64
110.0,tCal,87.64,87.67
110.0,tCal,87.64,87.67,87.72
110.0,tCal,87.64,87.67,87.72,87.76
110.0,tCal,87.64,87.67,87.72,87.76,87.8
110.0,tCal,87.64,87.67,87.72,87.76,87.8,87.85
110.0,tCal,87.64,87.67,87.72,87.76,87.8,87.85,87.89
110.0,tCal,88.11
110.0,tCal,88.11,88.15
110.0,tCal,88.11,88.15,88.2
110.0,tCal,88.11,88.15,88.2,88.25
110.0,tCal,88.11,88.15,88.2,88.25,88.29
110.0,tCal,88.11,88.15,88.2,88.25,88.29,88.33
110.0,tCal,88.11,88.15,88.2,88.25,88.29,88.33,88.37
110.0,tCal,88.59
110.0,tCal,88.59,88.64
110.0,tCal,88.59,88.64,88.68
110.0,tCal,88.59,88.64,88.68,88.73
110.0,tCal,88.59,88.64,88.68,88.73,88.77
110.0,tCal,88.59,88.64,88.68,88.73,88.77,88.82
110.0,tCal,88.59,88.64,88.68,88.73,88.77,88.82,88.86
110.0,tCal,89.08
110.0,tCal,89.08,89.12
110.0,tCal,89.08,89.12,89.17
110.0,tCal,89.08,89.12,89.17,89.21
110.0,tCal,89.08,89.12,89.17,89.21,89.25
110.0,tCal,89.08,89.12,89.17,89.21,89.25,89.29
110.0,tCal,89.08,89.12,89.17,89.21,89.25,89.29,89.33
110.0,tCal,89.56
110.0,tCal,89.56,89.61
110.0,tCal,89.56,89.61,89.64
110.0,tCal,89.56,89.61,89.64,89.69
110.0,tCal,89.56,89.61,89.64,89.69,89.74
110.0,tCal,89.56,89.61,89.64,89.69,89.74,89.78
110.0,tCal,89.56,89.61,89.64,89.69,89.74,89.78,89.82
110.0,tCal,90.05
110.0,tCal,90.05,90.1
110.0,tCal,90.05,90.1,90.14
110.0,tCal,90.05,90.1,90.14,90.19
110.0,tCal,90.05,90.1,90.14,90.19,90.22
110.0,tCal,90.05,90.1,90.14,90.19,90.22,90.26
110.0,tCal,90.05,90.1,90.14,90.19,90.22,90.26,90.3
110.0,tCal,90.54
110.0,tCal,90.54,90.57
110.0,tCal,90.54,90.57,90.62
110.0,tCal,90.54,90.57,90.62,90.66
110.0,tCal,90.54,90.57,90.62,90.66,90.7
110.0,tCal,90.54,90.57,90.62,90.66,90.7,90.74
110.0,tCal,90.54,90.57,90.62,90.66,90.7,90.74,90.78
110.0,tCal,91.01
110.0,tCal,91.01,91.05
110.0,tCal,91.01,91.05,91.1
110.0,tCal,91.01,91.05,91.1,91.13
110.0,tCal,91.01,91.05,91.1,91.13,91.17
110.0,tCal,91.01,91.05,91.1,91.13,91.17,91.2
110.0,tCal,91.01,91.05,91.1,91.13,91.17,91.2,91.25
110.0,tCal,91.47
110.0,tCal,91.47,91.52
110.0,tCal,91.47,91.52,91.55
110.0,tCal,91.47,91.52,91.55,91.6
110.0,tCal,91.47,91.52,91.55,91.6,91.64
110.0,tCal,91.47,91.52,91.55,91.6,91.64,91.69
110.0,tCal,91.47,91.52,91.55,91.6,91.64,91.69,91.71
110.0,tCal,91.94
110.0,tCal,91.94,91.97
110.0,tCal,91.94,91.97,92.02
110.0,tCal,91.94,91.97,92.02,92.05
110.0,tCal,91.94,91.97,92.02,92.05,92.09
110.0,tCal,91.94,91.97,92.02,92.05,92.09,92.13
110.0,tCal,91.94,91.97,92.02,92.05,92.09,92.13,92.17
110.0,tCal,92.38
110.0,tCal,92.38,92.42
110.0,tCal,92.38,92.42,92.45
110.0,tCal,92.38,92.42,92.45,92.5
110.0,tCal,92.38,92.42,92.45,92.5,92.53
110.0,tCal,92.38,92.42,92.45,92.5,92.53,92.57
110.0,tCal,92.38,92.42,92.45,92.5,92.53,92.57,92.61
110.0,tCal,92.81
110.0,tCal,92.81,92.86
110.0,tCal,92.81,92.86,92.89
110.0,tCal,92.81,92.86,92.89,92.93
110.0,tCal,92.81,92.86,92.89,92.93,92.97
110.0,tCal,92.81,92.86,92.89,92.93,92.97,93.01
110.0,tCal,92.81,92.86,92.89,92.93,92.97,93.01,93.05
110.0,tCal,93.24
110.0,tCal,93.24,93.29
110.0,tCal,93.24,93.29,93.32
110.0,tCal,93.24,93.29,93.32,93.35
110.0,tCal,93.24,93.29,93.32,93.35,93.39
110.0,tCal,93.24,93.29,93.32,93.35,93.39,93.43
110.0,tCal,93.24,93.29,93.32,93.35,93.39,93.43,93.47
110.0,tCal,93.66
110.0,tCal,93.66,93.7
110.0,tCal,93.66,93.7,93.74
110.0,tCal,93.66,93.7,93.74,93.78
110.0,tCal,93.66,93.7,93.74,93.78,93.81
110.0,tCal,93.66,93.7,93.74,93.78,93.81,93.85
110.0,tCal,93.66,93.7,93.74,93.78,93.81,93.85,93.89
110.0,tCal,94.07
110.0,tCal,94.07,94.11
110.0,tCal,94.07,94.11,94.15
110.0,tCal,94.07,94.11,94.15,94.18
110.0,tCal,94.07,94.11,94.15,94.18,94.23
110.0,tCal,94.07,94.11,94.15,94.18,94.23,94.25
110.0,tCal,94.07,94.11,94.15,94.18,94.23,94.25,94.29
110.0,tCal,94.49
110.0,tCal,94.49,94.53
110.0,tCal,94.49,94.53,94.56
110.0,tCal,94.49,94.53,94.56,94.59
110.0,tCal,94.49,94.53,94.56,94.59,94.63
110.0,tCal,94.49,94.53,94.56,94.59,94.63,94.66
110.0,tCal,94.49,94.53,94.56,94.59,94.63,94.66,94.69
110.0,tCal,94.88
110.0,tCal,94.88,94.92
110.0,tCal,94.88,94.92,94.95
110.0,tCal,94.88,94.92,94.95,94.99
110.0,tCal,94.88,94.92,94.95,94.99,95.02
110.0,tCal,94.88,94.92,94.95,94.99,95.02,95.05
110.0,tCal,94.88,94.92,94.95,94.99,95.02,95.05,95.09
110.0,tCal,95.28
110.0,tCal,95.28,95.31
110.0,tCal,95.28,95.31,95.34
110.0,tCal,95.28,95.31,95.34,95.38
110.0,tCal,95.28,95.31,95.34,95.38,95.42
110.0,tCal,95.28,95.31,95.34,95.38,95.42,95.44
110.0,tCal,95.28,95.31,95.34,95.38,95.42,95.44,95.49
110.0,tCal,95.67
110.0,tCal,95.67,95.69
110.0,tCal,95.67,95.69,95.73
110.0,tCal,95.67,95.69,95.73,95.77
110.0,tCal,95.67,95.69,95.73,95.77,95.8
110.0,tCal,95.67,95.69,95.73,95.77,95.8,95.83
110.0,tCal,95.67,95.69,95.73,95.77,95.8,95.83,95.87
110.0,tCal,96.05
110.0,tCal,96.05,96.08
110.0,tCal,96.05,96.08,96.12
110.0,tCal,96.05,96.08,96.12,96.15
110.0,tCal,96.05,96.08,96.12,96.15,96.17
110.0,tCal,96.05,96.08,96.12,96.15,96.17,96.21
110.0,tCal,96.05,96.08,96.12,96.15,96.17,96.21,96.24
110.0,tCal,96.42
110.0,tCal,96.42,96.46
110.0,tCal,96.42,96.46,96.5
110.0,tCal,96.42,96.46,96.5,96.53
110.0,tCal,96.42,96.46,96.5,96.53,96.55
110.0,tCal,96.42,96.46,96.5,96.53,96.55,96.59
110.0,tCal,96.42,96.46,96.5,96.53,96.55,96.59,96.62
110.0,tCal,96.8
110.0,tCal,96.8,96.83
110.0,tCal,96.8,96.83,96.86
110.0,tCal,96.8,96.83,96.86,96.89
110.0,tCal,96.8,96.83,96.86,96.89,96.93
110.0,tCal,96.8,96.83,96.86,96.89,96.93,96.95
110.0,tCal,96.8,96.83,96.86,96.89,96.93,96.95,96.97
110.0,tCal,97.16
110.0,tCal,97.16,97.19
110.0,tCal,97.16,97.19,97.22
110.0,tCal,97.16,97.19,97.22,97.24
110.0,tCal,97.16,97.19,97.22,97.24,97.28
110.0,tCal,97.16,97.19,97.22,97.24,97.28,97.3
110.0,tCal,97.16,97.19,97.22,97.24,97.28,97.3,97.34
110.0,tCal,97.51
110.0,tCal,97.51,97.54
110.0,tCal,97.51,97.54,97.57
110.0,tCal,97.51,97.54,97.57,97.59
110.0,tCal,97.51,97.54,97.57,97.59,97.63
110.0,tCal,97.51,97.54,97.57,97.59,97.63,97.66
110.0,tCal,97.51,97.54,97.57,97.59,97.63,97.66,97.69
110.0,tCal,97.85
110.0,tCal,97.85,97.87
110.0,tCal,97.85,97.87,97.91
110.0,tCal,97.85,97.87,97.91,97.94
110.0,tCal,97.85,97.87,97.91,97.94,97.97
110.0,tCal,97.85,97.87,97.91,97.94,97.97,98.0
110.0,tCal,97.85,97.87,97.91,97.94,97.97,98.0,98.03
110.0,tCal,98.19
110.0,tCal,98.19,98.22
110.0,tCal,98.19,98.22,98.25
110.0,tCal,98.19,98.22,98.25,98.28
110.0,tCal,98.19,98.22,98.25,98.28,98.3
110.0,tCal,98.19,98.22,98.25,98.28,98.3,98.33
110.0,tCal,98.19,98.22,98.25,98.28,98.3,98.33,98.36
110.0,tCal,98.51
110.0,tCal,98.51,98.55
110.0,tCal,98.51,98.55,98.57
110.0,tCal,98.51,98.55,98.57,98.6
110.0,tCal,98.51,98.55,98.57,98.6,98.62
110.0,tCal,98.51,98.55,98.57,98.6,98.62,98.65
110.0,tCal,98.51,98.55,98.57,98.6,98.62,98.65,98.69
110.0,tCal,98.84
110.0,tCal,98.84,98.86
110.0,tCal,98.84,98.86,98.9
110.0,tCal,98.84,98.86,98.9,98.92
110.0,tCal,98.84,98.86,98.9,98.92,98.94
110.0,tCal,98.84,98.86,98.9,98.92,98.94,98.97
110.0,tCal,98.84,98.86,98.9,98.92,98.94,98.97,98.99
110.0,tCal,99.15
110.0,tCal,99.15,99.17
110.0,tCal,99.15,99.17,99.2
110.0,tCal,99.15,99.17,99.2,99.23
110.0,tCal,99.15,99.17,99.2,99.23,99.25
110.0,tCal,99.15,99.17,99.2,99.23,99.25,99.29
110.0,tCal,99.15,99.17,99.2,99.23,99.25,99.29,99.31
110.0,tCal,99.46
110.0,tCal,99.46,99.48
110.0,tCal,99.46,99.48,99.51
110.0,tCal,99.46,99.48,99.51,99.54
110.0,tCal,99.46,99.48,99.51,99.54,99.56
110.0,tCal,99.46,99.48,99.51,99.54,99.56,99.59
110.0,tCal,99.46,99.48,99.51,99.54,99.56,99.59,99.61
110.0,tCal,99.76
110.0,tCal,99.76,99.79
110.0,tCal,99.76,99.79,99.81
110.0,tCal,99.76,99.79,99.81,99.83
110.0,tCal,99.76,99.79,99.81,99.83,99.86
110.0,tCal,99.76,99.79,99.81,99.83,99.86,99.89
110.0,tCal,99.76,99.79,99.81,99.83,99.86,99.89,99.92
110.0,tCal,100.05
110.0,tCal,100.05,100.08
110.0,tCal,100.05,100.08,100.09
110.0,tCal,100.05,100.08,100.09,100.13
110.0,tCal,100.05,100.08,100.09,100.13,100.15
110.0,tCal,100.05,100.08,100.09,100.13,100.15,100.16
110.0,tCal,100.05,100.08,100.09,100.13,100.15,100.16,100.19
110.0,tCal,100.34
110.0,tCal,100.34,100.37
110.0,tCal,100.34,100.37,100.38
110.0,tCal,100.34,100.37,100.38,100.41
110.0,tCal,100.34,100.37,100.38,100.41,100.43
110.0,tCal,100.34,100.37,100.38,100.41,100.43,100.46
110.0,tCal,100.34,100.37,100.38,100.41,100.43,100.46,100.49
110.0,tCal,100.62
110.0,tCal,100.62,100.64
110.0,tCal,100.62,100.64,100.66
110.0,tCal,100.62,100.64,100.66,100.68
110.0,tCal,100.62,100.64,100.66,100.68,100.71
110.0,tCal,100.62,100.64,100.66,100.68,100.71,100.73
110.0,tCal,100.62,100.64,100.66,100.68,100.71,100.73,100.76
110.0,tCal,100.9
110.0,tCal,100.9,100.92
110.0,tCal,100.9,100.92,100.93
110.0,tCal,100.9,100.92,100.93,100.95
110.0,tCal,100.9,100.92,100.93,100.95,100.97
110.0,tCal,100.9,100.92,100.93,100.95,100.97,101.01
110.0,tCal,100.9,100.92,100.93,100.95,100.97,101.01,101.03
110.0,tCal,101.15
110.0,tCal,101.15,101.18
110.0,tCal,101.15,101.18,101.2
110.0,tCal,101.15,101.18,101.2,101.22
110.0,tCal,101.15,101.18,101.2,101.22,101.25
110.0,tCal,101.15,101.18,101.2,101.22,101.25,101.27
110.0,tCal,101.15,101.18,101.2,101.22,101.25,101.27,101.29
110.0,tCal,101.43
110.0,tCal,101.43,101.45
110.0,tCal,101.43,101.45,101.47
110.0,tCal,101.43,101.45,101.47,101.49
110.0,tCal,101.43,101.45,101.47,101.49,101.5
110.0,tCal,101.43,101.45,101.47,101.49,101.5,101.53
110.0,tCal,101.43,101.45,101.47,101.49,101.5,101.53,101.55
110.0,tCal,101.68
110.0,tCal,101.68,101.7
110.0,tCal,101.68,101.7,101.72
110.0,tCal,101.68,101.7,101.72,101.74
110.0,tCal,101.68,101.7,101.72,101.74,101.76
110.0,tCal,101.68,101.7,101.72,101.74,101.76,101.78
110.0,tCal,101.68,101.7,101.72,101.74,101.76,101.78,101.81
110.0,tCal,101.92
110.0,tCal,101.92,101.94
110.0,tCal,101.92,101.94,101.97
110.0,tCal,101.92,101.94,101.97,101.99
110.0,tCal,101.92,101.94,101.97,101.99,102.01
110.0,tCal,101.92,101.94,101.97,101.99,102.01,102.02
110.0,tCal,101.92,101.94,101.97,101.99,102.01,102.02,102.05
110.0,tCal,102.16
110.0,tCal,102.16,102.18
110.0,tCal,102.16,102.18,102.2
110.0,tCal,102.16,102.18,102.2,102.22
110.0,tCal,102.16,102.18,102.2,102.22,102.24
110.0,tCal,102.16,102.18,102.2,102.22,102.24,102.27
110.0,tCal,102.16,102.18,102.2,102.22,102.24,102.27,102.29
110.0,tCal,102.39
110.0,tCal,102.39,102.41
110.0,tCal,102.39,102.41,102.43
110.0,tCal,102.39,102.41,102.43,102.46
110.0,tCal,102.39,102.41,102.43,102.46,102.48
110.0,tCal,102.39,102.41,102.43,102.46,102.48,102.5
110.0,tCal,102.39,102.41,102.43,102.46,102.48,102.5,102.52
110.0,tCal,102.62
110.0,tCal,102.62,102.64
110.0,tCal,102.62,102.64,102.66
110.0,tCal,102.62,102.64,102.66,102.69
110.0,tCal,102.62,102.64,102.66,102.69,102.71
110.0,tCal,102.62,102.64,102.66,102.69,102.71,102.72
110.0,tCal,102.62,102.64,102.66,102.69,102.71,102.72,102.75
110.0,tCal,102.85
110.0,tCal,102.85,102.87
110.0,tCal,102.85,102.87,102.89
110.0,tCal,102.85,102.87,102.89,102.9
110.0,tCal,102.85,102.87,102.89,102.9,102.92
110.0,tCal,102.85,102.87,102.89,102.9,102.92,102.94
110.0,tCal,102.85,102.87,102.89,102.9,102.92,102.94,102.96
110.0,tCal,103.06
110.0,tCal,103.06,103.09
110.0,tCal,103.06,103.09,103.11
110.0,tCal,103.06,103.09,103.11,103.12
110.0,tCal,103.06,103.09,103.11,103.12,103.14
110.0,tCal,103.06,103.09,103.11,103.12,103.14,103.15
110.0,tCal,103.06,103.09,103.11,103.12,103.14,103.15,103.19
110.0,tCal,103.29
110.0,tCal,103.29,103.29
110.0,tCal,103.29,103.29,103.31
110.0,tCal,103.29,103.29,103.31,103.33
110.0,tCal,103.29,103.29,103.31,103.33,103.35
110.0,tCal,103.29,103.29,103.31,103.33,103.35,103.36
110.0,tCal,103.29,103.29,103.31,103.33,103.35,103.36,103.38
110.0,tCal,103.48
110.0,tCal,103.48,103.5
110.0,tCal,103.48,103.5,103.52
110.0,tCal,103.48,103.5,103.52,103.52
110.0,tCal,103.48,103.5,103.52,103.52,103.55
110.0,tCal,103.48,103.5,103.52,103.52,103.55,103.57
110.0,tCal,103.48,103.5,103.52,103.52,103.55,103.57,103.59
110.0,tCal,103.68
110.0,tCal,103.68,103.7
110.0,tCal,103.68,103.7,103.71
110.0,tCal,103.68,103.7,103.71,103.73
110.0,tCal,103.68,103.7,103.71,103.73,103.75
110.0,tCal,103.68,103.7,103.71,103.73,103.75,103.78
110.0,tCal,103.68,103.7,103.71,103.73,103.75,103.78,103.78
110.0,tCal,103.87
110.0,tCal,103.87,103.9
110.0,tCal,103.87,103.9,103.9
110.0,tCal,103.87,103.9,103.9,103.93
110.0,tCal,103.87,103.9,103.9,103.93,103.94
110.0,tCal,103.87,103.9,103.9,103.93,103.94,103.96
110.0,tCal,103.87,103.9,103.9,103.93,103.94,103.96,103.97
110.0,tCal,104.06
110.0,tCal,104.06,104.09
110.0,tCal,104.06,104.09,104.09
110.0,tCal,104.06,104.09,104.09,104.11
110.0,tCal,104.06,104.09,104.09,104.11,104.13
110.0,tCal,104.06,104.09,104.09,104.11,104.13,104.15
110.0,tCal,104.06,104.09,104.09,104.11,104.13,104.15,104.17
110.0,tCal,104.26
110.0,tCal,104.26,104.28
110.0,tCal,104.26,104.28,104.29
110.0,tCal,104.26,104.28,104.29,104.3
110.0,tCal,104.26,104.28,104.29,104.3,104.32
110.0,tCal,104.26,104.28,104.29,104.3,104.32,104.33
110.0,tCal,104.26,104.28,104.29,104.3,104.32,104.33,104.35
110.0,tCal,104.43
110.0,tCal,104.43,104.46
110.0,tCal,104.43,104.46,104.46
110.0,tCal,104.43,104.46,104.46,104.49
110.0,tCal,104.43,104.46,104.46,104.49,104.5
110.0,tCal,104.43,104.46,104.46,104.49,104.5,104.52
110.0,tCal,104.43,104.46,104.46,104.49,104.5,104.52,104.53
110.0,tCal,104.61
110.0,tCal,104.61,104.63
110.0,tCal,104.61,104.63,104.64
110.0,tCal,104.61,104.63,104.64,104.66
110.0,tCal,104.61,104.63,104.64,104.66,104.67
110.0,tCal,104.61,104.63,104.64,104.66,104.67,104.68
110.0,tCal,104.61,104.63,104.64,104.66,104.67,104.68,104.7
110.0,tCal,104.78
110.0,tCal,104.78,104.79
110.0,tCal,104.78,104.79,104.82
110.0,tCal,104.78,104.79,104.82,104.83
110.0,tCal,104.78,104.79,104.82,104.83,104.84
110.0,tCal,104.78,104.79,104.82,104.83,104.84,104.85
110.0,tCal,104.78,104.79,104.82,104.83,104.84,104.85,104.87
110.0,tCal,104.95
110.0,tCal,104.95,104.96
110.0,tCal,104.95,104.96,104.99
110.0,tCal,104.95,104.96,104.99,104.99
110.0,tCal,104.95,104.96,104.99,104.99,105.01
110.0,tCal,104.95,104.96,104.99,104.99,105.01,105.02
110.0,tCal,104.95,104.96,104.99,104.99,105.01,105.02,105.04
110.0,tCal,105.11
110.0,tCal,105.11,105.13
110.0,tCal,105.11,105.13,105.14
110.0,tCal,105.11,105.13,105.14,105.16
110.0,tCal,105.11,105.13,105.14,105.16,105.17
110.0,tCal,105.11,105.13,105.14,105.16,105.17,105.19
110.0,tCal,105.11,105.13,105.14,105.16,105.17,105.19,105.2
110.0,tCal,105.27
110.0,tCal,105.27,105.29
110.0,tCal,105.27,105.29,105.3
110.0,tCal,105.27,105.29,105.3,105.31
110.0,tCal,105.27,105.29,105.3,105.31,105.32
110.0,tCal,105.27,105.29,105.3,105.31,105.32,105.34
110.0,tCal,105.27,105.29,105.3,105.31,105.32,105.34,105.35
110.0,tCal,105.42
110.0,tCal,105.42,105.44
110.0,tCal,105.42,105.44,105.45
110.0,tCal,105.42,105.44,105.45,105.47
110.0,tCal,105.42,105.44,105.45,105.47,105.47
110.0,tCal,105.42,105.44,105.45,105.47,105.47,105.49
110.0,tCal,105.42,105.44,105.45,105.47,105.47,105.49,105.5
110.0,tCal,105.58
110.0,tCal,105.58,105.58
110.0,tCal,105.58,105.58,105.6
110.0,tCal,105.58,105.58,105.6,105.61
110.0,tCal,105.58,105.58,105.6,105.61,105.62
110.0,tCal,105.58,105.58,105.6,105.61,105.62,105.64
110.0,tCal,105.58,105.58,105.6,105.61,105.62,105.64,105.65
110.0,tCal,105.72
110.0,tCal,105.72,105.74
110.0,tCal,105.72,105.74,105.74
110.0,tCal,105.72,105.74,105.74,105.75
110.0,tCal,105.72,105.74,105.74,105.75,105.76
110.0,tCal,105.72,105.74,105.74,105.75,105.76,105.79
110.0,tCal,105.72,105.74,105.74,105.75,105.76,105.79,105.79
110.0,tCal,105.86
110.0,tCal,105.86,105.88
110.0,tCal,105.86,105.88,105.89
110.0,tCal,105.86,105.88,105.89,105.9
110.0,tCal,105.86,105.88,105.89,105.9,105.91
110.0,tCal,105.86,105.88,105.89,105.9,105.91,105.93
110.0,tCal,105.86,105.88,105.89,105.9,105.91,105.93,105.94
110.0,tCal,106.0
110.0,tCal,106.0,106.01
110.0,tCal,106.0,106.01,106.03
110.0,tCal,106.0,106.01,106.03,106.04
110.0,tCal,106.0,106.01,106.03,106.04,106.05
110.0,tCal,106.0,106.01,106.03,106.04,106.05,106.05
110.0,tCal,106.0,106.01,106.03,106.04,106.05,106.05,106.08
110.0,tCal,106.13
110.0,tCal,106.13,106.15
110.0,tCal,106.13,106.15,106.15
110.0,tCal,106.13,106.15,106.15,106.17
110.0,tCal,106.13,106.15,106.15,106.17,106.18
110.0,tCal,106.13,106.15,106.15,106.17,106.18,106.2
110.0,tCal,106.13,106.15,106.15,106.17,106.18,106.2,106.19
110.0,tCal,106.25
110.0,tCal,106.25,106.27
110.0,tCal,106.25,106.27,106.28
110.0,tCal,106.25,106.27,106.28,106.29
110.0,tCal,106.25,106.27,106.28,106.29,106.3
110.0,tCal,106.25,106.27,106.28,106.29,106.3,106.32
110.0,tCal,106.25,106.27,106.28,106.29,106.3,106.32,106.32
110.0,tCal,106.38
110.0,tCal,106.38,106.39
110.0,tCal,106.38,106.39,106.4
110.0,tCal,106.38,106.39,106.4,106.42
110.0,tCal,106.38,106.39,106.4,106.42,106.43
110.0,tCal,106.38,106.39,106.4,106.42,106.43,106.43
110.0,tCal,106.38,106.39,106.4,106.42,106.43,106.43,106.44
110.0,tCal,106.5
110.0,tCal,106.5,106.52
110.0,tCal,106.5,106.52,106.53
110.0,tCal,106.5,106.52,106.53,106.54
110.0,tCal,106.5,106.52,106.53,106.54,106.55
110.0,tCal,106.5,106.52,106.53,106.54,106.55,106.56
110.0,tCal,106.5,106.52,106.53,106.54,106.55,106.56,106.57
110.0,tCal,106.63
110.0,tCal,106.63,106.64
110.0,tCal,106.63,106.64,106.65
110.0,tCal,106.63,106.64,106.65,106.66
110.0,tCal,106.63,106.64,106.65,106.66,106.66
110.0,tCal,106.63,106.64,106.65,106.66,106.66,106.68
110.0,tCal,106.63,106.64,106.65,106.66,106.66,106.68,106.68
110.0,tCal,106.75
110.0,tCal,106.75,106.75
110.0,tCal,106.75,106.75,106.76
110.0,tCal,106.75,106.75,106.76,106.77
110.0,tCal,106.75,106.75,106.76,106.77,106.78
110.0,tCal,106.75,106.75,106.76,106.77,106.78,106.8
110.0,tCal,106.75,106.75,106.76,106.77,106.78,106.8,106.81
110.0,tCal,106.86
110.0,tCal,106.86,106.87
110.0,tCal,106.86,106.87,106.88
110.0,tCal,106.86,106.87,106.88,106.89
110.0,tCal,106.86,106.87,106.88,106.89,106.91
110.0,tCal,106.86,106.87,106.88,106.89,106.91,106.91
110.0,tCal,106.86,106.87,106.88,106.89,106.91,106.91,106.92
110.0,tCal,106.96
110.0,tCal,106.96,106.97
110.0,tCal,106.96,106.97,106.98
110.0,tCal,106.96,106.97,106.98,106.99
110.0,tCal,106.96,106.97,106.98,106.99,107.01
110.0,tCal,106.96,106.97,106.98,106.99,107.01,107.02
110.0,tCal,106.96,106.97,106.98,106.99,107.01,107.02,107.02
110.0,tCal,107.07
110.0,tCal,107.07,107.08
110.0,tCal,107.07,107.08,107.09
110.0,tCal,107.07,107.08,107.09,107.11
110.0,tCal,107.07,107.08,107.09,107.11,107.12
110.0,tCal,107.07,107.08,107.09,107.11,107.12,107.12
110.0,tCal,107.07,107.08,107.09,107.11,107.12,107.12,107.13
110.0,tCal,107.18
110.0,tCal,107.18,107.19
110.0,tCal,107.18,107.19,107.21
110.0,tCal,107.18,107.19,107.21,107.2
110.0,tCal,107.18,107.19,107.21,107.2,107.21
110.0,tCal,107.18,107.19,107.21,107.2,107.21,107.22
110.0,tCal,107.18,107.19,107.21,107.2,107.21,107.22,107.23
110.0,tCal,107.29
110.0,tCal,107.29,107.29
110.0,tCal,107.29,107.29,107.3
110.0,tCal,107.29,107.29,107.3,107.3
110.0,tCal,107.29,107.29,107.3,107.3,107.31
110.0,tCal,107.29,107.29,107.3,107.3,107.31,107.33
110.0,tCal,107.29,107.29,107.3,107.3,107.31,107.33,107.32
110.0,tCal,107.37
110.0,tCal,107.37,107.39
110.0,tCal,107.37,107.39,107.38
110.0,tCal,107.37,107.39,107.38,107.4
110.0,tCal,107.37,107.39,107.38,107.4,107.41
110.0,tCal,107.37,107.39,107.38,107.4,107.41,107.4
110.0,tCal,107.37,107.39,107.38,107.4,107.41,107.4,107.43
110.0,tCal,107.47
110.0,tCal,107.47,107.47
110.0,tCal,107.47,107.47,107.48
110.0,tCal,107.47,107.47,107.48,107.49
110.0,tCal,107.47,107.47,107.48,107.49,107.5
110.0,tCal,107.47,107.47,107.48,107.49,107.5,107.5
110.0,tCal,107.47,107.47,107.48,107.49,107.5,107.5,107.52
110.0,tCal,107.55
110.0,tCal,107.55,107.57
110.0,tCal,107.55,107.57,107.58
110.0,tCal,107.55,107.57,107.58,107.58
110.0,tCal,107.55,107.57,107.58,107.58,107.58
110.0,tCal,107.55,107.57,107.58,107.58,107.58,107.59
110.0,tCal,107.55,107.57,107.58,107.58,107.58,107.59,107.61
110.0,tCal,107.64
110.0,tCal,107.64,107.65
110.0,tCal,107.64,107.65,107.67
110.0,tCal,107.64,107.65,107.67,107.67
110.0,tCal,107.64,107.65,107.67,107.67,107.68
110.0,tCal,107.64,107.65,107.67,107.67,107.68,107.69
110.0,tCal,107.64,107.65,107.67,107.67,107.68,107.69,107.68
110.0,tCal,107.73
110.0,tCal,107.73,107.74
110.0,tCal,107.73,107.74,107.75
110.0,tCal,107.73,107.74,107.75,107.76
110.0,tCal,107.73,107.74,107.75,107.76,107.77
110.0,tCal,107.73,107.74,107.75,107.76,107.77,107.78
110.0,tCal,107.73,107.74,107.75,107.76,107.77,107.78,107.79
110.0,tCal,107.82
110.0,tCal,107.82,107.83
110.0,tCal,107.82,107.83,107.84
110.0,tCal,107.82,107.83,107.84,107.84
110.0,tCal,107.82,107.83,107.84,107.84,107.84
110.0,tCal,107.82,107.83,107.84,107.84,107.84,107.85
110.0,tCal,107.82,107.83,107.84,107.84,107.84,107.85,107.86
110.0,tCal,107.91
110.0,tCal,107.91,107.91
110.0,tCal,107.91,107.91,107.91
110.0,tCal,107.91,107.91,107.91,107.92
110.0,tCal,107.91,107.91,107.91,107.92,107.93
110.0,tCal,107.91,107.91,107.91,107.92,107.93,107.93
110.0,tCal,107.91,107.91,107.91,107.92,107.93,107.93,107.94
110.0,tCal,107.97
110.0,tCal,107.97,107.99
110.0,tCal,107.97,107.99,108.0
110.0,tCal,107.97,107.99,108.0,108.01
110.0,tCal,107.97,107.99,108.0,108.01,108.0
110.0,tCal,107.97,107.99,108.0,108.01,108.0,108.01
110.0,tCal,107.97,107.99,108.0,108.01,108.0,108.01,108.02
110.0,tCal,108.06
110.0,tCal,108.06,108.06
110.0,tCal,108.06,108.06,108.06
110.0,tCal,108.06,108.06,108.06,108.08
110.0,tCal,108.06,108.06,108.06,108.08,108.09
110.0,tCal,108.06,108.06,108.06,108.08,108.09,108.08
110.0,tCal,108.06,108.06,108.06,108.08,108.09,108.08,108.09
110.0,tCal,108.13
110.0,tCal,108.13,108.14
110.0,tCal,108.13,108.14,108.14
110.0,tCal,108.13,108.14,108.14,108.15
110.0,tCal,108.13,108.14,108.14,108.15,108.16
110.0,tCal,108.13,108.14,108.14,108.15,108.16,108.16
110.0,tCal,108.13,108.14,108.14,108.15,108.16,108.16,108.16
110.0,tCal,108.21
110.0,tCal,108.21,108.21
110.0,tCal,108.21,108.21,108.22
110.0,tCal,108.21,108.21,108.22,108.23
110.0,tCal,108.21,108.21,108.22,108.23,108.23
110.0,tCal,108.21,108.21,108.22,108.23,108.23,108.23
110.0,tCal,108.21,108.21,108.22,108.23,108.23,108.23,108.24
110.0,tCal,108.28
110.0,tCal,108.28,108.28
110.0,tCal,108.28,108.28,108.3
110.0,tCal,108.28,108.28,108.3,108.29
110.0,tCal,108.28,108.28,108.3,108.29,108.29
110.0,tCal,108.28,108.28,108.3,108.29,108.29,108.3
110.0,tCal,108.28,108.28,108.3,108.29,108.29,108.3,108.31
110.0,tCal,108.35
110.0,tCal,108.35,108.34
110.0,tCal,108.35,108.34,108.36
110.0,tCal,108.35,108.34,108.36,108.35
110.0,tCal,108.35,108.34,108.36,108.35,108.38
110.0,tCal,108.35,108.34,108.36,108.35,108.38,108.37
110.0,tCal,108.35,108.34,108.36,108.35,108.38,108.37,108.38
110.0,tCal,108.41
110.0,tCal,108.41,108.41
110.0,tCal,108.41,108.41,108.42
110.0,tCal,108.41,108.41,108.42,108.42
110.0,tCal,108.41,108.41,108.42,108.42,108.43
110.0,tCal,108.41,108.41,108.42,108.42,108.43,108.43
110.0,tCal,108.41,108.41,108.42,108.42,108.43,108.43,108.44
110.0,tCal,108.47
110.0,tCal,108.47,108.47
110.0,tCal,108.47,108.47,108.48
110.0,tCal,108.47,108.47,108.48,108.49
110.0,tCal,108.47,108.47,108.48,108.49,108.48
110.0,tCal,108.47,108.47,108.48,108.49,108.48,108.51
110.0,tCal,108.47,108.47,108.48,108.49,108.48,108.51,108.51
110.0,tCal,108.53
110.0,tCal,108.53,108.53
110.0,tCal,108.53,108.53,108.55
110.0,tCal,108.53,108.53,108.55,108.55
110.0,tCal,108.53,108.53,108.55,108.55,108.55
110.0,tCal,108.53,108.53,108.55,108.55,108.55,108.55
110.0,tCal,108.53,108.53,108.55,108.55,108.55,108.55,108.56
110.0,tCal,108.59
110.0,tCal,108.59,108.6
110.0,tCal,108.59,108.6,108.6
110.0,tCal,108.59,108.6,108.6,108.61
110.0,tCal,108.59,108.6,108.6,108.61,108.61
110.0,tCal,108.59,108.6,108.6,108.61,108.61,108.62
110.0,tCal,108.59,108.6,108.6,108.61,108.61,108.62,108.61
110.0,tCal,108.65
110.0,tCal,108.65,108.65
110.0,tCal,108.65,108.65,108.66
110.0,tCal,108.65,108.65,108.66,108.65
110.0,tCal,108.65,108.65,108.66,108.65,108.67
110.0,tCal,108.65,108.65,108.66,108.65,108.67,108.67
110.0,tCal,108.65,108.65,108.66,108.65,108.67,108.67,108.68
110.0,tCal,108.7
110.0,tCal,108.7,108.71
110.0,tCal,108.7,108.71,108.71
110.0,tCal,108.7,108.71,108.71,108.72
110.0,tCal,108.7,108.71,108.71,108.72,108.72
110.0,tCal,108.7,108.71,108.71,108.72,108.72,108.73
110.0,tCal,108.7,108.71,108.71,108.72,108.72,108.73,108.73
110.0,tCal,108.75
110.0,tCal,108.75,108.76
110.0,tCal,108.75,108.76,108.76
110.0,tCal,108.75,108.76,108.76,108.77
110.0,tCal,108.75,108.76,108.76,108.77,108.77
110.0,tCal,108.75,108.76,108.76,108.77,108.77,108.78
110.0,tCal,108.75,108.76,108.76,108.77,108.77,108.78,108.78
110.0,tCal,108.8
110.0,tCal,108.8,108.81
110.0,tCal,108.8,108.81,108.82
110.0,tCal,108.8,108.81,108.82,108.81
110.0,tCal,108.8,108.81,108.82,108.81,108.83
110.0,tCal,108.8,108.81,108.82,108.81,108.83,108.82
110.0,tCal,108.8,108.81,108.82,108.81,108.83,108.82,108.82
110.0,tCal,108.85
110.0,tCal,108.85,108.86
110.0,tCal,108.85,108.86,108.85
110.0,tCal,108.85,108.86,108.85,108.86
110.0,tCal,108.85,108.86,108.85,108.86,108.86
110.0,tCal,108.85,108.86,108.85,108.86,108.86,108.87
110.0,tCal,108.85,108.86,108.85,108.86,108.86,108.87,108.87
110.0,tCal,108.9
110.0,tCal,108.9,108.9
110.0,tCal,108.9,108.9,108.91
110.0,tCal,108.9,108.9,108.91,108.91
110.0,tCal,108.9,108.9,108.91,108.91,108.92
110.0,tCal,108.9,108.9,108.91,108.91,108.92,108.93
110.0,tCal,108.9,108.9,108.91,108.91,108.92,108.93,108.92
110.0,tCal,108.95
110.0,tCal,108.95,108.95
110.0,tCal,108.95,108.95,108.96
110.0,tCal,108.95,108.95,108.96,108.96
110.0,tCal,108.95,108.95,108.96,108.96,108.97
110.0,tCal,108.95,108.95,108.96,108.96,108.97,108.97
110.0,tCal,108.95,108.95,108.96,108.96,108.97,108.97,108.96
110.0,tCal,109.0
110.0,tCal,109.0,109.0
110.0,tCal,109.0,109.0,109.0
110.0,tCal,109.0,109.0,109.0,109.01
110.0,tCal,109.0,109.0,109.0,109.01,109.01
110.0,tCal,109.0,109.0,109.0,109.01,109.01,109.02
110.0,tCal,109.0,109.0,109.0,109.01,109.01,109.02,109.03
110.0,tCal,109.04
110.0,tCal,109.04,109.04
110.0,tCal,109.04,109.04,109.06
110.0,tCal,109.04,109.04,109.06,109.05
110.0,tCal,109.04,109.04,109.06,109.05,109.06
110.0,tCal,109.04,109.04,109.06,109.05,109.06,109.06
110.0,tCal,109.04,109.04,109.06,109.05,109.06,109.06,109.07
110.0,tCal,109.08
110.0,tCal,109.08,109.09
110.0,tCal,109.08,109.09,109.09
110.0,tCal,109.08,109.09,109.09,109.11
110.0,tCal,109.08,109.09,109.09,109.11,109.1
110.0,tCal,109.08,109.09,109.09,109.11,109.1,109.1
110.0,tCal,109.08,109.09,109.09,109.11,109.1,109.1,109.11
110.0,tCal,109.13
110.0,tCal,109.13,109.13
110.0,tCal,109.13,109.13,109.14
110.0,tCal,109.13,109.13,109.14,109.13
110.0,tCal,109.13,109.13,109.14,109.13,109.13
110.0,tCal,109.13,109.13,109.14,109.13,109.13,109.15
110.0,tCal,109.13,109.13,109.14,109.13,109.13,109.15,109.15
110.0,tCal,109.17
110.0,tCal,109.17,109.18
110.0,tCal,109.17,109.18,109.17
110.0,tCal,109.17,109.18,109.17,109.18
110.0,tCal,109.17,109.18,109.17,109.18,109.18
110.0,tCal,109.17,109.18,109.17,109.18,109.18,109.19
110.0,tCal,109.17,109.18,109.17,109.18,109.18,109.19,109.19
110.0,tCal,109.21
110.0,tCal,109.21,109.21
110.0,tCal,109.21,109.21,109.22
110.0,tCal,109.21,109.21,109.22,109.22
110.0,tCal,109.21,109.21,109.22,109.22,109.23
110.0,tCal,109.21,109.21,109.22,109.22,109.23,109.22
110.0,tCal,109.21,109.21,109.22,109.22,109.23,109.22,109.23
110.0,tCal,109.24
110.0,tCal,109.24,109.25
110.0,tCal,109.24,109.25,109.24
110.0,tCal,109.24,109.25,109.24,109.26
110.0,tCal,109.24,109.25,109.24,109.26,109.26
110.0,tCal,109.24,109.25,109.24,109.26,109.26,109.26
110.0,tCal,109.24,109.25,109.24,109.26,109.26,109.26,109.27
110.0,tCal,109.28
110.0,tCal,109.28,109.28
110.0,tCal,109.28,109.28,109.29
110.0,tCal,109.28,109.28,109.29,109.29
110.0,tCal,109.28,109.28,109.29,109.29,109.29
110.0,tCal,109.28,109.28,109.29,109.29,109.29,109.29
110.0,tCal,109.28,109.28,109.29,109.29,109.29,109.29,109.3
110.0,tCal,109.31
110.0,tCal,109.31,109.31
110.0,tCal,109.31,109.31,109.32
110.0,tCal,109.31,109.31,109.32,109.32
110.0,tCal,109.31,109.31,109.32,109.32,109.32
110.0,tCal,109.31,109.31,109.32,109.32,109.32,109.32
110.0,tCal,109.31,109.31,109.32,109.32,109.32,109.32,109.32
110.0,tCal,109.34
110.0,tCal,109.34,109.35
110.0,tCal,109.34,109.35,109.36
110.0,tCal,109.34,109.35,109.36,109.36
110.0,tCal,109.34,109.35,109.36,109.36,109.36
110.0,tCal,109.34,109.35,109.36,109.36,109.36,109.36
110.0,tCal,109.34,109.35,109.36,109.36,109.36,109.36,109.36
110.0,tCal,109.37
110.0,tCal,109.37,109.38
110.0,tCal,109.37,109.38,109.38
110.0,tCal,109.37,109.38,109.38,109.38
110.0,tCal,109.37,109.38,109.38,109.38,109.39
110.0,tCal,109.37,109.38,109.38,109.38,109.39,109.4
110.0,tCal,109.37,109.38,109.38,109.38,109.39,109.4,109.39
110.0,tCal,109.41
110.0,tCal,109.41,109.41
110.0,tCal,109.41,109.41,109.4
110.0,tCal,109.41,109.41,109.4,109.41
110.0,tCal,109.41,109.41,109.4,109.41,109.42
110.0,tCal,109.41,109.41,109.4,109.41,109.42,109.42
110.0,tCal,109.41,109.41,109.4,109.41,109.42,109.42,109.42
110.0,tCal,109.43
110.0,tCal,109.43,109.44
110.0,tCal,109.43,109.44,109.44
110.0,tCal,109.43,109.44,109.44,109.45
110.0,tCal,109.43,109.44,109.44,109.45,109.45
110.0,tCal,109.43,109.44,109.44,109.45,109.45,109.45
110.0,tCal,109.43,109.44,109.44,109.45,109.45,109.45,109.44
110.0,tCal,109.47
110.0,tCal,109.47,109.47
110.0,tCal,109.47,109.47,109.47
110.0,tCal,109.47,109.47,109.47,109.47
110.0,tCal,109.47,109.47,109.47,109.47,109.48
110.0,tCal,109.47,109.47,109.47,109.47,109.48,109.47
110.0,tCal,109.47,109.47,109.47,109.47,109.48,109.47,109.48
110.0,tCal,109.49
110.0,tCal,109.49,109.5
110.0,tCal,109.49,109.5,109.49
110.0,tCal,109.49,109.5,109.49,109.5
110.0,tCal,109.49,109.5,109.49,109.5,109.51
110.0,tCal,109.49,109.5,109.49,109.5,109.51,109.51
110.0,tCal,109.49,109.5,109.49,109.5,109.51,109.51,109.51
110.0,tCal,109.53
110.0,tCal,109.53,109.53
110.0,tCal,109.53,109.53,109.53
110.0,tCal,109.53,109.53,109.53,109.53
110.0,tCal,109.53,109.53,109.53,109.53,109.53
110.0,tCal,109.53,109.53,109.53,109.53,109.53,109.54
110.0,tCal,109.53,109.53,109.53,109.53,109.53,109.54,109.54
110.0,tCal,109.55
110.0,tCal,109.55,109.55
110.0,tCal,109.55,109.55,109.56
110.0,tCal,109.55,109.55,109.56,109.56
110.0,tCal,109.55,109.55,109.56,109.56,109.55
110.0,tCal,109.55,109.55,109.56,109.56,109.55,109.56
110.0,tCal,109.55,109.55,109.56,109.56,109.55,109.56,109.56
110.0,tCal,109.57
110.0,tCal,109.57,109.57
110.0,tCal,109.57,109.57,109.57
110.0,tCal,109.57,109.57,109.57,109.58
110.0,tCal,109.57,109.57,109.57,109.58,109.59
110.0,tCal,109.57,109.57,109.57,109.58,109.59,109.59
110.0,tCal,109.57,109.57,109.57,109.58,109.59,109.59,109.59
110.0,tCal,109.6
110.0,tCal,109.6,109.59
110.0,tCal,109.6,109.59,109.6
110.0,tCal,109.6,109.59,109.6,109.6
110.0,tCal,109.6,109.59,109.6,109.6,109.61
110.0,tCal,109.6,109.59,109.6,109.6,109.61,109.61
110.0,tCal,109.6,109.59,109.6,109.6,109.61,109.61,109.61
110.0,tCal,109.62
110.0,tCal,109.62,109.63
110.0,tCal,109.62,109.63,109.62
110.0,tCal,109.62,109.63,109.62,109.63
110.0,tCal,109.62,109.63,109.62,109.63,109.63
110.0,tCal,109.62,109.63,109.62,109.63,109.63,109.63
110.0,tCal,109.62,109.63,109.62,109.63,109.63,109.63,109.63
110.0,tCal,109.65
110.0,tCal,109.65,109.64
110.0,tCal,109.65,109.64,109.65
110.0,tCal,109.65,109.64,109.65,109.65
110.0,tCal,109.65,109.64,109.65,109.65,109.64
110.0,tCal,109.65,109.64,109.65,109.65,109.64,109.65
110.0,tCal,109.65,109.64,109.65,109.65,109.64,109.65,109.66
110.0,tCal,109.67
110.0,tCal,109.67,109.67
110.0,tCal,109.67,109.67,109.67
110.0,tCal,109.67,109.67,109.67,109.67
110.0,tCal,109.67,109.67,109.67,109.67,109.67
110.0,tCal,109.67,109.67,109.67,109.67,109.67,109.68
110.0,tCal,109.67,109.67,109.67,109.67,109.67,109.68,109.68
110.0,tCal,109.69
110.0,tCal,109.69,109.69
110.0,tCal,109.69,109.69,109.69
110.0,tCal,109.69,109.69,109.69,109.69
110.0,tCal,109.69,109.69,109.69,109.69,109.7
110.0,tCal,109.69,109.69,109.69,109.69,109.7,109.71
110.0,tCal,109.69,109.69,109.69,109.69,109.7,109.71,109.71
110.0,tCal,109.71
110.0,tCal,109.71,109.71
110.0,tCal,109.71,109.71,109.71
110.0,tCal,109.71,109.71,109.71,109.71
110.0,tCal,109.71,109.71,109.71,109.71,109.72
110.0,tCal,109.71,109.71,109.71,109.71,109.72,109.72
110.0,tCal,109.71,109.71,109.71,109.71,109.72,109.72,109.72
110.0,tCal,109.73
110.0,tCal,109.73,109.73
110.0,tCal,109.73,109.73,109.74
110.0,tCal,109.73,109.73,109.74,109.74
110.0,tCal,109.73,109.73,109.74,109.74,109.73
110.0,tCal,109.73,109.73,109.74,109.74,109.73,109.74
110.0,tCal,109.73,109.73,109.74,109.74,109.73,109.74,109.75
110.0,tCal,109.75
110.0,tCal,109.75,109.75
110.0,tCal,109.75,109.75,109.75
110.0,tCal,109.75,109.75,109.75,109.75
110.0,tCal,109.75,109.75,109.75,109.75,109.76
110.0,tCal,109.75,109.75,109.75,109.75,109.76,109.76
110.0,tCal,109.75,109.75,109.75,109.75,109.76,109.76,109.76
110.0,tCal,109.77
110.0,tCal,109.77,109.78
110.0,tCal,109.77,109.78,109.78
110.0,tCal,109.77,109.78,109.78,109.78
110.0,tCal,109.77,109.78,109.78,109.78,109.77
110.0,tCal,109.77,109.78,109.78,109.78,109.77,109.78
110.0,tCal,109.77,109.78,109.78,109.78,109.77,109.78,109.77
110.0,tCal,109.79
110.0,tCal,109.79,109.79
110.0,tCal,109.79,109.79,109.78
110.0,tCal,109.79,109.79,109.78,109.79
110.0,tCal,109.79,109.79,109.78,109.79,109.8
110.0,tCal,109.79,109.79,109.78,109.79,109.8,109.8
110.0,tCal,109.79,109.79,109.78,109.79,109.8,109.8,109.79
110.0,tCal,109.8
110.0,tCal,109.8,109.8
110.0,tCal,109.8,109.8,109.8
110.0,tCal,109.8,109.8,109.8,109.8
110.0,tCal,109.8,109.8,109.8,109.8,109.81
110.0,tCal,109.8,109.8,109.8,109.8,109.81,109.8
110.0,tCal,109.8,109.8,109.8,109.8,109.81,109.8,109.8
110.0,tCal,109.82
110.0,tCal,109.82,109.82
110.0,tCal,109.82,109.82,109.82
110.0,tCal,109.82,109.82,109.82,109.82
110.0,tCal,109.82,109.82,109.82,109.82,109.82
110.0,tCal,109.82,109.82,109.82,109.82,109.82,109.83
110.0,tCal,109.82,109.82,109.82,109.82,109.82,109.83,109.82
110.0,tCal,109.83
110.0,tCal,109.83,109.83
110.0,tCal,109.83,109.83,109.83
110.0,tCal,109.83,109.83,109.83,109.84
110.0,tCal,109.83,109.83,109.83,109.84,109.84
110.0,tCal,109.83,109.83,109.83,109.84,109.84,109.84
110.0,tCal,109.83,109.83,109.83,109.84,109.84,109.84,109.85
110.0,tCal,109.85
110.0,tCal,109.85,109.85
110.0,tCal,109.85,109.85,109.86
110.0,tCal,109.85,109.85,109.86,109.85
110.0,tCal,109.85,109.85,109.86,109.85,109.85
110.0,tCal,109.85,109.85,109.86,109.85,109.85,109.85
110.0,tCal,109.85,109.85,109.86,109.85,109.85,109.85,109.86
110.0,tCal,109.86
110.0,tCal,109.86,109.87
110.0,tCal,109.86,109.87,109.86
110.0,tCal,109.86,109.87,109.86,109.87
110.0,tCal,109.86,109.87,109.86,109.87,109.87
110.0,tCal,109.86,109.87,109.86,109.87,109.87,109.87
110.0,tCal,109.86,109.87,109.86,109.87,109.87,109.87,109.87
110.0,tCal,109.88
110.0,tCal,109.88,109.88
110.0,tCal,109.88,109.88,109.88
110.0,tCal,109.88,109.88,109.88,109.89
110.0,tCal,109.88,109.88,109.88,109.89,109.88
110.0,tCal,109.88,109.88,109.88,109.89,109.88,109.89
110.0,tCal,109.88,109.88,109.88,109.89,109.88,109.89,109.89
110.0,tCal,109.89
110.0,tCal,109.89,109.9
110.0,tCal,109.89,109.9,109.89
110.0,tCal,109.89,109.9,109.89,109.9
110.0,tCal,109.89,109.9,109.89,109.9,109.9
110.0,tCal,109.89,109.9,109.89,109.9,109.9,109.9
110.0,tCal,109.89,109.9,109.89,109.9,109.9,109.9,109.89
110.0,tCal,109.91
110.0,tCal,109.91,109.9
110.0,tCal,109.91,109.9,109.91
110.0,tCal,109.91,109.9,109.91,109.91
110.0,tCal,109.91,109.9,109.91,109.91,109.92
110.0,tCal,109.91,109.9,109.91,109.91,109.92,109.92
110.0,tCal,109.91,109.9,109.91,109.91,109.92,109.92,109.91
110.0,tCal,109.92
110.0,tCal,109.92,109.92
110.0,tCal,109.92,109.92,109.93
110.0,tCal,109.92,109.92,109.93,109.92
110.0,tCal,109.92,109.92,109.93,109.92,109.92
110.0,tCal,109.92,109.92,109.93,109.92,109.92,109.93
110.0,tCal,109.92,109.92,109.93,109.92,109.92,109.93,109.93
110.0,tCal,109.93
110.0,tCal,109.93,109.93
110.0,tCal,109.93,109.93,109.93
110.0,tCal,109.93,109.93,109.93,109.94
110.0,tCal,109.93,109.93,109.93,109.94,109.94
110.0,tCal,109.93,109.93,109.93,109.94,109.94,109.94
110.0,tCal,109.93,109.93,109.93,109.94,109.94,109.94,109.94
110.0,tCal,109.95
110.0,tCal,109.95,109.94
110.0,tCal,109.95,109.94,109.96
110.0,tCal,109.95,109.94,109.96,109.95
110.0,tCal,109.95,109.94,109.96,109.95,109.94
110.0,tCal,109.95,109.94,109.96,109.95,109.94,109.95
110.0,tCal,109.95,109.94,109.96,109.95,109.94,109.95,109.95
110.0,tCal,109.95
110.0,tCal,109.95,109.95
110.0,tCal,109.95,109.95,109.96
110.0,tCal,109.95,109.95,109.96,109.96
110.0,tCal,109.95,109.95,109.96,109.96,109.96
110.0,tCal,109.95,109.95,109.96,109.96,109.96,109.96
110.0,tCal,109.95,109.95,109.96,109.96,109.96,109.96,109.95
110.0,tCal,109.97
110.0,tCal,109.97,109.96
110.0,tCal,109.97,109.96,109.95
110.0,tCal,109.97,109.96,109.95,109.96
110.0,tCal,109.97,109.96,109.95,109.96,109.96
110.0,tCal,109.97,109.96,109.95,109.96,109.96,109.97
110.0,tCal,109.97,109.96,109.95,109.96,109.96,109.97,109.97
110.0,tCal,109.98
110.0,tCal,109.98,109.97
110.0,tCal,109.98,109.97,109.98
110.0,tCal,109.98,109.97,109.98,109.97
110.0,tCal,109.98,109.97,109.98,109.97,109.97
110.0,tCal,109.98,109.97,109.98,109.97,109.97,109.97
110.0,tCal,109.98,109.97,109.98,109.97,109.97,109.97,109.97
110.0,tCal,109.98
110.0,tCal,109.98,109.98
110.0,tCal,109.98,109.98,109.98
110.0,tCal,109.98,109.98,109.98,109.98
110.0,tCal,109.98,109.98,109.98,109.98,109.98
110.0,tCal,109.98,109.98,109.98,109.98,109.98,109.99
110.0,tCal,109.98,109.98,109.98,109.98,109.98,109.99,109.99
110.0,tCal,109.99
110.0,tCal,109.99,110.0
110.0,tCal,109.99,110.0,109.99
110.0,tCal,109.99,110.0,109.99,110.0
110.0,tCal,109.99,110.0,109.99,110.0,110.0
110.0,tCal,109.99,110.0,109.99,110.0,110.0,110.0
110.0,tCal,109.99,110.0,109.99,110.0,110.0,110.0,110.0
110.0,tCal,110.0
110.0,tCal,110.0,110.0
110.0,tCal,110.0,110.0,110.0
110.0,tCal,110.0,110.0,110.0,110.0
110.0,tCal,110.0,110.0,110.0,110.0,110.0
110.0,tCal,110.0,110.0,110.0,110.0,110.0,110.01
110.0,tCal,110.0,110.0,110.0,110.0,110.0,110.01,110.0
110.0,tCal,110.01
110.0,tCal,110.01,110.02
110.0,tCal,110.01,110.02,110.01
110.0,tCal,110.01,110.02,110.01,110.02
110.0,tCal,110.01,110.02,110.01,110.02,110.02
110.0,tCal,110.01,110.02,110.01,110.02,110.02,110.01
110.0,tCal,110.01,110.02,110.01,110.02,110.02,110.01,110.02
110.0,tCal,110.02
110.0,tCal,110.02,110.02
110.0,tCal,110.02,110.02,110.02
110.0,tCal,110.02,110.02,110.02,110.02
110.0,tCal,110.02,110.02,110.02,110.02,110.02
110.0,tCal,110.02,110.02,110.02,110.02,110.02,110.01
110.0,tCal,110.02,110.02,110.02,110.02,110.02,110.01,110.03
110.0,tCal,110.02
110.0,tCal,110.02,110.02
110.0,tCal,110.02,110.02,110.03
110.0,tCal,110.02,110.02,110.03,110.03
110.0,tCal,110.02,110.02,110.03,110.03,110.03
110.0,tCal,110.02,110.02,110.03,110.03,110.03,110.03
110.0,tCal,110.02,110.02,110.03,110.03,110.03,110.03,110.03
110.0,tCal,110.03
110.0,tCal,110.03,110.04
110.0,tCal,110.03,110.04,110.03
110.0,tCal,110.03,110.04,110.03,110.03
110.0,tCal,110.03,110.04,110.03,110.03,110.03
110.0,tCal,110.03,110.04,110.03,110.03,110.03,110.04
110.0,tCal,110.03,110.04,110.03,110.03,110.03,110.04,110.04
110.0,tCal,110.03
110.0,tCal,110.03,110.04
110.0,tCal,110.03,110.04,110.04
110.0,tCal,110.03,110.04,110.04,110.05
110.0,tCal,110.03,110.04,110.04,110.05,110.04
110.0,tCal,110.03,110.04,110.04,110.05,110.04,110.05
110.0,tCal,110.03,110.04,110.04,110.05,110.04,110.05,110.04
110.0,tCal,110.05
110.0,tCal,110.05,110.04
110.0,tCal,110.05,110.04,110.05
110.0,tCal,110.05,110.04,110.05,110.05
110.0,tCal,110.05,110.04,110.05,110.05,110.05
110.0,tCal,110.05,110.04,110.05,110.05,110.05,110.05
110.0,tCal,110.05,110.04,110.05,110.05,110.05,110.05,110.04
110.0,tCal,110.05
110.0,tCal,110.05,110.04
110.0,tCal,110.05,110.04,110.05
110.0,tCal,110.05,110.04,110.05,110.05
110.0,tCal,110.05,110.04,110.05,110.05,110.05
110.0,tCal,110.05,110.04,110.05,110.05,110.05,110.06
110.0,tCal,110.05,110.04,110.05,110.05,110.05,110.06,110.06
110.0,tCal,110.06
110.0,tCal,110.06,110.06
110.0,tCal,110.06,110.06,110.06
110.0,tCal,110.06,110.06,110.06,110.06
110.0,tCal,110.06,110.06,110.06,110.06,110.06
110.0,tCal,110.06,110.06,110.06,110.06,110.06,110.06
110.0,tCal,110.06,110.06,110.06,110.06,110.06,110.06,110.06
110.0,tCal,110.07
110.0,tCal,110.07,110.06
110.0,tCal,110.07,110.06,110.06
110.0,tCal,110.07,110.06,110.06,110.05
110.0,tCal,110.07,110.06,110.06,110.05,110.06
110.0,tCal,110.07,110.06,110.06,110.05,110.06,110.07
110.0,tCal,110.07,110.06,110.06,110.05,110.06,110.07,110.06
110.0,tCal,110.07
110.0,tCal,110.07,110.07
110.0,tCal,110.07,110.07,110.07
110.0,tCal,110.07,110.07,110.07,110.07
110.0,tCal,110.07,110.07,110.07,110.07,110.07
110.0,tCal,110.07,110.07,110.07,110.07,110.07,110.06
110.0,tCal,110.07,110.07,110.07,110.07,110.07,110.06,110.06
110.0,tCal,110.08
110.0,tCal,110.08,110.07
110.0,tCal,110.08,110.07,110.08
110.0,tCal,110.08,110.07,110.08,110.07
110.0,tCal,110.08,110.07,110.08,110.07,110.07
110.0,tCal,110.08,110.07,110.08,110.07,110.07,110.07
110.0,tCal,110.08,110.07,110.08,110.07,110.07,110.07,110.07
110.0,tCal,110.08
110.0,tCal,110.08,110.08
110.0,tCal,110.08,110.08,110.08
110.0,tCal,110.08,110.08,110.08,110.08
110.0,tCal,110.08,110.08,110.08,110.08,110.08
110.0,tCal,110.08,110.08,110.08,110.08,110.08,110.07
110.0,tCal,110.08,110.08,110.08,110.08,110.08,110.07,110.08
110.0,tCal,110.08
110.0,tCal,110.08,110.07
110.0,tCal,110.08,110.07,110.08
110.0,tCal,110.08,110.07,110.08,110.08
110.0,tCal,110.08,110.07,110.08,110.08,110.08
110.0,tCal,110.08,110.07,110.08,110.08,110.08,110.09
110.0,tCal,110.08,110.07,110.08,110.08,110.08,110.09,110.09
110.0,tCal,110.09
110.0,tCal,110.09,110.08
110.0,tCal,110.09,110.08,110.1
110.0,tCal,110.09,110.08,110.1,110.1
110.0,tCal,110.09,110.08,110.1,110.1,110.09
110.0,tCal,110.09,110.08,110.1,110.1,110.09,110.1
110.0,tCal,110.09,110.08,110.1,110.1,110.09,110.1,110.09
110.0,tCal,110.1
110.0,tCal,110.1,110.1
110.0,tCal,110.1,110.1,110.1
110.0,tCal,110.1,110.1,110.1,110.1
110.0,tCal,110.1,110.1,110.1,110.1,110.11
110.0,tCal,110.1,110.1,110.1,110.1,110.11,110.1
110.0,tCal,110.1,110.1,110.1,110.1,110.11,110.1,110.1
110.0,tCal,110.11
110.0,tCal,110.11,110.11
110.0,tCal,110.11,110.11,110.12
110.0,tCal,110.11,110.11,110.12,110.1
110.0,tCal,110.11,110.11,110.12,110.1,110.1
110.0,tCal,110.11,110.11,110.12,110.1,110.1,110.11
110.0,tCal,110.11,110.11,110.12,110.1,110.1,110.11,110.1
110.0,tCal,110.1
110.0,tCal,110.1,110.11
110.0,tCal,110.1,110.11,110.11
110.0,tCal,110.1,110.11,110.11,110.11
110.0,tCal,110.1,110.11,110.11,110.11,110.11
110.0,tCal,110.1,110.11,110.11,110.11,110.11,110.11
110.0,tCal,110.1,110.11,110.11,110.11,110.11,110.11,110.1
110.0,tCal,110.11
110.0,tCal,110.11,110.1
110.0,tCal,110.11,110.1,110.11
110.0,tCal,110.11,110.1,110.11,110.11
110.0,tCal,110.11,110.1,110.11,110.11,110.12
110.0,tCal,110.11,110.1,110.11,110.11,110.12,110.11
110.0,tCal,110.11,110.1,110.11,110.11,110.12,110.11,110.11
110.0,tCal,110.11
110.0,tCal,110.11,110.1
110.0,tCal,110.11,110.1,110.11
110.0,tCal,110.11,110.1,110.11,110.11
110.0,tCal,110.11,110.1,110.11,110.11,110.11
110.0,tCal,110.11,110.1,110.11,110.11,110.11,110.11
110.0,tCal,110.11,110.1,110.11,110.11,110.11,110.11,110.11
110.0,tCal,110.11
110.0,tCal,110.11,110.11
110.0,tCal,110.11,110.11,110.12
110.0,tCal,110.11,110.11,110.12,110.11
110.0,tCal,110.11,110.11,110.12,110.11,110.12
110.0,tCal,110.11,110.11,110.12,110.11,110.12,110.12
110.0,tCal,110.11,110.11,110.12,110.11,110.12,110.12,110.11
110.0,tCal,110.12
110.0,tCal,110.12,110.13
110.0,tCal,110.12,110.13,110.12
110.0,tCal,110.12,110.13,110.12,110.12
110.0,tCal,110.12,110.13,110.12,110.12,110.12
110.0,tCal,110.12,110.13,110.12,110.12,110.12,110.12
110.0,tCal,110.12,110.13,110.12,110.12,110.12,110.12,110.11
110.0,tCal,110.13
110.0,tCal,110.13,110.13
110.0,tCal,110.13,110.13,110.12
110.0,tCal,110.13,110.13,110.12,110.13
110.0,tCal,110.13,110.13,110.12,110.13,110.12
110.0,tCal,110.13,110.13,110.12,110.13,110.12,110.13
110.0,tCal,110.13,110.13,110.12,110.13,110.12,110.13,110.13
110.0,tCal,110.13
110.0,tCal,110.13,110.12
110.0,tCal,110.13,110.12,110.13
110.0,tCal,110.13,110.12,110.13,110.12
110.0,tCal,110.13,110.12,110.13,110.12,110.13
110.0,tCal,110.13,110.12,110.13,110.12,110.13,110.12
110.0,tCal,110.13,110.12,110.13,110.12,110.13,110.12,110.13
110.0,tCal,110.13
110.0,tCal,110.13,110.13
110.0,tCal,110.13,110.13,110.12
110.0,tCal,110.13,110.13,110.12,110.13
110.0,tCal,110.13,110.13,110.12,110.13,110.13
110.0,tCal,110.13,110.13,110.12,110.13,110.13,110.12
110.0,tCal,110.13,110.13,110.12,110.13,110.13,110.12,110.13
