tTarget,tCal,TE_1_K,TE_2_K,TE_5_K,TE_7_K,TE_8_K,TE_9_K,TE_10_K,TE_3_K
50.0,tCal,13.67,13.74,13.81,13.89,13.95,14.03,14.1,14.16
50.0,tCal,14.85,14.91,14.99,15.06,15.12,15.19,15.27,15.34
50.0,tCal,16.0,16.06,16.13,16.2,16.27,16.33,16.4,16.47
50.0,tCal,17.1,17.17,17.24,17.3,17.37,17.43,17.5,17.56
50.0,tCal,18.18,18.24,18.3,18.37,18.43,18.49,18.55,18.61
50.0,tCal,19.21,19.28,19.33,19.4,19.45,19.51,19.57,19.63
50.0,tCal,20.21,20.27,20.33,20.39,20.44,20.5,20.57,20.64
50.0,tCal,21.19,21.25,21.3,21.36,21.42,21.48,21.54,21.59
50.0,tCal,22.15,22.2,22.26,22.31,22.37,22.42,22.48,22.54
50.0,tCal,23.08,23.13,23.19,23.24,23.3,23.35,23.41,23.47
50.0,tCal,23.98,24.04,24.09,24.15,24.2,24.26,24.31,24.36
50.0,tCal,24.87,24.92,24.97,25.02,25.08,25.13,25.18,25.23
50.0,tCal,25.72,25.77,25.82,25.88,25.93,25.97,26.03,26.08
50.0,tCal,26.55,26.61,26.65,26.7,26.76,26.8,26.85,26.9
50.0,tCal,27.37,27.41,27.46,27.51,27.56,27.61,27.66,27.69
50.0,tCal,28.15,28.2,28.25,28.3,28.34,28.39,28.43,28.48
50.0,tCal,28.93,28.97,29.02,29.06,29.11,29.16,29.2,29.25
50.0,tCal,29.68,29.72,29.77,29.81,29.86,29.9,29.94,29.99
50.0,tCal,30.41,30.47,30.5,30.55,30.59,30.62,30.67,30.71
50.0,tCal,31.12,31.16,31.2,31.25,31.3,31.33,31.38,31.42
50.0,tCal,31.81,31.85,31.9,31.94,31.98,32.02,32.06,32.1
50.0,tCal,32.5,32.53,32.58,32.61,32.65,32.68,32.73,32.77
50.0,tCal,33.15,33.18,33.22,33.26,33.3,33.34,33.38,33.41
50.0,tCal,33.78,33.82,33.86,33.9,33.94,33.98,34.01,34.05
50.0,tCal,34.4,34.44,34.47,34.51,34.55,34.59,34.62,34.66
50.0,tCal,35.0,35.04,35.07,35.11,35.15,35.18,35.22,35.25
50.0,tCal,35.59,35.63,35.66,35.7,35.73,35.76,35.8,35.83
50.0,tCal,36.16,36.19,36.22,36.26,36.3,36.33,36.35,36.39
50.0,tCal,36.71,36.74,36.78,36.81,36.84,36.88,36.91,36.94
50.0,tCal,37.26,37.29,37.32,37.36,37.38,37.42,37.45,37.48
50.0,tCal,37.78,37.81,37.84,37.87,37.9,37.94,37.97,37.99
50.0,tCal,38.29,38.32,38.34,38.38,38.41,38.45,38.47,38.5
50.0,tCal,38.78,38.82,38.85,38.88,38.9,38.93,38.96,38.99
50.0,tCal,39.26,39.3,39.32,39.35,39.39,39.41,39.44,39.47
50.0,tCal,39.74,39.76,39.79,39.83,39.85,39.88,39.9,39.93
50.0,tCal,40.2,40.22,40.25,40.27,40.29,40.32,40.35,40.37
50.0,tCal,40.62,40.65,40.67,40.7,40.73,40.75,40.78,40.81
50.0,tCal,41.04,41.06,41.09,41.11,41.14,41.16,41.18,41.21
50.0,tCal,41.43,41.46,41.48,41.5,41.53,41.55,41.57,41.6
50.0,tCal,41.81,41.84,41.86,41.89,41.91,41.93,41.95,41.98
50.0,tCal,42.18,42.21,42.23,42.25,42.27,42.29,42.31,42.34
50.0,tCal,42.53,42.56,42.58,42.6,42.62,42.64,42.66,42.68
50.0,tCal,42.88,42.89,42.92,42.94,42.95,42.97,43.0,43.02
50.0,tCal,43.2,43.22,43.24,43.25,43.28,43.3,43.32,43.34
50.0,tCal,43.52,43.54,43.56,43.58,43.59,43.61,43.63,43.65
50.0,tCal,43.82,43.85,43.87,43.87,43.9,43.91,43.93,43.95
50.0,tCal,44.11,44.13,44.16,44.18,44.19,44.2,44.22,44.24
50.0,tCal,44.4,44.43,44.44,44.46,44.47,44.49,44.51,44.53
50.0,tCal,44.68,44.7,44.72,44.74,44.75,44.77,44.79,44.8
50.0,tCal,44.96,44.97,44.99,45.0,45.02,45.03,45.06,45.07
50.0,tCal,45.22,45.23,45.26,45.27,45.29,45.3,45.32,45.33
50.0,tCal,45.48,45.49,45.51,45.53,45.54,45.55,45.57,45.58
50.0,tCal,45.72,45.74,45.75,45.78,45.79,45.8,45.82,45.83
50.0,tCal,45.97,45.99,46.01,46.01,46.04,46.04,46.06,46.07
50.0,tCal,46.21,46.22,46.24,46.26,46.26,46.28,46.3,46.31
50.0,tCal,46.45,46.45,46.47,46.49,46.5,46.51,46.53,46.54
50.0,tCal,46.66,46.68,46.69,46.71,46.72,46.74,46.75,46.76
50.0,tCal,46.89,46.9,46.91,46.93,46.95,46.96,46.97,46.98
50.0,tCal,47.1,47.11,47.12,47.13,47.15,47.16,47.17,47.19
50.0,tCal,47.3,47.31,47.33,47.34,47.35,47.37,47.38,47.39
50.0,tCal,47.5,47.51,47.52,47.53,47.55,47.55,47.57,47.58
50.0,tCal,47.69,47.7,47.71,47.72,47.73,47.75,47.75,47.77
50.0,tCal,47.86,47.89,47.89,47.9,47.91,47.92,47.93,47.94
50.0,tCal,48.04,48.05,48.06,48.06,48.08,48.1,48.1,48.11
50.0,tCal,48.19,48.21,48.22,48.23,48.23,48.25,48.25,48.26
50.0,tCal,48.35,48.36,48.37,48.38,48.39,48.4,48.4,48.41
50.0,tCal,48.49,48.5,48.52,48.52,48.53,48.54,48.55,48.56
50.0,tCal,48.63,48.64,48.65,48.65,48.67,48.67,48.68,48.69
50.0,tCal,48.76,48.77,48.77,48.78,48.79,48.8,48.8,48.81
50.0,tCal,48.88,48.88,48.89,48.9,48.9,48.92,48.92,48.92
50.0,tCal,48.98,48.99,49.0,49.01,49.01,49.03,49.02,49.03
50.0,tCal,49.08,49.09,49.1,49.11,49.11,49.12,49.13,49.13
50.0,tCal,49.18,49.19,49.19,49.2,49.2,49.21,49.21,49.22
50.0,tCal,49.28,49.28,49.28,49.29,49.29,49.3,49.3,49.31
50.0,tCal,49.35,49.36,49.37,49.37,49.37,49.38,49.38,49.38
50.0,tCal,49.43,49.43,49.44,49.44,49.44,49.45,49.46,49.46
50.0,tCal,49.5,49.5,49.51,49.51,49.52,49.52,49.52,49.53
50.0,tCal,49.56,49.57,49.57,49.57,49.58,49.58,49.58,49.59
50.0,tCal,49.62,49.62,49.62,49.63,49.63,49.64,49.64,49.65
50.0,tCal,49.67,49.67,49.68,49.68,49.68,49.68,49.69,49.7
50.0,tCal,49.72,49.72,49.72,49.73,49.73,49.73,49.73,49.74
50.0,tCal,49.76,49.76,49.77,49.77,49.77,49.77,49.77,49.78
50.0,tCal,49.8,49.8,49.81,49.8,49.81,49.81,49.81,49.82
50.0,tCal,49.83,49.83,49.84,49.84,49.84,49.84,49.85,49.85
50.0,tCal,49.86,49.87,49.87,49.87,49.87,49.88,49.88,49.88
50.0,tCal,49.89,49.9,49.89,49.9,49.9,49.9,49.91,49.9
50.0,tCal,49.92,49.92,49.92,49.92,49.92,49.92,49.93,49.93
50.0,tCal,49.94,49.94,49.95,49.95,49.95,49.95,49.95,49.95
50.0,tCal,49.96,49.96,49.96,49.96,49.97,49.97,49.97,49.97
50.0,tCal,49.98,49.98,49.98,49.98,49.98,49.98,49.98,49.99
50.0,tCal,49.99,50.0,50.0,50.0,50.0,50.0,50.0,49.99
50.0,tCal,49.99,50.0,50.01,50.01,50.01,50.01,50.0,50.01
50.0,tCal,50.01,50.01,50.02,50.02,50.01,50.01,50.02,50.02
50.0,tCal,50.02,50.02,50.03,50.03,50.03,50.03,50.02,50.02
50.0,tCal,50.03,50.04,50.04,50.03,50.03,50.03,50.04,50.04
50.0,tCal,50.03,50.04,50.04,50.04,50.04,50.04,50.04,50.04
50.0,tCal,50.04,50.05,50.05,50.05,50.05,50.05,50.05,50.04
50.0,tCal,50.05,50.05,50.05,50.05,50.05,50.05,50.06,50.05
50.0,tCal,50.05,50.05,50.05,50.06,50.05,50.05,50.05,50.06
50.0,tCal,50.05,50.06,50.06,50.06,50.06,50.06,50.05,50.06
50.0,tCal,50.06,50.06,50.06,50.06,50.06,50.06,50.06,50.06
50.0,tCal,50.06,50.06,50.07,50.06,50.06,50.07,50.06,50.06
50.0,tCal,50.07,50.06,50.06,50.06,50.07,50.06,50.06,50.06
50.0,tCal,50.06,50.06,50.06,50.06,50.06,50.05,50.06,50.06
50.0,tCal,50.06,50.06,50.05,50.05,50.05,50.06,50.05,50.05
50.0,tCal,50.05,50.06,50.05,50.05,50.05,50.05,50.05,50.05
50.0,tCal,50.05,50.05,50.05,50.06,50.05,50.05,50.05,50.05
50.0,tCal,50.05,50.05,50.05,50.05,50.04,50.05,50.05,50.05
50.0,tCal,50.04,50.05,50.04,50.04,50.04,50.04,50.04,50.04
50.0,tCal,50.04,50.04,50.04,50.04,50.04,50.04,50.04,50.04
50.0,tCal,50.03,50.04,50.03,50.03,50.02,50.03,50.03,50.03
50.0,tCal,50.02,50.04,50.03,50.02,50.03,50.03,50.03,50.02
50.0,tCal,50.03,50.03,50.02,50.02,50.02,50.03,50.02,50.02
50.0,tCal,50.02,50.02,50.02,50.02,50.02,50.02,50.03,50.02
50.0,tCal,50.02,50.02,50.02,50.02,50.02,50.02,50.02,50.02
50.0,tCal,50.01,50.02,50.01,50.01,50.02,50.02,50.02,50.02
50.0,tCal,50.01,50.01,50.01,50.02,50.01,50.02,50.01,50.02
50.0,tCal,50.01,50.0,50.01,50.0,50.01,50.01,50.01,50.0
50.0,tCal,50.0,50.0,50.0,50.0,50.0,50.0,50.0,50.0
50.0,tCal,50.0,50.01,50.0,50.0,50.01,50.0,49.99,50.0
50.0,tCal,49.99,50.0,49.99,50.0,50.0,50.0,49.99,50.0
50.0,tCal,49.99,49.99,49.99,49.99,49.99,49.99,50.0,49.99
50.0,tCal,49.99,49.98,49.98,49.98,49.99,49.99,49.98,49.98
50.0,tCal,49.99,49.98,49.98,49.98,49.99,49.98,49.98,49.98
50.0,tCal,49.98,49.98,49.99,49.98,49.98,49.98,49.98,49.97
50.0,tCal,49.97,49.98,49.98,49.98,49.97,49.98,49.98,49.98
50.0,tCal,49.98,49.97,49.97,49.98,49.97,49.97,49.98,49.98
50.0,tCal,49.97,49.97,49.97,49.98,49.97,49.97,49.97,49.97
50.0,tCal,49.97,49.97,49.96,49.96,49.97,49.97,49.97,49.96
50.0,tCal,49.96,49.97,49.97,49.97,49.97,49.96,49.96,49.96
50.0,tCal,49.96,49.96,49.96,49.96,49.96,49.96,49.96,49.96
50.0,tCal,49.96,49.96,49.96,49.96,49.96,49.96,49.96,49.96
50.0,tCal,49.96,49.96,49.96,49.96,49.95,49.96,49.96,49.96
50.0,tCal,49.96,49.96,49.96,49.97,49.95,49.96,49.96,49.96
50.0,tCal,49.96,49.96,49.96,49.96,49.96,49.96,49.95,49.96
50.0,tCal,49.95,49.96,49.96,49.96,49.96,49.96,49.96,49.96
50.0,tCal,49.95,49.96,49.96,49.95,49.96,49.96,49.95,49.95
50.0,tCal,49.95,49.95,49.96,49.95,49.96,49.95,49.96,49.95
50.0,tCal,49.95,49.95,49.96,49.95,49.96,49.96,49.95,49.95
50.0,tCal,49.95,49.95,49.95,49.95,49.95,49.95,49.95,49.95
50.0,tCal,49.94,49.95,49.95,49.94,49.94,49.95,49.94,49.94
50.0,tCal,49.94,49.94,49.94,49.94,49.94,49.94,49.94,49.94
50.0,tCal,49.94,49.94,49.94,49.94,49.94,49.94,49.95,49.93
50.0,tCal,49.94,49.93,49.94,49.93,49.93,49.93,49.94,49.93
50.0,tCal,49.93,49.94,49.94,49.94,49.93,49.93,49.93,49.93
50.0,tCal,49.93,49.93,49.93,49.93,49.94,49.94,49.94,49.93
50.0,tCal,49.93,49.93,49.93,49.93,49.93,49.93,49.93,49.93
50.0,tCal,49.93,49.92,49.93,49.93,49.93,49.94,49.93,49.93
50.0,tCal,49.93,49.93,49.93,49.93,49.93,49.93,49.93,49.93
50.0,tCal,49.92,49.92,49.92,49.92,49.93,49.92,49.92,49.92
50.0,tCal,49.91,49.92,49.91,49.92,49.92,49.92,49.91,49.92
50.0,tCal,49.91,49.91,49.91,49.92,49.92,49.92,49.92,49.92
50.0,tCal,49.91,49.92,49.91,49.91,49.91,49.92,49.91,49.92
50.0,tCal,49.91,49.92,49.91,49.91,49.92,49.91,49.92,49.91
50.0,tCal,49.91,49.91,49.91,49.91,49.91,49.91,49.91,49.91
50.0,tCal,49.91,49.91,49.91,49.91,49.91,49.91,49.92,49.91
50.0,tCal,49.91,49.91,49.91,49.91,49.91,49.91,49.91,49.91
50.0,tCal,49.91,49.91,49.91,49.92,49.91,49.92,49.91,49.91
50.0,tCal,49.91,49.91,49.91,49.9,49.91,49.91,49.91,49.91
50.0,tCal,49.91,49.9,49.9,49.9,49.91,49.91,49.9,49.91
50.0,tCal,49.91,49.91,49.91,49.91,49.91,49.9,49.91,49.91
50.0,tCal,49.91,49.9,49.9,49.91,49.91,49.91,49.9,49.9
50.0,tCal,49.9,49.9,49.91,49.9,49.9,49.91,49.91,49.91
50.0,tCal,49.9,49.9,49.9,49.9,49.9,49.91,49.9,49.9
50.0,tCal,49.91,49.91,49.9,49.91,49.91,49.91,49.91,49.9
50.0,tCal,49.9,49.9,49.9,49.91,49.9,49.9,49.9,49.9
50.0,tCal,49.9,49.9,49.9,49.9,49.9,49.9,49.89,49.9
50.0,tCal,49.9,49.9,49.89,49.9,49.89,49.89,49.9,49.9
50.0,tCal,49.9,49.9,49.89,49.9,49.9,49.89,49.9,49.89
50.0,tCal,49.9,49.9,49.9,49.9,49.9,49.9,49.9,49.89
50.0,tCal,49.9,49.9,49.9,49.89,49.9,49.9,49.9,49.9
50.0,tCal,49.9,49.9,49.9,49.9,49.89,49.9,49.9,49.89
50.0,tCal,49.89,49.89,49.9,49.89,49.9,49.89,49.9,49.9
50.0,tCal,49.89,49.89,49.88,49.9,49.89,49.9,49.9,49.89
50.0,tCal,49.89,49.89,49.89,49.9,49.89,49.9,49.9,49.89
50.0,tCal,49.89,49.89,49.89,49.89,49.89,49.9,49.9,49.9
50.0,tCal,49.89,49.89,49.89,49.89,49.89,49.89,49.9,49.88
50.0,tCal,49.89,49.89,49.89,49.89,49.88,49.89,49.89,49.89
50.0,tCal,49.89,49.89,49.89,49.89,49.89,49.89,49.89,49.89
50.0,tCal,49.89,49.88,49.89,49.89,49.89,49.88,49.89,49.89
50.0,tCal,49.89,49.89,49.88,49.89,49.89,49.88,49.88,49.88
50.0,tCal,49.88,49.87,49.88,49.89,49.88,49.88,49.88,49.88
50.0,tCal,49.88,49.88,49.88,49.88,49.88,49.88,49.88,49.88
50.0,tCal,49.88,49.88,49.88,49.88,49.88,49.88,49.88,49.88
50.0,tCal,49.88,49.88,49.88,49.88,49.88,49.88,49.88,49.88
50.0,tCal,49.88,49.88,49.88,49.88,49.88,49.88,49.88,49.88
50.0,tCal,49.88,49.88,49.87,49.87,49.88,49.87,49.87,49.88
50.0,tCal,49.88,49.88,49.88,49.88,49.87,49.88,49.87,49.87
50.0,tCal,49.87,49.87,49.87,49.88,49.87,49.87,49.87,49.88
50.0,tCal,49.87,49.88,49.88,49.87,49.87,49.88,49.87,49.87
50.0,tCal,49.87,49.87,49.87,49.88,49.87,49.88,49.87,49.88
50.0,tCal,49.88,49.87,49.87,49.87,49.87,49.87,49.88,49.87
50.0,tCal,49.87,49.88,49.87,49.88,49.88,49.88,49.87,49.88
50.0,tCal,49.88,49.88,49.87,49.88,49.87,49.87,49.87,49.88
50.0,tCal,49.88,49.87,49.88,49.87,49.88,49.87,49.88,49.88
50.0,tCal,49.87,49.87,49.88,49.87,49.87,49.88,49.88,49.87
50.0,tCal,49.87,49.88,49.88,49.88,49.88,49.88,49.87,49.88
50.0,tCal,49.87,49.87,49.87,49.88,49.88,49.87,49.87,49.87
50.0,tCal,49.87,49.87,49.87,49.87,49.88,49.88,49.87,49.87
50.0,tCal,49.87,49.87,49.87,49.87,49.87,49.87,49.87,49.87
50.0,tCal,49.87,49.86,49.86,49.87,49.87,49.87,49.87,49.86
50.0,tCal,49.87,49.87,49.87,49.87,49.87,49.86,49.87,49.87
50.0,tCal,49.87,49.87,49.87,49.87,49.87,49.87,49.87,49.87
50.0,tCal,49.87,49.87,49.87,49.87,49.86,49.86,49.87,49.87
50.0,tCal,49.86,49.87,49.86,49.87,49.87,49.87,49.87,49.87
50.0,tCal,49.87,49.87,49.87,49.87,49.87,49.87,49.87,49.86
50.0,tCal,49.86,49.87,49.87,49.87,49.86,49.87,49.87,49.87
150.0,tCal,49.86,49.86,49.86,49.87,49.87,49.86,49.86,49.87
150.0,tCal,49.88,49.88,49.88,49.88,49.89,49.88,49.89,49.89
150.0,tCal,49.92,49.93,49.92,49.94,49.94,49.94,49.95,49.96
150.0,tCal,50.05,50.07,50.09,50.1,50.12,50.14,50.16,50.16
150.0,tCal,50.37,50.4,50.43,50.45,50.48,50.51,50.53,50.57
150.0,tCal,50.91,50.94,50.99,51.02,51.06,51.11,51.15,51.2
150.0,tCal,51.66,51.71,51.77,51.82,51.87,51.93,51.98,52.04
150.0,tCal,52.64,52.7,52.76,52.83,52.9,52.97,53.03,53.11
150.0,tCal,53.83,53.91,53.99,54.07,54.15,54.23,54.32,54.39
150.0,tCal,55.25,55.34,55.43,55.53,55.62,55.71,55.81,55.9
150.0,tCal,56.86,56.97,57.07,57.18,57.28,57.38,57.5,57.61
150.0,tCal,58.68,58.8,58.92,59.04,59.15,59.26,59.39,59.5
150.0,tCal,60.69,60.82,60.95,61.07,61.21,61.33,61.46,61.59
150.0,tCal,62.89,63.02,63.16,63.3,63.43,63.58,63.72,63.87
150.0,tCal,65.21,65.36,65.5,65.64,65.8,65.94,66.08,66.23
150.0,tCal,67.66,67.81,67.97,68.12,68.27,68.42,68.58,68.74
150.0,tCal,70.26,70.42,70.57,70.73,70.88,71.04,71.19,71.35
150.0,tCal,72.86,73.01,73.17,73.32,73.48,73.64,73.79,73.95
150.0,tCal,75.4,75.56,75.7,75.86,76.01,76.16,76.31,76.46
150.0,tCal,77.9,78.05,78.19,78.34,78.49,78.64,78.78,78.92
150.0,tCal,80.34,80.5,80.64,80.79,80.93,81.08,81.23,81.37
150.0,tCal,82.76,82.91,83.05,83.2,83.34,83.48,83.62,83.77
150.0,tCal,85.15,85.3,85.44,85.58,85.72,85.87,86.01,86.15
150.0,tCal,87.53,87.67,87.81,87.95,88.09,88.23,88.37,88.52
150.0,tCal,89.88,90.03,90.17,90.31,90.45,90.59,90.73,90.86
150.0,tCal,92.22,92.36,92.5,92.64,92.78,92.92,93.06,93.19
150.0,tCal,94.52,94.65,94.78,94.92,95.05,95.19,95.33,95.46
150.0,tCal,96.74,96.87,97.01,97.14,97.27,97.39,97.53,97.67
150.0,tCal,98.9,99.03,99.16,99.28,99.41,99.54,99.66,99.79
150.0,tCal,100.98,101.11,101.23,101.36,101.47,101.6,101.72,101.84
150.0,tCal,103.0,103.12,103.25,103.36,103.48,103.59,103.71,103.84
150.0,tCal,104.95,105.07,105.19,105.31,105.41,105.53,105.64,105.76
150.0,tCal,106.86,106.97,107.08,107.19,107.31,107.42,107.53,107.64
150.0,tCal,108.7,108.82,108.91,109.04,109.14,109.25,109.36,109.47
150.0,tCal,110.51,110.61,110.72,110.82,110.93,111.03,111.14,111.25
150.0,tCal,112.25,112.35,112.46,112.56,112.65,112.76,112.86,112.96
150.0,tCal,113.93,114.02,114.12,114.22,114.32,114.42,114.52,114.61
150.0,tCal,115.54,115.64,115.73,115.83,115.93,116.02,116.12,116.21
150.0,tCal,117.11,117.2,117.29,117.39,117.48,117.57,117.66,117.75
150.0,tCal,118.61,118.7,118.79,118.88,118.96,119.05,119.14,119.23
150.0,tCal,120.06,120.15,120.23,120.32,120.41,120.49,120.58,120.65
150.0,tCal,121.46,121.54,121.61,121.7,121.78,121.86,121.94,122.03
150.0,tCal,122.81,122.88,122.96,123.04,123.12,123.2,123.28,123.36
150.0,tCal,124.1,124.19,124.26,124.34,124.42,124.49,124.56,124.64
150.0,tCal,125.35,125.43,125.51,125.57,125.65,125.72,125.8,125.87
150.0,tCal,126.56,126.63,126.7,126.77,126.84,126.91,126.98,127.05
150.0,tCal,127.71,127.78,127.84,127.91,127.98,128.04,128.11,128.18
150.0,tCal,128.82,128.88,128.95,129.01,129.08,129.14,129.21,129.27
150.0,tCal,129.89,129.95,130.01,130.08,130.13,130.19,130.26,130.32
150.0,tCal,130.9,130.97,131.01,131.08,131.14,131.2,131.26,131.31
150.0,tCal,131.88,131.93,131.99,132.05,132.11,132.16,132.22,132.28
150.0,tCal,132.81,132.87,132.93,132.99,133.04,133.1,133.15,133.21
150.0,tCal,133.72,133.76,133.82,133.87,133.92,133.98,134.03,134.08
150.0,tCal,134.58,134.63,134.68,134.73,134.78,134.84,134.88,134.93
150.0,tCal,135.4,135.45,135.5,135.56,135.6,135.65,135.69,135.74
150.0,tCal,136.19,136.24,136.29,136.33,136.38,136.42,136.47,136.52
150.0,tCal,136.94,137.0,137.03,137.08,137.13,137.17,137.21,137.25
150.0,tCal,137.66,137.71,137.76,137.79,137.84,137.88,137.93,137.96
150.0,tCal,138.36,138.39,138.44,138.48,138.52,138.56,138.6,138.64
150.0,tCal,139.01,139.06,139.09,139.13,139.17,139.21,139.24,139.28
150.0,tCal,139.64,139.68,139.72,139.76,139.79,139.84,139.86,139.9
150.0,tCal,140.24,140.27,140.31,140.35,140.38,140.42,140.44,140.48
150.0,tCal,140.81,140.85,140.89,140.92,140.95,140.98,141.02,141.05
150.0,tCal,141.37,141.4,141.43,141.46,141.5,141.53,141.56,141.59
150.0,tCal,141.89,141.92,141.96,141.98,142.0,142.04,142.07,142.1
150.0,tCal,142.38,142.42,142.43,142.47,142.5,142.53,142.55,142.58
150.0,tCal,142.85,142.88,142.91,142.94,142.97,142.99,143.02,143.04
150.0,tCal,143.3,143.33,143.36,143.38,143.41,143.44,143.46,143.48
150.0,tCal,143.73,143.76,143.79,143.81,143.83,143.86,143.89,143.91
150.0,tCal,144.14,144.17,144.19,144.21,144.24,144.26,144.28,144.31
150.0,tCal,144.53,144.55,144.57,144.6,144.62,144.65,144.67,144.69
150.0,tCal,144.9,144.93,144.95,144.97,144.99,145.0,145.03,145.05
150.0,tCal,145.24,145.27,145.29,145.32,145.34,145.35,145.38,145.4
150.0,tCal,145.6,145.61,145.63,145.65,145.67,145.69,145.71,145.73
150.0,tCal,145.91,145.92,145.94,145.96,145.98,146.0,146.02,146.04
150.0,tCal,146.22,146.22,146.24,146.26,146.28,146.3,146.31,146.33
150.0,tCal,146.5,146.52,146.53,146.55,146.57,146.59,146.61,146.62
150.0,tCal,146.77,146.79,146.8,146.82,146.84,146.86,146.87,146.89
150.0,tCal,147.03,147.05,147.06,147.07,147.09,147.11,147.13,147.13
150.0,tCal,147.28,147.29,147.31,147.33,147.34,147.34,147.37,147.38
150.0,tCal,147.51,147.52,147.53,147.54,147.56,147.58,147.59,147.61
150.0,tCal,147.73,147.75,147.75,147.77,147.78,147.79,147.81,147.82
150.0,tCal,147.94,147.95,147.96,147.97,147.99,147.99,148.01,148.03
150.0,tCal,148.14,148.15,148.16,148.17,148.18,148.19,148.21,148.22
150.0,tCal,148.32,148.34,148.34,148.35,148.36,148.37,148.38,148.4
150.0,tCal,148.49,148.51,148.52,148.53,148.54,148.55,148.56,148.58
150.0,tCal,148.66,148.68,148.68,148.7,148.7,148.71,148.72,148.73
150.0,tCal,148.82,148.83,148.84,148.85,148.86,148.87,148.88,148.88
150.0,tCal,148.97,148.98,148.98,148.99,149.0,149.02,149.01,149.03
150.0,tCal,149.1,149.12,149.12,149.13,149.14,149.14,149.16,149.16
150.0,tCal,149.24,149.24,149.25,149.25,149.26,149.28,149.27,149.28
150.0,tCal,149.35,149.36,149.37,149.38,149.39,149.39,149.4,149.41
150.0,tCal,149.47,149.47,149.48,149.48,149.49,149.5,149.5,149.51
150.0,tCal,149.57,149.57,149.58,149.59,149.59,149.6,149.61,149.61
150.0,tCal,149.67,149.68,149.68,149.7,149.7,149.7,149.71,149.71
150.0,tCal,149.77,149.78,149.78,149.78,149.79,149.79,149.8,149.8
150.0,tCal,149.86,149.86,149.86,149.87,149.87,149.88,149.89,149.89
150.0,tCal,149.93,149.95,149.95,149.96,149.97,149.97,149.98,149.97
150.0,tCal,150.03,150.02,150.03,150.03,150.04,150.04,150.05,150.05
150.0,tCal,150.1,150.1,150.11,150.11,150.12,150.12,150.13,150.13
150.0,tCal,150.17,150.18,150.18,150.18,150.18,150.19,150.19,150.2
150.0,tCal,150.23,150.23,150.24,150.25,150.25,150.25,150.25,150.26
150.0,tCal,150.29,150.31,150.3,150.31,150.31,150.31,150.32,150.32
150.0,tCal,150.35,150.35,150.36,150.36,150.36,150.37,150.37,150.38
150.0,tCal,150.41,150.4,150.41,150.41,150.42,150.42,150.42,150.42
150.0,tCal,150.45,150.46,150.46,150.46,150.46,150.46,150.47,150.47
150.0,tCal,150.49,150.5,150.5,150.5,150.5,150.51,150.51,150.51
150.0,tCal,150.53,150.54,150.54,150.55,150.56,150.56,150.56,150.55
150.0,tCal,150.57,150.58,150.58,150.59,150.59,150.59,150.6,150.59
150.0,tCal,150.62,150.62,150.62,150.63,150.63,150.62,150.63,150.63
150.0,tCal,150.66,150.65,150.66,150.66,150.66,150.67,150.66,150.66
150.0,tCal,150.68,150.68,150.69,150.69,150.69,150.7,150.7,150.69
150.0,tCal,150.71,150.71,150.72,150.72,150.72,150.72,150.72,150.72
150.0,tCal,150.74,150.74,150.74,150.75,150.75,150.75,150.75,150.75
150.0,tCal,150.76,150.77,150.77,150.77,150.76,150.77,150.77,150.78
150.0,tCal,150.79,150.78,150.79,150.79,150.79,150.79,150.8,150.79
150.0,tCal,150.81,150.81,150.82,150.82,150.81,150.81,150.81,150.82
150.0,tCal,150.83,150.83,150.83,150.83,150.83,150.83,150.83,150.83
150.0,tCal,150.84,150.84,150.85,150.85,150.84,150.85,150.84,150.85
150.0,tCal,150.85,150.84,150.85,150.86,150.85,150.86,150.86,150.85
150.0,tCal,150.86,150.87,150.87,150.87,150.87,150.87,150.87,150.87
150.0,tCal,150.88,150.87,150.88,150.88,150.88,150.88,150.89,150.88
150.0,tCal,150.88,150.88,150.89,150.89,150.9,150.89,150.89,150.9
150.0,tCal,150.9,150.91,150.9,150.9,150.91,150.91,150.91,150.91
150.0,tCal,150.92,150.92,150.92,150.92,150.93,150.92,150.92,150.92
150.0,tCal,150.93,150.93,150.93,150.93,150.93,150.94,150.93,150.94
150.0,tCal,150.94,150.93,150.94,150.93,150.94,150.94,150.94,150.94
150.0,tCal,150.94,150.94,150.94,150.94,150.94,150.94,150.95,150.94
150.0,tCal,150.95,150.95,150.95,150.95,150.95,150.96,150.95,150.95
150.0,tCal,150.95,150.95,150.95,150.95,150.95,150.95,150.95,150.95
150.0,tCal,150.95,150.95,150.95,150.95,150.95,150.95,150.95,150.95
150.0,tCal,150.95,150.95,150.95,150.95,150.95,150.95,150.95,150.95
150.0,tCal,150.96,150.96,150.96,150.96,150.96,150.96,150.96,150.96
150.0,tCal,150.95,150.96,150.96,150.96,150.95,150.95,150.96,150.96
150.0,tCal,150.96,150.96,150.96,150.96,150.97,150.96,150.96,150.96
150.0,tCal,150.96,150.97,150.97,150.97,150.96,150.96,150.96,150.96
150.0,tCal,150.96,150.96,150.97,150.96,150.97,150.96,150.97,150.96
150.0,tCal,150.96,150.96,150.97,150.97,150.97,150.97,150.97,150.97
150.0,tCal,150.97,150.97,150.97,150.97,150.96,150.97,150.97,150.96
150.0,tCal,150.96,150.97,150.96,150.97,150.97,150.96,150.96,150.97
150.0,tCal,150.96,150.97,150.96,150.96,150.96,150.97,150.97,150.96
150.0,tCal,150.97,150.96,150.96,150.97,150.96,150.96,150.96,150.96
150.0,tCal,150.97,150.97,150.97,150.97,150.96,150.97,150.97,150.96
150.0,tCal,150.96,150.97,150.96,150.96,150.96,150.95,150.96,150.96
150.0,tCal,150.96,150.96,150.96,150.96,150.96,150.96,150.96,150.96
150.0,tCal,150.96,150.96,150.96,150.96,150.96,150.97,150.96,150.97
150.0,tCal,150.96,150.96,150.95,150.96,150.95,150.96,150.95,150.96
150.0,tCal,150.95,150.95,150.95,150.95,150.95,150.95,150.95,150.95
150.0,tCal,150.95,150.95,150.95,150.95,150.95,150.95,150.95,150.94
150.0,tCal,150.94,150.94,150.94,150.94,150.94,150.94,150.95,150.94
150.0,tCal,150.94,150.94,150.94,150.94,150.94,150.94,150.94,150.94
150.0,tCal,150.94,150.94,150.94,150.94,150.94,150.94,150.94,150.94
150.0,tCal,150.93,150.94,150.95,150.95,150.94,150.94,150.94,150.95
150.0,tCal,150.94,150.95,150.94,150.95,150.94,150.95,150.94,150.94
150.0,tCal,150.93,150.94,150.94,150.94,150.93,150.94,150.93,150.94
150.0,tCal,150.94,150.94,150.93,150.94,150.93,150.94,150.94,150.94
150.0,tCal,150.94,150.93,150.93,150.94,150.93,150.94,150.93,150.92
150.0,tCal,150.93,150.93,150.93,150.93,150.93,150.93,150.93,150.93
150.0,tCal,150.92,150.93,150.92,150.93,150.92,150.92,150.92,150.92
150.0,tCal,150.92,150.93,150.92,150.93,150.93,150.92,150.93,150.93
150.0,tCal,150.92,150.92,150.93,150.93,150.92,150.93,150.93,150.93
150.0,tCal,150.93,150.92,150.93,150.93,150.93,150.93,150.93,150.93
150.0,tCal,150.92,150.92,150.92,150.92,150.92,150.92,150.93,150.92
150.0,tCal,150.91,150.91,150.91,150.91,150.91,150.91,150.92,150.91
150.0,tCal,150.91,150.92,150.91,150.9,150.91,150.91,150.91,150.9
150.0,tCal,150.9,150.9,150.9,150.9,150.91,150.91,150.91,150.91
150.0,tCal,150.91,150.91,150.91,150.9,150.9,150.91,150.9,150.91
150.0,tCal,150.89,150.9,150.9,150.9,150.9,150.89,150.9,150.89
150.0,tCal,150.89,150.9,150.9,150.89,150.9,150.89,150.89,150.89
150.0,tCal,150.89,150.89,150.89,150.9,150.9,150.9,150.89,150.9
150.0,tCal,150.89,150.89,150.89,150.88,150.89,150.9,150.89,150.89
150.0,tCal,150.89,150.89,150.89,150.88,150.89,150.89,150.88,150.89
150.0,tCal,150.88,150.89,150.89,150.88,150.88,150.89,150.88,150.88
150.0,tCal,150.89,150.88,150.88,150.89,150.89,150.88,150.89,150.89
150.0,tCal,150.88,150.88,150.88,150.88,150.89,150.88,150.89,150.89
150.0,tCal,150.88,150.88,150.88,150.88,150.88,150.88,150.89,150.89
150.0,tCal,150.88,150.88,150.88,150.88,150.88,150.88,150.87,150.88
150.0,tCal,150.87,150.87,150.87,150.87,150.87,150.88,150.87,150.87
150.0,tCal,150.87,150.87,150.87,150.87,150.87,150.87,150.87,150.87
150.0,tCal,150.87,150.87,150.87,150.88,150.87,150.87,150.87,150.87
150.0,tCal,150.87,150.87,150.87,150.86,150.87,150.87,150.87,150.87
150.0,tCal,150.87,150.87,150.87,150.87,150.87,150.87,150.87,150.87
150.0,tCal,150.86,150.86,150.87,150.87,150.87,150.87,150.87,150.87
150.0,tCal,150.86,150.87,150.86,150.87,150.86,150.87,150.87,150.86
150.0,tCal,150.87,150.86,150.87,150.87,150.86,150.86,150.86,150.86
150.0,tCal,150.86,150.86,150.86,150.87,150.86,150.86,150.87,150.87
150.0,tCal,150.86,150.86,150.86,150.86,150.87,150.87,150.87,150.86
150.0,tCal,150.87,150.87,150.87,150.87,150.86,150.86,150.86,150.87
150.0,tCal,150.85,150.86,150.86,150.86,150.86,150.86,150.85,150.86
150.0,tCal,150.85,150.86,150.85,150.85,150.86,150.86,150.85,150.86
150.0,tCal,150.85,150.86,150.86,150.86,150.86,150.86,150.86,150.86
150.0,tCal,150.85,150.85,150.85,150.86,150.86,150.85,150.86,150.85
150.0,tCal,150.85,150.86,150.86,150.85,150.85,150.85,150.85,150.85
150.0,tCal,150.85,150.85,150.85,150.86,150.85,150.86,150.85,150.85
150.0,tCal,150.85,150.85,150.85,150.84,150.85,150.84,150.85,150.84
150.0,tCal,150.85,150.85,150.84,150.85,150.85,150.85,150.84,150.84
150.0,tCal,150.83,150.83,150.84,150.84,150.84,150.84,150.84,150.84
150.0,tCal,150.84,150.84,150.84,150.84,150.84,150.84,150.84,150.84
150.0,tCal,150.84,150.84,150.84,150.83,150.84,150.84,150.84,150.84
150.0,tCal,150.83,150.84,150.84,150.84,150.84,150.83,150.84,150.83
150.0,tCal,150.84,150.83,150.84,150.83,150.84,150.83,150.83,150.83
150.0,tCal,150.84,150.84,150.84,150.84,150.84,150.84,150.84,150.84
150.0,tCal,150.84,150.84,150.84,150.84,150.84,150.84,150.84,150.84
150.0,tCal,150.83,150.83,150.83,150.83,150.83,150.83,150.84,150.83
150.0,tCal,150.84,150.83,150.83,150.84,150.83,150.83,150.83,150.84
150.0,tCal,150.84,150.83,150.83,150.83,150.83,150.84,150.83,150.83
150.0,tCal,150.83,150.83,150.83,150.83,150.83,150.83,150.83,150.83
150.0,tCal,150.83,150.83,150.83,150.82,150.82,150.83,150.83,150.83
150.0,tCal,150.82,150.82,150.82,150.82,150.82,150.83,150.82,150.82
150.0,tCal,150.83,150.82,150.82,150.82,150.82,150.82,150.82,150.83
150.0,tCal,150.81,150.83,150.82,150.82,150.82,150.81,150.83,150.82
150.0,tCal,150.82,150.83,150.82,150.82,150.83,150.82,150.82,150.83
150.0,tCal,150.82,150.82,150.83,150.83,150.82,150.82,150.83,150.83
150.0,tCal,150.82,150.82,150.82,150.82,150.82,150.82,150.82,150.81
150.0,tCal,150.82,150.82,150.82,150.82,150.82,150.83,150.82,150.82
150.0,tCal,150.82,150.82,150.82,150.82,150.82,150.82,150.82,150.82
150.0,tCal,150.81,150.82,150.82,150.82,150.81,150.82,150.81,150.82
150.0,tCal,150.82,150.82,150.82,150.82,150.81,150.81,150.82,150.81
150.0,tCal,150.82,150.82,150.81,150.82,150.82,150.82,150.82,150.82
150.0,tCal,150.82,150.82,150.82,150.82,150.82,150.82,150.82,150.82
150.0,tCal,150.81,150.81,150.81,150.82,150.82,150.81,150.81,150.81
150.0,tCal,150.82,150.82,150.81,150.81,150.81,150.81,150.81,150.81
150.0,tCal,150.81,150.81,150.81,150.81,150.81,150.81,150.81,150.81
150.0,tCal,150.81,150.81,150.81,150.81,150.81,150.81,150.81,150.81
150.0,tCal,150.82,150.82,150.82,150.81,150.81,150.81,150.81,150.81
150.0,tCal,150.82,150.81,150.81,150.81,150.82,150.81,150.82,150.82
150.0,tCal,150.81,150.82,150.81,150.81,150.8,150.81,150.81,150.81
150.0,tCal,150.8,150.8,150.8,150.81,150.81,150.81,150.81,150.81
150.0,tCal,150.81,150.81,150.81,150.82,150.81,150.8,150.81,150.81
150.0,tCal,150.8,150.81,150.8,150.8,150.8,150.8,150.8,150.8
150.0,tCal,150.8,150.81,150.8,150.81,150.8,150.8,150.8,150.81
150.0,tCal,150.81,150.81,150.81,150.82,150.81,150.81,150.8,150.81
150.0,tCal,150.79,150.8,150.8,150.8,150.81,150.8,150.81,150.8
150.0,tCal,150.81,150.81,150.8,150.8,150.81,150.81,150.8,150.81
150.0,tCal,150.81,150.81,150.81,150.81,150.81,150.81,150.8,150.8
150.0,tCal,150.8,150.81,150.81,150.8,150.81,150.8,150.81,150.81
150.0,tCal,150.81,150.81,150.81,150.81,150.8,150.81,150.81,150.81
150.0,tCal,150.81,150.81,150.81,150.8,150.81,150.81,150.81,150.81
150.0,tCal,150.8,150.8,150.8,150.81,150.8,150.8,150.81,150.81
150.0,tCal,150.81,150.81,150.81,150.81,150.81,150.81,150.81,150.81
150.0,tCal,150.82,150.8,150.8,150.8,150.81,150.81,150.81,150.8
150.0,tCal,150.81,150.81,150.8,150.8,150.8,150.81,150.81,150.81
150.0,tCal,150.8,150.8,150.8,150.8,150.81,150.8,150.8,150.8
150.0,tCal,150.81,150.81,150.8,150.81,150.81,150.8,150.79,150.81
150.0,tCal,150.81,150.81,150.8,150.81,150.8,150.81,150.8,150.81
150.0,tCal,150.8,150.8,150.81,150.81,150.82,150.81,150.81,150.81
250.0,tCal,150.82,150.8,150.81,150.81,150.81,150.81,150.81,150.81
250.0,tCal,150.82,150.82,150.81,150.82,150.82,150.82,150.81,150.82
250.0,tCal,150.85,150.85,150.86,150.87,150.88,150.89,150.9,150.91
250.0,tCal,151.03,151.04,151.05,151.08,151.1,151.12,151.15,151.17
250.0,tCal,151.41,151.44,151.47,151.5,151.54,151.57,151.6,151.63
250.0,tCal,152.03,152.07,152.11,152.16,152.21,152.26,152.3,152.36
250.0,tCal,152.9,152.95,153.02,153.09,153.15,153.21,153.27,153.34
250.0,tCal,154.01,154.08,154.15,154.23,154.3,154.38,154.45,154.54
250.0,tCal,155.35,155.44,155.53,155.62,155.71,155.81,155.9,155.99
250.0,tCal,156.93,157.02,157.12,157.22,157.33,157.43,157.53,157.64
250.0,tCal,158.69,158.81,158.92,159.04,159.15,159.27,159.39,159.51
250.0,tCal,160.67,160.8,160.94,161.06,161.19,161.31,161.44,161.57
250.0,tCal,162.84,162.97,163.11,163.25,163.38,163.52,163.67,163.82
250.0,tCal,165.18,165.33,165.47,165.62,165.78,165.92,166.08,166.23
250.0,tCal,167.77,167.93,168.09,168.26,168.42,168.59,168.75,168.92
250.0,tCal,170.56,170.73,170.9,171.07,171.24,171.41,171.58,171.75
250.0,tCal,173.38,173.54,173.72,173.88,174.05,174.22,174.38,174.55
250.0,tCal,176.15,176.32,176.49,176.65,176.82,176.99,177.15,177.32
250.0,tCal,178.88,179.03,179.19,179.35,179.52,179.68,179.83,179.99
250.0,tCal,181.54,181.7,181.86,182.02,182.17,182.32,182.49,182.65
250.0,tCal,184.17,184.32,184.48,184.65,184.8,184.95,185.11,185.27
250.0,tCal,186.76,186.92,187.07,187.22,187.38,187.53,187.69,187.85
250.0,tCal,189.32,189.47,189.62,189.77,189.92,190.08,190.22,190.38
250.0,tCal,191.83,191.99,192.14,192.29,192.43,192.59,192.74,192.89
250.0,tCal,194.31,194.46,194.6,194.75,194.89,195.04,195.18,195.33
250.0,tCal,196.72,196.87,197.01,197.15,197.3,197.44,197.58,197.73
250.0,tCal,199.07,199.22,199.35,199.5,199.63,199.77,199.91,200.06
250.0,tCal,201.35,201.48,201.62,201.75,201.89,202.02,202.14,202.29
250.0,tCal,203.57,203.69,203.82,203.95,204.08,204.21,204.34,204.47
250.0,tCal,205.7,205.84,205.97,206.09,206.22,206.34,206.47,206.59
250.0,tCal,207.78,207.89,208.01,208.15,208.26,208.38,208.5,208.62
250.0,tCal,209.78,209.9,210.02,210.13,210.25,210.36,210.49,210.6
250.0,tCal,211.72,211.84,211.95,212.07,212.18,212.29,212.4,212.51
250.0,tCal,213.59,213.7,213.82,213.92,214.03,214.14,214.26,214.37
250.0,tCal,215.4,215.52,215.62,215.72,215.83,215.93,216.04,216.14
250.0,tCal,217.14,217.25,217.34,217.45,217.55,217.65,217.75,217.85
250.0,tCal,218.83,218.93,219.03,219.12,219.23,219.33,219.42,219.52
250.0,tCal,220.45,220.54,220.63,220.73,220.82,220.91,221.0,221.1
250.0,tCal,221.98,222.07,222.16,222.26,222.35,222.44,222.53,222.62
250.0,tCal,223.46,223.55,223.64,223.72,223.81,223.89,223.98,224.06
250.0,tCal,224.89,224.97,225.06,225.14,225.23,225.3,225.38,225.47
250.0,tCal,226.26,226.34,226.43,226.51,226.59,226.66,226.74,226.83
250.0,tCal,227.57,227.66,227.73,227.8,227.88,227.96,228.04,228.11
250.0,tCal,228.84,228.9,228.99,229.06,229.13,229.2,229.27,229.35
250.0,tCal,230.04,230.11,230.19,230.26,230.33,230.39,230.46,230.54
250.0,tCal,231.19,231.26,231.33,231.4,231.46,231.54,231.6,231.67
250.0,tCal,232.29,232.36,232.42,232.49,232.55,232.61,232.68,232.74
250.0,tCal,233.34,233.41,233.48,233.54,233.6,233.66,233.73,233.78
250.0,tCal,234.36,234.41,234.47,234.52,234.59,234.64,234.7,234.76
250.0,tCal,235.3,235.36,235.42,235.48,235.53,235.59,235.64,235.7
250.0,tCal,236.22,236.28,236.33,236.38,236.43,236.48,236.54,236.59
250.0,tCal,237.09,237.14,237.2,237.25,237.3,237.36,237.4,237.45
250.0,tCal,237.92,237.97,238.03,238.08,238.12,238.17,238.23,238.27
250.0,tCal,238.71,238.77,238.82,238.86,238.91,238.96,239.0,239.05
250.0,tCal,239.48,239.52,239.56,239.61,239.65,239.7,239.73,239.78
250.0,tCal,240.19,240.24,240.27,240.31,240.35,240.39,240.43,240.48
250.0,tCal,240.86,240.9,240.94,240.97,241.01,241.06,241.1,241.15
250.0,tCal,241.5,241.54,241.58,241.61,241.65,241.69,241.73,241.75
250.0,tCal,242.1,242.15,242.18,242.22,242.25,242.29,242.32,242.35
250.0,tCal,242.68,242.72,242.75,242.79,242.82,242.86,242.89,242.92
250.0,tCal,243.24,243.27,243.3,243.34,243.36,243.4,243.43,243.46
250.0,tCal,243.75,243.78,243.81,243.84,243.87,243.9,243.94,243.96
250.0,tCal,244.25,244.28,244.3,244.33,244.36,244.39,244.41,244.44
250.0,tCal,244.71,244.74,244.76,244.79,244.82,244.85,244.87,244.9
250.0,tCal,245.15,245.18,245.21,245.23,245.26,245.28,245.31,245.33
250.0,tCal,245.57,245.59,245.62,245.64,245.67,245.69,245.71,245.74
250.0,tCal,245.96,245.98,246.0,246.04,246.05,246.07,246.09,246.12
250.0,tCal,246.33,246.35,246.37,246.4,246.42,246.44,246.46,246.48
250.0,tCal,246.68,246.7,246.73,246.74,246.76,246.78,246.8,246.82
250.0,tCal,247.01,247.03,247.06,247.06,247.09,247.11,247.13,247.15
250.0,tCal,247.33,247.34,247.36,247.37,247.39,247.41,247.43,247.44
250.0,tCal,247.61,247.62,247.63,247.65,247.67,247.69,247.7,247.72
250.0,tCal,247.88,247.9,247.91,247.92,247.94,247.96,247.97,247.98
250.0,tCal,248.13,248.14,248.16,248.18,248.19,248.21,248.23,248.24
250.0,tCal,248.38,248.39,248.4,248.41,248.43,248.44,248.46,248.48
250.0,tCal,248.61,248.62,248.63,248.65,248.67,248.68,248.69,248.7
250.0,tCal,248.83,248.84,248.86,248.87,248.88,248.9,248.91,248.92
250.0,tCal,249.04,249.05,249.06,249.07,249.08,249.09,249.1,249.11
250.0,tCal,249.22,249.23,249.25,249.25,249.26,249.27,249.28,249.29
250.0,tCal,249.39,249.39,249.4,249.41,249.42,249.43,249.43,249.44
250.0,tCal,249.53,249.55,249.55,249.56,249.57,249.58,249.59,249.61
250.0,tCal,249.69,249.71,249.71,249.72,249.73,249.73,249.73,249.75
250.0,tCal,249.83,249.84,249.85,249.86,249.87,249.87,249.87,249.88
250.0,tCal,249.96,249.97,249.98,249.99,249.99,250.0,250.0,250.01
250.0,tCal,250.09,250.1,250.1,250.11,250.12,250.13,250.13,250.14
250.0,tCal,250.21,250.22,250.22,250.23,250.24,250.24,250.25,250.26
250.0,tCal,250.32,250.32,250.33,250.34,250.35,250.35,250.35,250.37
250.0,tCal,250.42,250.43,250.43,250.44,250.44,250.45,250.46,250.46
250.0,tCal,250.51,250.51,250.52,250.52,250.53,250.53,250.53,250.53
250.0,tCal,250.58,250.58,250.6,250.59,250.6,250.61,250.61,250.62
250.0,tCal,250.66,250.66,250.67,250.68,250.68,250.68,250.68,250.68
250.0,tCal,250.71,250.72,250.72,250.73,250.74,250.74,250.73,250.75
250.0,tCal,250.77,250.77,250.79,250.78,250.79,250.79,250.8,250.8
250.0,tCal,250.84,250.84,250.85,250.85,250.86,250.86,250.86,250.87
250.0,tCal,250.89,250.89,250.89,250.89,250.9,250.9,250.91,250.91
250.0,tCal,250.93,250.94,250.94,250.94,250.95,250.95,250.95,250.95
250.0,tCal,250.98,250.98,250.98,250.99,250.99,250.99,251.0,251.0
250.0,tCal,251.02,251.02,251.03,251.04,251.03,251.04,251.04,251.04
250.0,tCal,251.06,251.06,251.06,251.06,251.07,251.07,251.07,251.07
250.0,tCal,251.09,251.09,251.09,251.09,251.09,251.1,251.1,251.1
250.0,tCal,251.12,251.13,251.12,251.12,251.12,251.13,251.13,251.13
250.0,tCal,251.15,251.15,251.16,251.15,251.16,251.16,251.16,251.15
250.0,tCal,251.18,251.17,251.17,251.17,251.17,251.17,251.18,251.18
250.0,tCal,251.19,251.19,251.19,251.19,251.19,251.2,251.2,251.2
250.0,tCal,251.2,251.2,251.21,251.22,251.21,251.21,251.21,251.22
250.0,tCal,251.23,251.22,251.23,251.23,251.23,251.24,251.23,251.23
250.0,tCal,251.22,251.23,251.23,251.23,251.23,251.23,251.24,251.24
250.0,tCal,251.23,251.24,251.23,251.24,251.24,251.24,251.24,251.24
250.0,tCal,251.24,251.24,251.24,251.24,251.24,251.24,251.24,251.24
250.0,tCal,251.25,251.25,251.25,251.25,251.26,251.25,251.25,251.25
250.0,tCal,251.26,251.26,251.26,251.26,251.26,251.26,251.25,251.26
250.0,tCal,251.26,251.27,251.26,251.27,251.26,251.27,251.27,251.26
250.0,tCal,251.26,251.26,251.25,251.26,251.26,251.26,251.26,251.26
250.0,tCal,251.26,251.26,251.25,251.26,251.25,251.26,251.26,251.25
250.0,tCal,251.25,251.25,251.25,251.25,251.25,251.25,251.25,251.26
250.0,tCal,251.25,251.24,251.24,251.25,251.25,251.26,251.25,251.25
250.0,tCal,251.24,251.24,251.24,251.25,251.25,251.25,251.24,251.25
250.0,tCal,251.25,251.25,251.24,251.24,251.24,251.24,251.23,251.24
250.0,tCal,251.24,251.24,251.24,251.24,251.23,251.24,251.24,251.25
250.0,tCal,251.24,251.24,251.24,251.24,251.23,251.24,251.24,251.23
250.0,tCal,251.24,251.24,251.23,251.22,251.23,251.22,251.23,251.22
250.0,tCal,251.23,251.22,251.22,251.22,251.22,251.22,251.22,251.22
250.0,tCal,251.22,251.21,251.23,251.22,251.21,251.22,251.21,251.21
250.0,tCal,251.2,251.2,251.2,251.2,251.2,251.2,251.21,251.2
250.0,tCal,251.2,251.2,251.21,251.21,251.2,251.2,251.21,251.2
250.0,tCal,251.2,251.2,251.2,251.2,251.19,251.2,251.2,251.2
250.0,tCal,251.19,251.19,251.19,251.18,251.18,251.18,251.19,251.19
250.0,tCal,251.18,251.19,251.19,251.19,251.19,251.18,251.18,251.18
250.0,tCal,251.17,251.18,251.18,251.18,251.18,251.19,251.18,251.18
250.0,tCal,251.17,251.18,251.18,251.18,251.18,251.17,251.17,251.17
250.0,tCal,251.16,251.16,251.16,251.17,251.17,251.16,251.17,251.16
250.0,tCal,251.15,251.15,251.15,251.15,251.14,251.14,251.15,251.14
250.0,tCal,251.13,251.14,251.14,251.13,251.13,251.12,251.13,251.13
250.0,tCal,251.13,251.12,251.13,251.13,251.13,251.12,251.12,251.12
250.0,tCal,251.13,251.13,251.12,251.12,251.12,251.12,251.12,251.12
250.0,tCal,251.12,251.13,251.13,251.12,251.12,251.13,251.12,251.12
250.0,tCal,251.11,251.11,251.11,251.12,251.12,251.12,251.12,251.11
250.0,tCal,251.11,251.12,251.12,251.11,251.11,251.11,251.11,251.11
250.0,tCal,251.11,251.11,251.11,251.11,251.11,251.11,251.11,251.11
250.0,tCal,251.1,251.1,251.09,251.11,251.1,251.1,251.1,251.1
250.0,tCal,251.09,251.09,251.1,251.09,251.09,251.08,251.08,251.08
250.0,tCal,251.08,251.09,251.08,251.08,251.08,251.08,251.08,251.08
250.0,tCal,251.08,251.08,251.07,251.06,251.07,251.07,251.07,251.07
250.0,tCal,251.06,251.06,251.06,251.06,251.06,251.06,251.06,251.06
250.0,tCal,251.05,251.05,251.06,251.05,251.05,251.05,251.05,251.05
250.0,tCal,251.05,251.06,251.06,251.05,251.05,251.05,251.04,251.05
250.0,tCal,251.04,251.04,251.04,251.04,251.04,251.04,251.03,251.04
250.0,tCal,251.04,251.04,251.04,251.03,251.04,251.03,251.04,251.03
250.0,tCal,251.02,251.02,251.01,251.01,251.02,251.01,251.02,251.01
250.0,tCal,251.01,251.01,251.0,251.01,251.01,251.01,251.01,251.01
250.0,tCal,251.01,251.01,251.01,251.0,251.01,251.01,251.01,251.0
250.0,tCal,250.99,251.0,250.99,251.0,250.99,250.99,251.0,251.0
250.0,tCal,250.99,250.99,250.99,250.98,250.98,250.98,250.98,250.98
250.0,tCal,250.98,250.98,250.99,250.99,250.99,250.98,250.99,250.98
250.0,tCal,250.97,250.97,250.97,250.97,250.98,250.97,250.97,250.98
250.0,tCal,250.98,250.97,250.97,250.97,250.96,250.97,250.97,250.97
250.0,tCal,250.97,250.97,250.96,250.97,250.96,250.97,250.96,250.97
250.0,tCal,250.95,250.96,250.96,250.95,250.96,250.96,250.96,250.96
250.0,tCal,250.95,250.95,250.95,250.96,250.95,250.94,250.95,250.94
250.0,tCal,250.95,250.96,250.95,250.95,250.95,250.95,250.95,250.95
250.0,tCal,250.95,250.94,250.94,250.94,250.94,250.94,250.94,250.95
250.0,tCal,250.93,250.93,250.94,250.93,250.93,250.93,250.93,250.94
250.0,tCal,250.92,250.93,250.93,250.93,250.92,250.93,250.92,250.93
250.0,tCal,250.92,250.92,250.92,250.92,250.92,250.92,250.92,250.92
250.0,tCal,250.92,250.93,250.91,250.91,250.91,250.91,250.92,250.92
250.0,tCal,250.92,250.91,250.91,250.91,250.91,250.91,250.91,250.92
250.0,tCal,250.91,250.92,250.92,250.91,250.92,250.92,250.91,250.92
250.0,tCal,250.92,250.92,250.93,250.92,250.92,250.91,250.92,250.92
250.0,tCal,250.92,250.91,250.91,250.91,250.91,250.91,250.92,250.92
250.0,tCal,250.91,250.91,250.9,250.9,250.89,250.89,250.89,250.89
250.0,tCal,250.9,250.91,250.9,250.89,250.9,250.9,250.89,250.89
250.0,tCal,250.88,250.88,250.88,250.89,250.89,250.89,250.89,250.89
250.0,tCal,250.88,250.89,250.88,250.88,250.88,250.89,250.88,250.88
250.0,tCal,250.88,250.88,250.89,250.88,250.89,250.88,250.88,250.88
250.0,tCal,250.88,250.88,250.89,250.88,250.89,250.88,250.89,250.89
250.0,tCal,250.88,250.88,250.89,250.88,250.88,250.88,250.88,250.89
250.0,tCal,250.88,250.88,250.88,250.87,250.88,250.88,250.88,250.88
250.0,tCal,250.87,250.87,250.88,250.88,250.87,250.87,250.87,250.87
250.0,tCal,250.87,250.87,250.87,250.87,250.86,250.86,250.87,250.86
250.0,tCal,250.86,250.86,250.87,250.87,250.87,250.87,250.88,250.88
250.0,tCal,250.87,250.86,250.86,250.86,250.86,250.86,250.86,250.86
250.0,tCal,250.87,250.88,250.87,250.87,250.88,250.87,250.87,250.87
250.0,tCal,250.87,250.87,250.87,250.87,250.87,250.88,250.87,250.86
250.0,tCal,250.87,250.86,250.86,250.86,250.86,250.87,250.86,250.87
250.0,tCal,250.88,250.87,250.88,250.87,250.87,250.86,250.87,250.87
250.0,tCal,250.87,250.87,250.87,250.87,250.87,250.86,250.87,250.87
250.0,tCal,250.86,250.86,250.86,250.86,250.86,250.86,250.86,250.86
250.0,tCal,250.86,250.85,250.85,250.85,250.86,250.85,250.85,250.85
250.0,tCal,250.86,250.85,250.85,250.85,250.86,250.86,250.86,250.86
250.0,tCal,250.86,250.86,250.86,250.86,250.86,250.86,250.85,250.85
250.0,tCal,250.85,250.85,250.86,250.85,250.85,250.86,250.86,250.85
250.0,tCal,250.85,250.85,250.85,250.85,250.85,250.86,250.86,250.86
250.0,tCal,250.85,250.84,250.84,250.84,250.84,250.85,250.84,250.85
250.0,tCal,250.85,250.84,250.84,250.84,250.84,250.84,250.84,250.85
250.0,tCal,250.84,250.84,250.84,250.84,250.84,250.84,250.84,250.83
250.0,tCal,250.84,250.84,250.84,250.83,250.84,250.84,250.84,250.83
250.0,tCal,250.83,250.84,250.84,250.84,250.83,250.84,250.83,250.84
250.0,tCal,250.84,250.84,250.85,250.84,250.84,250.84,250.84,250.84
250.0,tCal,250.84,250.84,250.84,250.85,250.84,250.84,250.84,250.84
250.0,tCal,250.83,250.84,250.84,250.84,250.84,250.83,250.84,250.84
250.0,tCal,250.84,250.84,250.84,250.84,250.84,250.85,250.85,250.85
250.0,tCal,250.84,250.83,250.84,250.84,250.84,250.83,250.83,250.83
250.0,tCal,250.84,250.83,250.84,250.84,250.84,250.84,250.84,250.84
250.0,tCal,250.82,250.83,250.83,250.83,250.83,250.83,250.82,250.82
250.0,tCal,250.82,250.82,250.83,250.83,250.82,250.82,250.82,250.82
250.0,tCal,250.82,250.83,250.82,250.82,250.82,250.82,250.82,250.82
250.0,tCal,250.83,250.83,250.83,250.82,250.83,250.83,250.83,250.83
250.0,tCal,250.82,250.83,250.82,250.82,250.83,250.83,250.83,250.83
250.0,tCal,250.82,250.83,250.83,250.83,250.82,250.83,250.82,250.82
250.0,tCal,250.82,250.81,250.83,250.83,250.83,250.83,250.82,250.82
250.0,tCal,250.82,250.82,250.82,250.82,250.82,250.83,250.83,250.82
250.0,tCal,250.82,250.81,250.82,250.82,250.82,250.82,250.82,250.82
250.0,tCal,250.82,250.82,250.83,250.82,250.82,250.82,250.82,250.83
250.0,tCal,250.82,250.82,250.82,250.82,250.82,250.82,250.82,250.82
250.0,tCal,250.81,250.82,250.82,250.82,250.82,250.83,250.82,250.83
250.0,tCal,250.82,250.83,250.82,250.82,250.81,250.81,250.82,250.82
250.0,tCal,250.81,250.82,250.82,250.82,250.82,250.82,250.82,250.82
250.0,tCal,250.82,250.83,250.82,250.82,250.82,250.82,250.82,250.82
250.0,tCal,250.83,250.82,250.82,250.82,250.83,250.82,250.82,250.82
250.0,tCal,250.82,250.83,250.83,250.83,250.83,250.83,250.83,250.83
250.0,tCal,250.83,250.83,250.83,250.83,250.83,250.83,250.82,250.82
250.0,tCal,250.83,250.81,250.82,250.82,250.81,250.82,250.81,250.81
250.0,tCal,250.82,250.83,250.82,250.82,250.83,250.82,250.82,250.83
250.0,tCal,250.82,250.83,250.84,250.83,250.83,250.83,250.83,250.83
250.0,tCal,250.83,250.81,250.81,250.82,250.81,250.82,250.82,250.81
250.0,tCal,250.81,250.82,250.82,250.82,250.82,250.82,250.82,250.82
250.0,tCal,250.81,250.82,250.82,250.82,250.83,250.82,250.82,250.82
250.0,tCal,250.82,250.82,250.82,250.82,250.82,250.82,250.82,250.82
250.0,tCal,250.81,250.81,250.81,250.81,250.81,250.81,250.82,250.81
250.0,tCal,250.81,250.81,250.81,250.8,250.81,250.81,250.81,250.81
250.0,tCal,250.81,250.81,250.81,250.8,250.8,250.8,250.8,250.8
250.0,tCal,250.8,250.8,250.81,250.8,250.81,250.81,250.81,250.81
250.0,tCal,250.8,250.81,250.81,250.8,250.81,250.82,250.81,250.81
250.0,tCal,250.81,250.81,250.81,250.81,250.82,250.82,250.82,250.82
250.0,tCal,250.82,250.81,250.81,250.82,250.81,250.81,250.82,250.81
250.0,tCal,250.81,250.8,250.8,250.82,250.81,250.81,250.81,250.8
250.0,tCal,250.81,250.8,250.8,250.81,250.8,250.81,250.81,250.81
250.0,tCal,250.81,250.81,250.81,250.81,250.81,250.81,250.8,250.8
250.0,tCal,250.8,250.8,250.8,250.81,250.8,250.81,250.81,250.81
250.0,tCal,250.8,250.81,250.81,250.81,250.81,250.81,250.81,250.81
250.0,tCal,250.8,250.8,250.8,250.8,250.81,250.81,250.8,250.8
250.0,tCal,250.8,250.81,250.81,250.81,250.81,250.82,250.81,250.81
250.0,tCal,250.81,250.81,250.81,250.82,250.81,250.81,250.82,250.81
250.0,tCal,250.81,250.81,250.82,250.81,250.81,250.81,250.81,250.81
250.0,tCal,250.8,250.81,250.81,250.8,250.81,250.8,250.8,250.81
250.0,tCal,250.81,250.81,250.81,250.8,250.8,250.8,250.8,250.81
250.0,tCal,250.81,250.8,250.8,250.81,250.81,250.81,250.81,250.81
250.0,tCal,250.81,250.8,250.8,250.8,250.81,250.81,250.81,250.81
250.0,tCal,250.81,250.81,250.81,250.81,250.81,250.81,250.81,250.81
250.0,tCal,250.82,250.81,250.81,250.81,250.81,250.81,250.81,250.81
250.0,tCal,250.8,250.8,250.8,250.79,250.79,250.8,250.8,250.79
250.0,tCal,250.8,250.79,250.8,250.8,250.8,250.8,250.8,250.81
350.0,tCal,250.8,250.79,250.79,250.79,250.8,250.8,250.79,250.8
350.0,tCal,250.79,250.8,250.8,250.81,250.81,250.81,250.81,250.81
350.0,tCal,250.86,250.87,250.87,250.89,250.9,250.91,250.92,250.94
350.0,tCal,251.08,251.11,251.13,251.15,251.17,251.2,251.22,251.24
350.0,tCal,251.52,251.56,251.59,251.62,251.67,251.71,251.75,251.78
350.0,tCal,252.22,252.27,252.32,252.38,252.43,252.48,252.53,252.59
350.0,tCal,253.18,253.24,253.3,253.37,253.43,253.5,253.58,253.64
350.0,tCal,254.36,254.46,254.53,254.62,254.7,254.77,254.87,254.95
350.0,tCal,255.81,255.91,256.0,256.1,256.18,256.28,256.37,256.47
350.0,tCal,257.45,257.55,257.66,257.77,257.87,257.98,258.09,258.2
350.0,tCal,259.29,259.41,259.52,259.64,259.76,259.87,260.0,260.12
350.0,tCal,261.31,261.44,261.57,261.7,261.83,261.96,262.09,262.22
350.0,tCal,263.51,263.65,263.79,263.92,264.06,264.2,264.34,264.49
350.0,tCal,265.86,266.0,266.14,266.29,266.44,266.58,266.73,266.88
350.0,tCal,268.35,268.51,268.67,268.81,268.96,269.12,269.27,269.43
350.0,tCal,270.96,271.12,271.29,271.45,271.6,271.77,271.93,272.1
350.0,tCal,273.71,273.89,274.06,274.23,274.4,274.57,274.75,274.92
350.0,tCal,276.56,276.73,276.9,277.08,277.24,277.41,277.58,277.76
350.0,tCal,279.37,279.54,279.71,279.87,280.04,280.2,280.37,280.54
350.0,tCal,282.11,282.27,282.43,282.6,282.75,282.92,283.08,283.23
350.0,tCal,284.77,284.92,285.08,285.23,285.39,285.55,285.7,285.85
350.0,tCal,287.33,287.49,287.63,287.79,287.93,288.08,288.23,288.37
350.0,tCal,289.81,289.95,290.1,290.25,290.39,290.55,290.69,290.84
350.0,tCal,292.24,292.39,292.53,292.67,292.81,292.96,293.1,293.25
350.0,tCal,294.61,294.76,294.9,295.04,295.17,295.31,295.45,295.6
350.0,tCal,296.93,297.07,297.2,297.34,297.48,297.62,297.75,297.89
350.0,tCal,299.2,299.34,299.48,299.61,299.74,299.87,300.0,300.14
350.0,tCal,301.41,301.53,301.66,301.79,301.92,302.05,302.17,302.31
350.0,tCal,303.55,303.68,303.81,303.93,304.06,304.19,304.3,304.44
350.0,tCal,305.62,305.74,305.86,305.99,306.11,306.24,306.36,306.47
350.0,tCal,307.64,307.75,307.88,307.99,308.11,308.23,308.36,308.47
350.0,tCal,309.58,309.69,309.81,309.92,310.04,310.15,310.26,310.38
350.0,tCal,311.45,311.57,311.68,311.8,311.91,312.02,312.13,312.23
350.0,tCal,313.3,313.4,313.51,313.61,313.72,313.83,313.93,314.04
350.0,tCal,315.06,315.17,315.28,315.38,315.49,315.59,315.7,315.79
350.0,tCal,316.79,316.89,317.0,317.09,317.19,317.29,317.4,317.5
350.0,tCal,318.47,318.57,318.67,318.76,318.86,318.96,319.05,319.15
350.0,tCal,320.08,320.17,320.25,320.34,320.44,320.54,320.63,320.73
350.0,tCal,321.62,321.72,321.8,321.9,321.99,322.08,322.17,322.26
350.0,tCal,323.11,323.2,323.29,323.38,323.46,323.56,323.64,323.72
350.0,tCal,324.55,324.63,324.71,324.8,324.89,324.96,325.04,325.13
350.0,tCal,325.92,326.0,326.08,326.15,326.23,326.31,326.39,326.47
350.0,tCal,327.23,327.31,327.38,327.47,327.54,327.61,327.69,327.77
350.0,tCal,328.51,328.6,328.67,328.74,328.81,328.89,328.96,329.03
350.0,tCal,329.73,329.81,329.87,329.95,330.02,330.1,330.17,330.24
350.0,tCal,330.9,330.97,331.05,331.11,331.17,331.24,331.32,331.38
350.0,tCal,332.01,332.08,332.15,332.21,332.27,332.34,332.4,332.48
350.0,tCal,333.09,333.15,333.21,333.28,333.34,333.41,333.47,333.53
350.0,tCal,334.11,334.18,334.24,334.3,334.36,334.41,334.47,334.53
350.0,tCal,335.09,335.14,335.2,335.25,335.3,335.36,335.42,335.48
350.0,tCal,336.01,336.07,336.12,336.18,336.24,336.29,336.33,336.38
350.0,tCal,336.89,336.94,337.0,337.06,337.1,337.15,337.21,337.25
350.0,tCal,337.74,337.79,337.84,337.89,337.94,337.99,338.04,338.08
350.0,tCal,338.54,338.58,338.64,338.68,338.73,338.77,338.82,338.87
350.0,tCal,339.31,339.35,339.4,339.44,339.48,339.52,339.57,339.61
350.0,tCal,340.01,340.06,340.11,340.15,340.18,340.23,340.26,340.31
350.0,tCal,340.71,340.74,340.78,340.83,340.86,340.9,340.94,340.98
350.0,tCal,341.36,341.4,341.44,341.48,341.52,341.56,341.59,341.63
350.0,tCal,341.98,342.03,342.06,342.09,342.14,342.16,342.21,342.23
350.0,tCal,342.58,342.61,342.64,342.67,342.71,342.74,342.77,342.81
350.0,tCal,343.13,343.17,343.2,343.23,343.27,343.29,343.33,343.37
350.0,tCal,343.66,343.69,343.73,343.76,343.79,343.82,343.84,343.87
350.0,tCal,344.15,344.18,344.22,344.24,344.27,344.29,344.33,344.35
350.0,tCal,344.62,344.64,344.67,344.7,344.73,344.76,344.78,344.81
350.0,tCal,345.06,345.08,345.12,345.14,345.15,345.19,345.22,345.24
350.0,tCal,345.48,345.5,345.52,345.55,345.57,345.6,345.62,345.64
350.0,tCal,345.87,345.9,345.92,345.95,345.97,346.0,346.02,346.04
350.0,tCal,346.25,346.27,346.29,346.32,346.33,346.36,346.38,346.4
350.0,tCal,346.6,346.62,346.64,346.67,346.67,346.7,346.72,346.74
350.0,tCal,346.92,346.94,346.97,346.99,347.01,347.02,347.04,347.06
350.0,tCal,347.23,347.24,347.26,347.28,347.3,347.32,347.34,347.35
350.0,tCal,347.51,347.54,347.55,347.56,347.58,347.6,347.61,347.62
350.0,tCal,347.79,347.81,347.82,347.84,347.85,347.87,347.89,347.91
350.0,tCal,348.03,348.05,348.06,348.08,348.1,348.11,348.13,348.15
350.0,tCal,348.28,348.3,348.31,348.32,348.33,348.34,348.35,348.36
350.0,tCal,348.5,348.52,348.52,348.54,348.55,348.57,348.59,348.59
350.0,tCal,348.72,348.73,348.74,348.76,348.77,348.78,348.79,348.8
350.0,tCal,348.92,348.94,348.94,348.95,348.96,348.97,348.98,348.99
350.0,tCal,349.1,349.11,349.13,349.13,349.15,349.16,349.16,349.18
350.0,tCal,349.28,349.28,349.29,349.3,349.3,349.32,349.32,349.33
350.0,tCal,349.41,349.43,349.44,349.45,349.46,349.46,349.47,349.49
350.0,tCal,349.56,349.58,349.59,349.59,349.61,349.62,349.62,349.64
350.0,tCal,349.7,349.71,349.71,349.73,349.73,349.75,349.75,349.76
350.0,tCal,349.84,349.84,349.85,349.86,349.87,349.88,349.88,349.89
350.0,tCal,349.94,349.95,349.96,349.97,349.98,349.98,349.99,349.99
350.0,tCal,350.06,350.07,350.08,350.08,350.08,350.08,350.1,350.1
350.0,tCal,350.17,350.18,350.19,350.18,350.2,350.19,350.2,350.21
350.0,tCal,350.26,350.26,350.27,350.27,350.27,350.28,350.28,350.29
350.0,tCal,350.33,350.33,350.35,350.35,350.37,350.37,350.37,350.38
350.0,tCal,350.42,350.43,350.42,350.43,350.43,350.44,350.45,350.45
350.0,tCal,350.49,350.49,350.49,350.5,350.51,350.51,350.52,350.52
350.0,tCal,350.55,350.55,350.56,350.56,350.56,350.57,350.57,350.57
350.0,tCal,350.59,350.6,350.6,350.6,350.61,350.61,350.62,350.61
350.0,tCal,350.64,350.65,350.65,350.66,350.66,350.67,350.68,350.68
350.0,tCal,350.72,350.71,350.73,350.73,350.73,350.74,350.73,350.74
350.0,tCal,350.76,350.75,350.75,350.75,350.76,350.76,350.77,350.77
350.0,tCal,350.8,350.8,350.8,350.8,350.8,350.8,350.8,350.81
350.0,tCal,350.83,350.83,350.83,350.83,350.84,350.83,350.85,350.85
350.0,tCal,350.86,350.86,350.87,350.87,350.87,350.87,350.87,350.87
350.0,tCal,350.89,350.89,350.9,350.89,350.89,350.89,350.89,350.88
350.0,tCal,350.9,350.91,350.91,350.91,350.91,350.91,350.92,350.92
350.0,tCal,350.93,350.94,350.94,350.94,350.93,350.94,350.94,350.94
350.0,tCal,350.95,350.96,350.96,350.97,350.97,350.97,350.96,350.97
350.0,tCal,350.97,350.98,350.97,350.97,350.98,350.98,350.98,350.98
350.0,tCal,350.98,350.98,350.99,350.98,350.99,350.99,350.98,350.98
350.0,tCal,350.99,350.99,350.99,350.99,351.0,350.99,350.99,351.0
350.0,tCal,350.98,350.98,350.99,350.99,350.99,350.99,350.99,350.99
350.0,tCal,351.0,351.0,351.0,351.0,351.01,351.0,351.01,351.01
350.0,tCal,351.0,351.0,351.0,350.99,351.0,350.99,350.99,351.0
350.0,tCal,351.0,351.0,351.0,351.0,351.0,350.99,351.0,351.01
350.0,tCal,350.99,351.0,351.0,351.0,351.0,351.0,351.01,351.0
350.0,tCal,351.01,351.01,351.01,351.0,351.01,351.01,351.01,351.0
350.0,tCal,351.01,351.0,351.0,350.99,351.0,351.0,351.0,350.99
350.0,tCal,351.01,351.0,351.0,351.01,351.0,351.0,351.0,351.01
350.0,tCal,350.99,351.0,351.0,351.0,351.0,351.01,350.99,351.0
350.0,tCal,351.0,350.99,350.99,350.99,351.0,351.0,351.0,351.0
350.0,tCal,351.0,351.0,351.0,350.99,350.99,351.0,351.0,350.99
350.0,tCal,350.99,350.99,350.98,350.99,350.99,350.99,350.99,350.98
350.0,tCal,350.99,350.99,350.97,350.98,350.98,350.97,350.97,350.96
350.0,tCal,350.96,350.96,350.95,350.95,350.95,350.95,350.96,350.95
350.0,tCal,350.96,350.95,350.95,350.95,350.95,350.95,350.94,350.94
350.0,tCal,350.93,350.93,350.94,350.94,350.93,350.93,350.93,350.93
350.0,tCal,350.91,350.92,350.91,350.92,350.92,350.92,350.92,350.92
350.0,tCal,350.91,350.91,350.9,350.91,350.9,350.91,350.91,350.91
350.0,tCal,350.91,350.91,350.91,350.91,350.91,350.91,350.91,350.91
350.0,tCal,350.9,350.91,350.91,350.91,350.91,350.9,350.9,350.9
350.0,tCal,350.91,350.9,350.9,350.9,350.9,350.91,350.91,350.89
350.0,tCal,350.87,350.88,350.87,350.87,350.87,350.87,350.87,350.86
350.0,tCal,350.86,350.86,350.86,350.87,350.86,350.86,350.87,350.87
350.0,tCal,350.84,350.84,350.85,350.85,350.84,350.84,350.85,350.84
350.0,tCal,350.82,350.82,350.82,350.82,350.81,350.82,350.82,350.82
350.0,tCal,350.81,350.82,350.81,350.82,350.81,350.82,350.82,350.81
350.0,tCal,350.81,350.81,350.81,350.8,350.8,350.81,350.81,350.8
350.0,tCal,350.79,350.79,350.79,350.78,350.79,350.78,350.79,350.78
350.0,tCal,350.76,350.76,350.76,350.77,350.77,350.76,350.77,350.76
350.0,tCal,350.76,350.77,350.77,350.76,350.77,350.77,350.76,350.77
350.0,tCal,350.75,350.75,350.75,350.75,350.75,350.75,350.74,350.75
350.0,tCal,350.74,350.74,350.74,350.74,350.73,350.74,350.74,350.73
350.0,tCal,350.72,350.72,350.72,350.72,350.71,350.72,350.72,350.71
350.0,tCal,350.71,350.71,350.71,350.71,350.72,350.71,350.71,350.7
350.0,tCal,350.69,350.69,350.7,350.7,350.7,350.7,350.69,350.69
350.0,tCal,350.7,350.69,350.69,350.69,350.69,350.69,350.69,350.7
350.0,tCal,350.68,350.68,350.69,350.68,350.69,350.69,350.69,350.7
350.0,tCal,350.68,350.69,350.68,350.67,350.68,350.68,350.68,350.68
350.0,tCal,350.67,350.67,350.67,350.67,350.68,350.66,350.66,350.66
350.0,tCal,350.65,350.65,350.65,350.66,350.65,350.66,350.65,350.64
350.0,tCal,350.64,350.64,350.64,350.63,350.62,350.63,350.62,350.62
350.0,tCal,350.63,350.63,350.63,350.63,350.63,350.63,350.63,350.64
350.0,tCal,350.63,350.62,350.63,350.63,350.63,350.63,350.62,350.64
350.0,tCal,350.62,350.63,350.63,350.62,350.62,350.62,350.62,350.61
350.0,tCal,350.6,350.61,350.61,350.6,350.6,350.6,350.6,350.61
350.0,tCal,350.61,350.62,350.61,350.61,350.61,350.61,350.61,350.61
350.0,tCal,350.59,350.59,350.59,350.59,350.6,350.6,350.59,350.61
350.0,tCal,350.6,350.6,350.6,350.59,350.59,350.59,350.58,350.57
350.0,tCal,350.59,350.58,350.58,350.58,350.58,350.58,350.57,350.58
350.0,tCal,350.56,350.56,350.57,350.56,350.55,350.56,350.55,350.55
350.0,tCal,350.54,350.55,350.54,350.54,350.55,350.55,350.55,350.55
350.0,tCal,350.54,350.54,350.54,350.54,350.54,350.54,350.54,350.54
350.0,tCal,350.55,350.54,350.54,350.54,350.55,350.55,350.55,350.55
350.0,tCal,350.55,350.53,350.54,350.54,350.54,350.53,350.53,350.54
350.0,tCal,350.54,350.54,350.54,350.54,350.54,350.54,350.54,350.54
350.0,tCal,350.52,350.52,350.52,350.52,350.51,350.52,350.52,350.52
350.0,tCal,350.51,350.51,350.51,350.5,350.51,350.51,350.51,350.51
350.0,tCal,350.5,350.5,350.5,350.51,350.51,350.51,350.51,350.51
350.0,tCal,350.5,350.51,350.51,350.51,350.5,350.5,350.51,350.5
350.0,tCal,350.51,350.51,350.5,350.5,350.5,350.49,350.5,350.5
350.0,tCal,350.49,350.49,350.49,350.49,350.49,350.48,350.49,350.48
350.0,tCal,350.48,350.48,350.48,350.48,350.47,350.48,350.48,350.48
350.0,tCal,350.47,350.48,350.48,350.49,350.48,350.48,350.48,350.48
350.0,tCal,350.48,350.47,350.48,350.47,350.48,350.48,350.48,350.48
350.0,tCal,350.48,350.49,350.49,350.49,350.49,350.49,350.49,350.48
350.0,tCal,350.48,350.48,350.48,350.47,350.48,350.47,350.47,350.46
350.0,tCal,350.46,350.45,350.46,350.46,350.46,350.46,350.46,350.46
350.0,tCal,350.45,350.45,350.45,350.45,350.45,350.45,350.45,350.45
350.0,tCal,350.45,350.45,350.45,350.45,350.46,350.46,350.46,350.45
350.0,tCal,350.44,350.45,350.44,350.45,350.45,350.45,350.45,350.45
350.0,tCal,350.46,350.47,350.46,350.47,350.46,350.47,350.47,350.47
350.0,tCal,350.47,350.47,350.46,350.47,350.47,350.47,350.47,350.47
350.0,tCal,350.46,350.46,350.46,350.46,350.45,350.46,350.45,350.46
350.0,tCal,350.46,350.46,350.46,350.46,350.45,350.45,350.45,350.45
350.0,tCal,350.44,350.45,350.44,350.44,350.43,350.44,350.44,350.44
350.0,tCal,350.44,350.44,350.43,350.43,350.43,350.44,350.44,350.44
350.0,tCal,350.43,350.43,350.44,350.44,350.44,350.44,350.44,350.44
350.0,tCal,350.44,350.44,350.44,350.44,350.44,350.44,350.45,350.44
350.0,tCal,350.43,350.44,350.43,350.43,350.44,350.43,350.43,350.43
350.0,tCal,350.42,350.43,350.43,350.43,350.43,350.43,350.43,350.44
350.0,tCal,350.44,350.44,350.44,350.43,350.44,350.44,350.44,350.44
350.0,tCal,350.43,350.43,350.43,350.43,350.43,350.43,350.43,350.44
350.0,tCal,350.42,350.42,350.42,350.42,350.42,350.42,350.42,350.43
350.0,tCal,350.43,350.42,350.42,350.42,350.42,350.42,350.42,350.42
350.0,tCal,350.42,350.42,350.42,350.43,350.43,350.41,350.42,350.42
350.0,tCal,350.43,350.42,350.42,350.42,350.42,350.42,350.42,350.42
350.0,tCal,350.41,350.41,350.41,350.41,350.4,350.41,350.4,350.4
350.0,tCal,350.4,350.41,350.4,350.4,350.41,350.42,350.41,350.41
350.0,tCal,350.41,350.41,350.42,350.42,350.41,350.41,350.41,350.41
350.0,tCal,350.41,350.41,350.4,350.4,350.41,350.41,350.41,350.41
350.0,tCal,350.41,350.41,350.4,350.4,350.41,350.41,350.4,350.41
350.0,tCal,350.41,350.42,350.41,350.41,350.42,350.42,350.42,350.42
350.0,tCal,350.4,350.41,350.41,350.41,350.41,350.41,350.4,350.4
350.0,tCal,350.4,350.4,350.41,350.41,350.4,350.4,350.41,350.4
350.0,tCal,350.42,350.42,350.41,350.41,350.42,350.41,350.42,350.41
350.0,tCal,350.41,350.41,350.41,350.41,350.41,350.41,350.41,350.4
350.0,tCal,350.41,350.41,350.41,350.41,350.41,350.41,350.41,350.42
350.0,tCal,350.4,350.41,350.41,350.4,350.4,350.39,350.4,350.39
350.0,tCal,350.4,350.4,350.4,350.4,350.41,350.4,350.4,350.41
350.0,tCal,350.4,350.4,350.4,350.41,350.41,350.41,350.41,350.42
350.0,tCal,350.42,350.41,350.41,350.41,350.42,350.42,350.4,350.4
350.0,tCal,350.39,350.39,350.39,350.4,350.38,350.39,350.39,350.39
350.0,tCal,350.37,350.37,350.38,350.39,350.39,350.39,350.39,350.39
350.0,tCal,350.41,350.4,350.4,350.4,350.41,350.4,350.41,350.41
350.0,tCal,350.38,350.39,350.4,350.39,350.39,350.39,350.39,350.38
350.0,tCal,350.38,350.38,350.39,350.38,350.39,350.39,350.39,350.39
350.0,tCal,350.39,350.39,350.4,350.4,350.4,350.4,350.4,350.4
350.0,tCal,350.39,350.38,350.38,350.38,350.38,350.38,350.38,350.38
350.0,tCal,350.38,350.38,350.38,350.38,350.38,350.38,350.38,350.38
350.0,tCal,350.39,350.39,350.39,350.39,350.39,350.39,350.39,350.4
350.0,tCal,350.38,350.39,350.39,350.38,350.38,350.38,350.38,350.38
350.0,tCal,350.38,350.38,350.38,350.39,350.38,350.38,350.38,350.39
350.0,tCal,350.39,350.39,350.39,350.4,350.4,350.39,350.4,350.39
350.0,tCal,350.39,350.39,350.39,350.39,350.38,350.38,350.38,350.38
350.0,tCal,350.38,350.38,350.38,350.38,350.38,350.38,350.38,350.38
350.0,tCal,350.38,350.39,350.38,350.39,350.39,350.39,350.38,350.39
350.0,tCal,350.38,350.38,350.38,350.37,350.38,350.38,350.37,350.37
350.0,tCal,350.38,350.37,350.37,350.38,350.37,350.37,350.36,350.36
350.0,tCal,350.38,350.37,350.37,350.37,350.36,350.36,350.37,350.37
350.0,tCal,350.36,350.36,350.35,350.36,350.35,350.35,350.37,350.36
350.0,tCal,350.36,350.36,350.35,350.36,350.36,350.36,350.37,350.36
350.0,tCal,350.35,350.36,350.35,350.35,350.35,350.35,350.35,350.35
350.0,tCal,350.35,350.35,350.35,350.35,350.36,350.35,350.34,350.34
350.0,tCal,350.35,350.34,350.34,350.35,350.35,350.34,350.35,350.35
350.0,tCal,350.35,350.36,350.36,350.36,350.36,350.36,350.36,350.36
350.0,tCal,350.36,350.36,350.36,350.36,350.35,350.36,350.35,350.36
350.0,tCal,350.36,350.36,350.36,350.36,350.35,350.36,350.35,350.35
350.0,tCal,350.34,350.33,350.34,350.35,350.34,350.34,350.34,350.33
350.0,tCal,350.34,350.34,350.35,350.35,350.35,350.35,350.36,350.35
350.0,tCal,350.35,350.36,350.36,350.36,350.35,350.36,350.36,350.36
350.0,tCal,350.35,350.35,350.36,350.36,350.36,350.36,350.36,350.36
350.0,tCal,350.36,350.36,350.36,350.35,350.35,350.35,350.36,350.36
350.0,tCal,350.34,350.34,350.34,350.34,350.34,350.35,350.35,350.35
350.0,tCal,350.35,350.34,350.35,350.34,350.34,350.34,350.34,350.35
350.0,tCal,350.34,350.35,350.34,350.34,350.35,350.35,350.35,350.35
350.0,tCal,350.34,350.35,350.35,350.35,350.35,350.34,350.34,350.34
350.0,tCal,350.36,350.36,350.36,350.37,350.36,350.37,350.37,350.37
350.0,tCal,350.36,350.35,350.36,350.36,350.36,350.36,350.36,350.36
350.0,tCal,350.36,350.36,350.36,350.35,350.36,350.35,350.35,350.35
350.0,tCal,350.35,350.35,350.36,350.36,350.36,350.36,350.36,350.37
350.0,tCal,350.36,350.36,350.35,350.36,350.36,350.36,350.36,350.36
350.0,tCal,350.36,350.37,350.37,350.36,350.36,350.36,350.36,350.36
350.0,tCal,350.35,350.35,350.35,350.35,350.35,350.34,350.35,350.35
350.0,tCal,350.36,350.36,350.36,350.36,350.35,350.34,350.35,350.34
350.0,tCal,350.35,350.34,350.35,350.34,350.34,350.35,350.35,350.35
350.0,tCal,350.36,350.37,350.36,350.35,350.36,350.35,350.35,350.35
350.0,tCal,350.35,350.35,350.35,350.35,350.34,350.34,350.34,350.34
350.0,tCal,350.35,350.35,350.34,350.35,350.35,350.35,350.35,350.35
350.0,tCal,350.35,350.35,350.35,350.35,350.35,350.35,350.35,350.35
350.0,tCal,350.36,350.36,350.36,350.36,350.36,350.36,350.35,350.35
350.0,tCal,350.34,350.35,350.35,350.35,350.35,350.35,350.35,350.35
350.0,tCal,350.36,350.36,350.37,350.36,350.36,350.37,350.37,350.37
350.0,tCal,350.37,350.37,350.38,350.38,350.38,350.37,350.38,350.39
350.0,tCal,350.39,350.39,350.38,350.38,350.38,350.38,350.38,350.38
350.0,tCal,350.38,350.38,350.38,350.38,350.38,350.37,350.38,350.38
350.0,tCal,350.37,350.36,350.38,350.38,350.38,350.38,350.38,350.38
350.0,tCal,350.38,350.37,350.37,350.38,350.37,350.37,350.37,350.37
350.0,tCal,350.37,350.37,350.37,350.38,350.38,350.38,350.38,350.38
350.0,tCal,350.37,350.36,350.37,350.37,350.37,350.37,350.36,350.37
350.0,tCal,350.37,350.37,350.37,350.37,350.37,350.37,350.38,350.38
350.0,tCal,350.36,350.36,350.36,350.36,350.35,350.35,350.36,350.36
350.0,tCal,350.35,350.35,350.35,350.35,350.35,350.35,350.35,350.35
350.0,tCal,350.36,350.37,350.37,350.37,350.37,350.36,350.36,350.36
350.0,tCal,350.37,350.38,350.38,350.38,350.37,350.37,350.37,350.37
350.0,tCal,350.37,350.38,350.38,350.38,350.38,350.38,350.38,350.38
350.0,tCal,350.38,350.38,350.38,350.37,350.37,350.37,350.37,350.37
350.0,tCal,350.36,350.37,350.37,350.37,350.37,350.36,350.36,350.37
350.0,tCal,350.38,350.38,350.38,350.38,350.38,350.38,350.38,350.37
350.0,tCal,350.37,350.36,350.36,350.37,350.37,350.37,350.36,350.37
350.0,tCal,350.37,350.36,350.37,350.36,350.36,350.36,350.36,350.36
350.0,tCal,350.36,350.36,350.36,350.36,350.36,350.36,350.36,350.37
350.0,tCal,350.36,350.37,350.36,350.37,350.37,350.36,350.37,350.37
350.0,tCal,350.36,350.36,350.37,350.36,350.37,350.37,350.37,350.37
350.0,tCal,350.38,350.38,350.37,350.38,350.38,350.38,350.38,350.38
350.0,tCal,350.38,350.38,350.38,350.38,350.38,350.37,350.38,350.38
350.0,tCal,350.37,350.37,350.37,350.37,350.37,350.38,350.37,350.37
350.0,tCal,350.37,350.38,350.37,350.38,350.37,350.37,350.37,350.38
350.0,tCal,350.38,350.38,350.37,350.37,350.37,350.37,350.38,350.37
350.0,tCal,350.38,350.39,350.38,350.38,350.39,350.39,350.38,350.38
350.0,tCal,350.38,350.37,350.37,350.38,350.37,350.38,350.37,350.38
350.0,tCal,350.38,350.38,350.38,350.39,350.39,350.39,350.38,350.38
350.0,tCal,350.38,350.37,350.38,350.38,350.39,350.38,350.37,350.39
350.0,tCal,350.38,350.39,350.38,350.38,350.38,350.38,350.38,350.38
350.0,tCal,350.38,350.38,350.37,350.38,350.39,350.38,350.38,350.38
350.0,tCal,350.38,350.38,350.38,350.39,350.39,350.38,350.38,350.37
350.0,tCal,350.38,350.38,350.38,350.38,350.38,350.38,350.38,350.38
350.0,tCal,350.37,350.38,350.38,350.38,350.38,350.38,350.38,350.38
350.0,tCal,350.38,350.37,350.37,350.37,350.37,350.37,350.37,350.37
350.0,tCal,350.37,350.37,350.37,350.37,350.37,350.38,350.37,350.37
350.0,tCal,350.38,350.38,350.38,350.38,350.38,350.39,350.39,350.39
350.0,tCal,350.39,350.39,350.39,350.38,350.38,350.38,350.38,350.38
350.0,tCal,350.39,350.38,350.39,350.38,350.38,350.38,350.37,350.38
350.0,tCal,350.39,350.39,350.39,350.38,350.39,350.39,350.39,350.39
350.0,tCal,350.38,350.38,350.38,350.38,350.37,350.38,350.38,350.37
350.0,tCal,350.39,350.39,350.39,350.39,350.39,350.39,350.39,350.39
350.0,tCal,350.39,350.38,350.38,350.38,350.38,350.39,350.39,350.4
350.0,tCal,350.38,350.39,350.39,350.39,350.38,350.38,350.38,350.38
350.0,tCal,350.39,350.38,350.38,350.39,350.38,350.39,350.39,350.39
350.0,tCal,350.39,350.39,350.39,350.39,350.39,350.39,350.38,350.39
350.0,tCal,350.39,350.39,350.39,350.39,350.39,350.39,350.38,350.39
350.0,tCal,350.38,350.38,350.39,350.39,350.39,350.39,350.38,350.38
350.0,tCal,350.37,350.37,350.37,350.37,350.37,350.37,350.37,350.38
350.0,tCal,350.38,350.38,350.38,350.38,350.39,350.39,350.39,350.39
450.0,tCal,350.38,350.38,350.38,350.39,350.37,350.37,350.37,350.37
450.0,tCal,350.38,350.39,350.39,350.39,350.39,350.4,350.4,350.4
450.0,tCal,350.45,350.47,350.47,350.48,350.48,350.49,350.5,350.51
450.0,tCal,350.68,350.7,350.72,350.74,350.75,350.79,350.8,350.83
450.0,tCal,351.13,351.15,351.19,351.23,351.27,351.3,351.34,351.38
450.0,tCal,351.81,351.87,351.92,351.97,352.01,352.07,352.12,352.17
450.0,tCal,352.74,352.8,352.86,352.93,353.0,353.06,353.13,353.19
450.0,tCal,353.89,353.97,354.05,354.12,354.19,354.28,354.36,354.44
450.0,tCal,355.28,355.37,355.45,355.55,355.63,355.72,355.81,355.91
450.0,tCal,356.84,356.94,357.05,357.15,357.25,357.35,357.46,357.57
450.0,tCal,358.61,358.72,358.83,358.95,359.06,359.18,359.29,359.41
450.0,tCal,360.55,360.67,360.79,360.91,361.03,361.16,361.27,361.4
450.0,tCal,362.61,362.74,362.87,363.01,363.13,363.27,363.4,363.53
450.0,tCal,364.84,364.98,365.12,365.25,365.4,365.54,365.68,365.82
450.0,tCal,367.18,367.32,367.46,367.6,367.76,367.9,368.05,368.19
450.0,tCal,369.63,369.79,369.93,370.09,370.24,370.39,370.53,370.69
450.0,tCal,372.19,372.35,372.5,372.66,372.82,372.98,373.14,373.29
450.0,tCal,374.84,374.99,375.16,375.32,375.48,375.64,375.8,375.96
450.0,tCal,377.53,377.7,377.86,378.03,378.19,378.36,378.52,378.69
450.0,tCal,380.3,380.48,380.64,380.8,380.96,381.12,381.29,381.46
450.0,tCal,383.01,383.17,383.33,383.49,383.65,383.81,383.97,384.13
450.0,tCal,385.68,385.84,386.0,386.15,386.32,386.47,386.63,386.79
450.0,tCal,388.3,388.46,388.63,388.77,388.92,389.08,389.24,389.39
450.0,tCal,390.85,391.0,391.15,391.29,391.44,391.6,391.75,391.9
450.0,tCal,393.31,393.46,393.61,393.76,393.89,394.04,394.19,394.35
450.0,tCal,395.75,395.91,396.06,396.2,396.34,396.48,396.63,396.78
450.0,tCal,398.13,398.27,398.41,398.55,398.69,398.83,398.97,399.11
450.0,tCal,400.47,400.6,400.74,400.87,401.0,401.14,401.28,401.42
450.0,tCal,402.75,402.89,403.03,403.16,403.29,403.42,403.55,403.69
450.0,tCal,404.96,405.09,405.22,405.35,405.48,405.61,405.73,405.87
450.0,tCal,407.09,407.21,407.34,407.46,407.59,407.71,407.84,407.97
450.0,tCal,409.18,409.3,409.44,409.56,409.69,409.8,409.92,410.04
450.0,tCal,411.2,411.32,411.43,411.54,411.66,411.78,411.9,412.02
450.0,tCal,413.14,413.26,413.36,413.49,413.6,413.7,413.82,413.94
450.0,tCal,415.0,415.12,415.23,415.35,415.45,415.56,415.68,415.78
450.0,tCal,416.81,416.91,417.02,417.13,417.23,417.33,417.44,417.55
450.0,tCal,418.55,418.65,418.75,418.85,418.96,419.06,419.17,419.26
450.0,tCal,420.23,420.34,420.45,420.55,420.65,420.75,420.85,420.95
450.0,tCal,421.85,421.94,422.04,422.13,422.23,422.32,422.41,422.5
450.0,tCal,423.42,423.51,423.6,423.69,423.78,423.87,423.96,424.05
450.0,tCal,424.91,425.01,425.09,425.18,425.27,425.35,425.45,425.53
450.0,tCal,426.33,426.42,426.5,426.58,426.66,426.74,426.83,426.91
450.0,tCal,427.71,427.79,427.87,427.95,428.03,428.11,428.19,428.27
450.0,tCal,429.02,429.1,429.17,429.25,429.33,429.4,429.48,429.55
450.0,tCal,430.29,430.36,430.44,430.51,430.58,430.65,430.72,430.78
450.0,tCal,431.47,431.55,431.62,431.7,431.77,431.83,431.9,431.97
450.0,tCal,432.63,432.69,432.76,432.83,432.89,432.96,433.03,433.08
450.0,tCal,433.71,433.78,433.84,433.92,433.98,434.05,434.11,434.18
450.0,tCal,434.79,434.85,434.91,434.97,435.03,435.09,435.15,435.21
450.0,tCal,435.79,435.84,435.9,435.96,436.01,436.06,436.12,436.18
450.0,tCal,436.71,436.77,436.83,436.89,436.95,436.99,437.05,437.11
450.0,tCal,437.63,437.68,437.74,437.79,437.84,437.89,437.95,438.0
450.0,tCal,438.47,438.52,438.57,438.62,438.67,438.71,438.77,438.81
450.0,tCal,439.29,439.34,439.39,439.44,439.48,439.53,439.58,439.63
450.0,tCal,440.07,440.11,440.15,440.2,440.24,440.28,440.33,440.36
450.0,tCal,440.79,440.83,440.87,440.91,440.95,440.99,441.03,441.09
450.0,tCal,441.5,441.54,441.58,441.62,441.65,441.7,441.74,441.77
450.0,tCal,442.15,442.21,442.23,442.28,442.31,442.36,442.38,442.42
450.0,tCal,442.79,442.81,442.86,442.9,442.94,442.97,443.01,443.04
450.0,tCal,443.37,443.41,443.44,443.48,443.51,443.56,443.58,443.62
450.0,tCal,443.93,443.97,444.0,444.02,444.06,444.08,444.11,444.15
450.0,tCal,444.46,444.49,444.52,444.54,444.57,444.6,444.63,444.65
450.0,tCal,444.92,444.95,444.99,445.02,445.05,445.08,445.11,445.14
450.0,tCal,445.42,445.44,445.46,445.49,445.51,445.54,445.57,445.6
450.0,tCal,445.85,445.88,445.91,445.93,445.96,445.99,446.02,446.03
450.0,tCal,446.26,446.29,446.32,446.35,446.37,446.39,446.41,446.43
450.0,tCal,446.66,446.68,446.69,446.73,446.74,446.77,446.79,446.81
450.0,tCal,447.03,447.04,447.06,447.1,447.11,447.13,447.14,447.16
450.0,tCal,447.35,447.38,447.4,447.43,447.44,447.46,447.49,447.51
450.0,tCal,447.7,447.73,447.74,447.76,447.77,447.78,447.79,447.81
450.0,tCal,447.99,448.0,448.02,448.04,448.06,448.08,448.11,448.12
450.0,tCal,448.28,448.29,448.31,448.33,448.34,448.36,448.38,448.4
450.0,tCal,448.53,448.55,448.57,448.58,448.6,448.61,448.63,448.64
450.0,tCal,448.79,448.81,448.82,448.84,448.85,448.88,448.89,448.9
450.0,tCal,449.02,449.04,449.05,449.07,449.09,449.09,449.1,449.12
450.0,tCal,449.24,449.27,449.28,449.29,449.3,449.31,449.32,449.33
450.0,tCal,449.46,449.46,449.47,449.48,449.49,449.51,449.52,449.53
450.0,tCal,449.63,449.64,449.65,449.66,449.66,449.68,449.69,449.7
450.0,tCal,449.8,449.81,449.82,449.83,449.84,449.85,449.86,449.87
450.0,tCal,449.95,449.95,449.97,449.98,449.98,449.99,450.0,450.01
450.0,tCal,450.1,450.11,450.12,450.12,450.13,450.14,450.15,450.16
450.0,tCal,450.25,450.25,450.25,450.26,450.27,450.28,450.3,450.29
450.0,tCal,450.38,450.39,450.39,450.41,450.41,450.41,450.42,450.43
450.0,tCal,450.48,450.49,450.5,450.51,450.52,450.52,450.53,450.53
450.0,tCal,450.6,450.62,450.62,450.62,450.63,450.64,450.64,450.65
450.0,tCal,450.7,450.7,450.71,450.71,450.71,450.71,450.72,450.72
450.0,tCal,450.79,450.79,450.8,450.81,450.81,450.82,450.81,450.82
450.0,tCal,450.86,450.87,450.87,450.87,450.88,450.89,450.89,450.89
450.0,tCal,450.92,450.94,450.95,450.95,450.96,450.96,450.97,450.98
450.0,tCal,451.0,451.0,451.0,451.01,451.02,451.03,451.04,451.03
450.0,tCal,451.06,451.07,451.07,451.07,451.08,451.08,451.1,451.1
450.0,tCal,451.13,451.14,451.15,451.15,451.16,451.16,451.16,451.17
450.0,tCal,451.19,451.18,451.18,451.19,451.19,451.2,451.2,451.2
450.0,tCal,451.22,451.23,451.24,451.24,451.25,451.26,451.25,451.26
450.0,tCal,451.26,451.27,451.27,451.27,451.27,451.28,451.28,451.28
450.0,tCal,451.31,451.31,451.31,451.31,451.32,451.32,451.32,451.32
450.0,tCal,451.34,451.34,451.35,451.35,451.36,451.36,451.37,451.36
450.0,tCal,451.36,451.37,451.37,451.36,451.36,451.36,451.37,451.37
450.0,tCal,451.37,451.37,451.37,451.38,451.39,451.39,451.39,451.4
450.0,tCal,451.41,451.41,451.41,451.41,451.41,451.41,451.41,451.42
450.0,tCal,451.41,451.42,451.42,451.43,451.42,451.42,451.43,451.43
450.0,tCal,451.42,451.41,451.42,451.42,451.43,451.42,451.42,451.42
450.0,tCal,451.43,451.43,451.42,451.44,451.43,451.43,451.43,451.43
450.0,tCal,451.44,451.43,451.43,451.43,451.44,451.43,451.43,451.44
450.0,tCal,451.43,451.44,451.43,451.44,451.45,451.45,451.45,451.45
450.0,tCal,451.45,451.44,451.44,451.45,451.44,451.45,451.45,451.45
450.0,tCal,451.46,451.46,451.45,451.46,451.46,451.46,451.46,451.46
450.0,tCal,451.47,451.47,451.46,451.46,451.47,451.47,451.47,451.47
450.0,tCal,451.48,451.49,451.48,451.48,451.48,451.48,451.48,451.47
450.0,tCal,451.46,451.46,451.47,451.47,451.47,451.46,451.46,451.46
450.0,tCal,451.47,451.46,451.46,451.46,451.46,451.46,451.46,451.46
450.0,tCal,451.46,451.45,451.45,451.44,451.44,451.44,451.45,451.45
450.0,tCal,451.46,451.45,451.45,451.44,451.44,451.44,451.45,451.45
450.0,tCal,451.44,451.45,451.45,451.45,451.45,451.45,451.45,451.45
450.0,tCal,451.43,451.44,451.43,451.44,451.43,451.43,451.44,451.44
450.0,tCal,451.42,451.42,451.42,451.41,451.42,451.41,451.4,451.4
450.0,tCal,451.39,451.4,451.4,451.4,451.39,451.39,451.4,451.39
450.0,tCal,451.39,451.38,451.38,451.38,451.37,451.37,451.38,451.38
450.0,tCal,451.38,451.38,451.38,451.37,451.38,451.37,451.37,451.37
450.0,tCal,451.35,451.36,451.35,451.36,451.36,451.35,451.36,451.36
450.0,tCal,451.35,451.35,451.34,451.34,451.34,451.34,451.34,451.34
450.0,tCal,451.35,451.34,451.34,451.34,451.33,451.33,451.32,451.33
450.0,tCal,451.33,451.32,451.32,451.32,451.33,451.33,451.32,451.32
450.0,tCal,451.3,451.3,451.3,451.29,451.3,451.3,451.31,451.3
450.0,tCal,451.3,451.3,451.3,451.3,451.31,451.3,451.3,451.29
450.0,tCal,451.29,451.3,451.29,451.29,451.28,451.28,451.27,451.28
450.0,tCal,451.26,451.26,451.27,451.26,451.27,451.27,451.26,451.27
450.0,tCal,451.26,451.26,451.25,451.25,451.25,451.26,451.25,451.25
450.0,tCal,451.24,451.24,451.24,451.24,451.23,451.23,451.23,451.22
450.0,tCal,451.22,451.22,451.21,451.21,451.21,451.21,451.21,451.21
450.0,tCal,451.19,451.19,451.19,451.18,451.19,451.18,451.19,451.19
450.0,tCal,451.18,451.18,451.17,451.17,451.17,451.17,451.18,451.16
450.0,tCal,451.16,451.17,451.17,451.17,451.16,451.16,451.16,451.17
450.0,tCal,451.17,451.18,451.17,451.17,451.16,451.17,451.18,451.17
450.0,tCal,451.16,451.16,451.15,451.15,451.16,451.16,451.16,451.16
450.0,tCal,451.14,451.14,451.14,451.14,451.14,451.13,451.14,451.13
450.0,tCal,451.13,451.13,451.13,451.13,451.13,451.13,451.13,451.13
450.0,tCal,451.12,451.12,451.12,451.12,451.13,451.11,451.12,451.1
450.0,tCal,451.09,451.1,451.08,451.08,451.08,451.08,451.07,451.08
450.0,tCal,451.08,451.07,451.08,451.07,451.08,451.08,451.08,451.09
450.0,tCal,451.07,451.06,451.07,451.06,451.07,451.07,451.06,451.07
450.0,tCal,451.07,451.07,451.06,451.06,451.07,451.07,451.07,451.07
450.0,tCal,451.06,451.06,451.06,451.05,451.06,451.06,451.06,451.06
450.0,tCal,451.05,451.05,451.05,451.05,451.05,451.05,451.05,451.05
450.0,tCal,451.03,451.04,451.04,451.03,451.03,451.03,451.03,451.03
450.0,tCal,451.02,451.03,451.02,451.02,451.02,451.01,451.02,451.02
450.0,tCal,451.01,451.01,451.01,451.0,451.0,451.0,451.0,451.01
450.0,tCal,450.99,450.99,451.0,450.99,450.99,450.99,450.99,450.99
450.0,tCal,450.98,450.98,450.98,450.98,450.98,450.98,450.98,450.97
450.0,tCal,450.97,450.97,450.97,450.96,450.96,450.96,450.97,450.96
450.0,tCal,450.97,450.97,450.96,450.96,450.96,450.96,450.97,450.97
450.0,tCal,450.96,450.96,450.96,450.96,450.95,450.95,450.96,450.96
450.0,tCal,450.94,450.94,450.94,450.94,450.94,450.95,450.93,450.94
450.0,tCal,450.93,450.94,450.93,450.93,450.93,450.93,450.93,450.92
450.0,tCal,450.91,450.92,450.92,450.92,450.91,450.92,450.91,450.92
450.0,tCal,450.91,450.9,450.9,450.9,450.9,450.9,450.9,450.9
450.0,tCal,450.9,450.9,450.91,450.9,450.9,450.9,450.9,450.89
450.0,tCal,450.89,450.89,450.88,450.87,450.88,450.87,450.87,450.88
450.0,tCal,450.88,450.88,450.89,450.88,450.89,450.89,450.89,450.89
450.0,tCal,450.9,450.89,450.89,450.89,450.89,450.89,450.89,450.89
450.0,tCal,450.89,450.89,450.89,450.89,450.89,450.89,450.88,450.88
450.0,tCal,450.86,450.85,450.85,450.85,450.85,450.86,450.86,450.86
450.0,tCal,450.85,450.84,450.85,450.85,450.85,450.85,450.85,450.84
450.0,tCal,450.85,450.85,450.85,450.85,450.85,450.86,450.86,450.85
450.0,tCal,450.84,450.84,450.84,450.85,450.84,450.85,450.84,450.85
450.0,tCal,450.84,450.85,450.85,450.85,450.85,450.85,450.85,450.84
450.0,tCal,450.84,450.82,450.82,450.83,450.84,450.83,450.83,450.83
450.0,tCal,450.83,450.83,450.85,450.85,450.84,450.84,450.84,450.84
450.0,tCal,450.83,450.83,450.83,450.82,450.83,450.83,450.82,450.82
450.0,tCal,450.84,450.84,450.84,450.83,450.83,450.83,450.84,450.84
450.0,tCal,450.82,450.83,450.82,450.84,450.83,450.83,450.83,450.84
450.0,tCal,450.82,450.82,450.82,450.82,450.82,450.82,450.83,450.84
450.0,tCal,450.81,450.81,450.8,450.81,450.8,450.8,450.81,450.81
450.0,tCal,450.82,450.81,450.82,450.82,450.82,450.83,450.82,450.83
450.0,tCal,450.82,450.82,450.82,450.83,450.83,450.83,450.83,450.82
450.0,tCal,450.82,450.82,450.81,450.81,450.8,450.8,450.8,450.8
450.0,tCal,450.8,450.8,450.81,450.81,450.81,450.82,450.82,450.81
450.0,tCal,450.82,450.82,450.83,450.82,450.81,450.81,450.81,450.82
450.0,tCal,450.82,450.82,450.81,450.81,450.81,450.82,450.81,450.81
450.0,tCal,450.8,450.81,450.8,450.81,450.81,450.81,450.81,450.8
450.0,tCal,450.81,450.81,450.81,450.81,450.81,450.81,450.81,450.81
450.0,tCal,450.81,450.81,450.81,450.81,450.81,450.81,450.82,450.81
450.0,tCal,450.81,450.81,450.81,450.8,450.81,450.8,450.81,450.8
450.0,tCal,450.8,450.8,450.81,450.8,450.8,450.81,450.8,450.81
450.0,tCal,450.8,450.8,450.8,450.8,450.8,450.81,450.8,450.8
450.0,tCal,450.78,450.79,450.79,450.79,450.79,450.79,450.78,450.78
450.0,tCal,450.78,450.79,450.79,450.79,450.78,450.79,450.79,450.8
450.0,tCal,450.8,450.8,450.8,450.8,450.81,450.8,450.81,450.81
450.0,tCal,450.79,450.79,450.79,450.79,450.78,450.79,450.78,450.78
450.0,tCal,450.79,450.79,450.79,450.79,450.79,450.78,450.77,450.78
450.0,tCal,450.77,450.78,450.77,450.78,450.78,450.77,450.78,450.78
450.0,tCal,450.78,450.77,450.77,450.77,450.77,450.77,450.77,450.77
450.0,tCal,450.77,450.77,450.77,450.77,450.77,450.77,450.76,450.77
450.0,tCal,450.77,450.77,450.78,450.77,450.77,450.77,450.77,450.77
450.0,tCal,450.77,450.77,450.77,450.77,450.77,450.77,450.77,450.76
450.0,tCal,450.76,450.75,450.76,450.75,450.76,450.76,450.76,450.76
450.0,tCal,450.75,450.75,450.75,450.75,450.75,450.76,450.76,450.77
450.0,tCal,450.76,450.76,450.76,450.76,450.75,450.75,450.75,450.76
450.0,tCal,450.76,450.76,450.76,450.76,450.76,450.76,450.76,450.76
450.0,tCal,450.75,450.74,450.74,450.75,450.74,450.75,450.74,450.74
450.0,tCal,450.76,450.76,450.77,450.77,450.77,450.76,450.77,450.77
450.0,tCal,450.77,450.77,450.78,450.78,450.78,450.77,450.77,450.77
450.0,tCal,450.77,450.76,450.77,450.76,450.76,450.76,450.77,450.77
450.0,tCal,450.76,450.76,450.76,450.77,450.76,450.76,450.76,450.76
450.0,tCal,450.77,450.77,450.77,450.78,450.78,450.78,450.77,450.77
450.0,tCal,450.75,450.76,450.76,450.76,450.76,450.76,450.76,450.75
450.0,tCal,450.76,450.76,450.75,450.75,450.75,450.75,450.76,450.75
450.0,tCal,450.75,450.76,450.76,450.75,450.75,450.76,450.75,450.75
450.0,tCal,450.77,450.76,450.76,450.76,450.76,450.75,450.75,450.76
450.0,tCal,450.76,450.76,450.75,450.75,450.75,450.75,450.75,450.75
450.0,tCal,450.75,450.75,450.75,450.75,450.76,450.75,450.76,450.75
450.0,tCal,450.76,450.77,450.77,450.77,450.76,450.77,450.76,450.77
450.0,tCal,450.76,450.76,450.77,450.76,450.75,450.75,450.75,450.75
450.0,tCal,450.74,450.74,450.75,450.75,450.75,450.75,450.75,450.75
450.0,tCal,450.75,450.75,450.75,450.75,450.75,450.75,450.75,450.75
450.0,tCal,450.75,450.75,450.74,450.74,450.74,450.73,450.74,450.73
450.0,tCal,450.73,450.74,450.74,450.74,450.74,450.74,450.74,450.73
450.0,tCal,450.74,450.75,450.74,450.74,450.74,450.74,450.74,450.74
450.0,tCal,450.75,450.74,450.73,450.74,450.74,450.74,450.74,450.74
450.0,tCal,450.73,450.72,450.73,450.74,450.73,450.74,450.74,450.74
450.0,tCal,450.73,450.73,450.74,450.74,450.74,450.74,450.74,450.74
450.0,tCal,450.76,450.77,450.76,450.75,450.76,450.76,450.75,450.75
450.0,tCal,450.75,450.76,450.75,450.75,450.75,450.75,450.75,450.74
450.0,tCal,450.74,450.73,450.73,450.72,450.73,450.73,450.73,450.73
450.0,tCal,450.73,450.73,450.73,450.73,450.73,450.74,450.73,450.73
450.0,tCal,450.73,450.74,450.73,450.74,450.73,450.73,450.73,450.73
450.0,tCal,450.75,450.75,450.75,450.75,450.74,450.74,450.73,450.73
450.0,tCal,450.74,450.75,450.75,450.75,450.75,450.76,450.76,450.76
450.0,tCal,450.74,450.74,450.74,450.75,450.75,450.75,450.75,450.76
450.0,tCal,450.77,450.77,450.77,450.77,450.77,450.76,450.76,450.76
450.0,tCal,450.78,450.78,450.77,450.77,450.76,450.76,450.76,450.77
450.0,tCal,450.77,450.77,450.78,450.76,450.77,450.77,450.77,450.77
450.0,tCal,450.77,450.78,450.77,450.77,450.76,450.76,450.76,450.76
450.0,tCal,450.76,450.76,450.77,450.77,450.77,450.77,450.77,450.76
450.0,tCal,450.76,450.76,450.76,450.77,450.77,450.77,450.76,450.76
450.0,tCal,450.75,450.76,450.76,450.75,450.75,450.76,450.76,450.76
450.0,tCal,450.76,450.75,450.76,450.76,450.75,450.74,450.74,450.74
450.0,tCal,450.75,450.74,450.74,450.74,450.74,450.74,450.73,450.74
450.0,tCal,450.72,450.73,450.73,450.73,450.73,450.73,450.73,450.72
450.0,tCal,450.71,450.72,450.72,450.72,450.71,450.72,450.72,450.73
450.0,tCal,450.71,450.72,450.72,450.72,450.72,450.73,450.73,450.73
450.0,tCal,450.72,450.72,450.72,450.73,450.73,450.73,450.74,450.73
450.0,tCal,450.73,450.73,450.73,450.74,450.74,450.73,450.73,450.73
450.0,tCal,450.73,450.74,450.73,450.73,450.73,450.74,450.73,450.73
450.0,tCal,450.72,450.73,450.73,450.74,450.74,450.73,450.74,450.74
450.0,tCal,450.74,450.75,450.74,450.75,450.74,450.75,450.75,450.75
450.0,tCal,450.75,450.76,450.76,450.76,450.75,450.75,450.75,450.74
450.0,tCal,450.75,450.76,450.75,450.75,450.74,450.75,450.75,450.74
450.0,tCal,450.75,450.75,450.76,450.76,450.76,450.75,450.75,450.75
450.0,tCal,450.74,450.75,450.74,450.75,450.74,450.74,450.75,450.75
450.0,tCal,450.76,450.76,450.76,450.76,450.76,450.76,450.76,450.75
450.0,tCal,450.74,450.74,450.74,450.74,450.74,450.74,450.75,450.74
450.0,tCal,450.73,450.72,450.73,450.72,450.72,450.72,450.72,450.72
450.0,tCal,450.75,450.75,450.75,450.75,450.74,450.75,450.75,450.75
450.0,tCal,450.75,450.74,450.75,450.74,450.75,450.74,450.74,450.74
450.0,tCal,450.73,450.74,450.73,450.74,450.74,450.73,450.74,450.74
550.0,tCal,450.74,450.75,450.74,450.75,450.74,450.76,450.76,450.76
550.0,tCal,450.75,450.75,450.75,450.75,450.75,450.75,450.75,450.75
550.0,tCal,450.82,450.83,450.84,450.85,450.86,450.86,450.88,450.9
550.0,tCal,451.05,451.09,451.1,451.13,451.15,451.17,451.2,451.23
550.0,tCal,451.53,451.58,451.61,451.64,451.68,451.72,451.76,451.8
550.0,tCal,452.25,452.3,452.35,452.41,452.46,452.52,452.57,452.63
550.0,tCal,453.2,453.27,453.34,453.4,453.47,453.54,453.61,453.69
550.0,tCal,454.39,454.47,454.53,454.62,454.69,454.78,454.86,454.93
550.0,tCal,455.76,455.85,455.94,456.03,456.13,456.21,456.31,456.4
550.0,tCal,457.33,457.43,457.51,457.62,457.72,457.83,457.93,458.04
550.0,tCal,459.07,459.18,459.29,459.4,459.51,459.63,459.74,459.86
550.0,tCal,460.98,461.1,461.22,461.34,461.46,461.57,461.69,461.81
550.0,tCal,462.98,463.11,463.24,463.37,463.5,463.62,463.76,463.88
550.0,tCal,465.15,465.27,465.4,465.54,465.68,465.81,465.95,466.08
550.0,tCal,467.41,467.54,467.67,467.81,467.95,468.09,468.23,468.37
550.0,tCal,469.75,469.89,470.02,470.17,470.31,470.46,470.61,470.75
550.0,tCal,472.16,472.31,472.46,472.6,472.75,472.9,473.06,473.21
550.0,tCal,474.66,474.81,474.96,475.11,475.28,475.43,475.59,475.73
550.0,tCal,477.22,477.38,477.53,477.69,477.85,478.0,478.16,478.3
550.0,tCal,479.83,479.99,480.14,480.29,480.45,480.61,480.77,480.93
550.0,tCal,482.46,482.62,482.77,482.93,483.09,483.25,483.41,483.56
550.0,tCal,485.13,485.28,485.44,485.6,485.77,485.93,486.09,486.25
550.0,tCal,487.8,487.95,488.12,488.28,488.43,488.59,488.75,488.91
550.0,tCal,490.43,490.58,490.75,490.9,491.05,491.21,491.36,491.51
550.0,tCal,492.98,493.13,493.28,493.43,493.58,493.73,493.88,494.03
550.0,tCal,495.44,495.6,495.74,495.88,496.03,496.17,496.34,496.47
550.0,tCal,497.85,497.99,498.13,498.27,498.41,498.55,498.68,498.83
550.0,tCal,500.12,500.27,500.4,500.54,500.67,500.81,500.95,501.09
550.0,tCal,502.4,502.54,502.69,502.82,502.95,503.09,503.23,503.36
550.0,tCal,504.62,504.75,504.87,505.01,505.13,505.26,505.39,505.53
550.0,tCal,506.81,506.94,507.07,507.2,507.32,507.45,507.58,507.7
550.0,tCal,508.93,509.04,509.16,509.28,509.41,509.53,509.67,509.8
550.0,tCal,510.99,511.11,511.24,511.35,511.47,511.59,511.7,511.83
550.0,tCal,512.96,513.07,513.19,513.31,513.42,513.54,513.64,513.76
550.0,tCal,514.87,514.99,515.1,515.22,515.33,515.44,515.57,515.67
550.0,tCal,516.73,516.84,516.95,517.05,517.16,517.26,517.37,517.47
550.0,tCal,518.49,518.59,518.7,518.79,518.9,519.0,519.1,519.21
550.0,tCal,520.2,520.3,520.41,520.5,520.61,520.7,520.81,520.9
550.0,tCal,521.86,521.95,522.05,522.14,522.24,522.33,522.43,522.52
550.0,tCal,523.41,523.5,523.59,523.68,523.76,523.85,523.95,524.04
550.0,tCal,524.94,525.04,525.12,525.21,525.29,525.38,525.46,525.55
550.0,tCal,526.39,526.48,526.57,526.65,526.74,526.83,526.91,526.99
550.0,tCal,527.78,527.87,527.95,528.03,528.12,528.21,528.28,528.36
550.0,tCal,529.12,529.2,529.29,529.36,529.44,529.52,529.59,529.66
550.0,tCal,530.38,530.46,530.53,530.61,530.67,530.75,530.82,530.89
550.0,tCal,531.58,531.65,531.71,531.78,531.85,531.92,531.98,532.05
550.0,tCal,532.72,532.79,532.87,532.94,533.0,533.07,533.14,533.21
550.0,tCal,533.84,533.9,533.96,534.03,534.1,534.17,534.23,534.29
550.0,tCal,534.9,534.97,535.03,535.1,535.16,535.21,535.27,535.33
550.0,tCal,535.92,535.99,536.04,536.11,536.15,536.21,536.27,536.33
550.0,tCal,536.87,536.93,536.99,537.04,537.11,537.16,537.21,537.28
550.0,tCal,537.8,537.85,537.9,537.96,538.02,538.07,538.13,538.18
550.0,tCal,538.67,538.72,538.77,538.83,538.87,538.91,538.96,539.02
550.0,tCal,539.48,539.52,539.55,539.61,539.67,539.72,539.76,539.81
550.0,tCal,540.28,540.33,540.36,540.41,540.47,540.52,540.56,540.61
550.0,tCal,541.03,541.08,541.12,541.16,541.21,541.25,541.29,541.33
550.0,tCal,541.72,541.76,541.8,541.84,541.89,541.93,541.97,542.01
550.0,tCal,542.39,542.43,542.48,542.52,542.56,542.6,542.65,542.68
550.0,tCal,543.05,543.08,543.12,543.16,543.2,543.22,543.27,543.3
550.0,tCal,543.64,543.67,543.72,543.75,543.79,543.82,543.86,543.88
550.0,tCal,544.21,544.25,544.29,544.33,544.37,544.39,544.43,544.46
550.0,tCal,544.77,544.79,544.82,544.85,544.88,544.91,544.94,544.97
550.0,tCal,545.28,545.31,545.34,545.37,545.39,545.42,545.44,545.47
550.0,tCal,545.74,545.77,545.8,545.82,545.85,545.89,545.91,545.92
550.0,tCal,546.19,546.21,546.24,546.27,546.3,546.32,546.34,546.36
550.0,tCal,546.61,546.63,546.66,546.69,546.72,546.75,546.77,546.8
550.0,tCal,547.02,547.04,547.06,547.09,547.11,547.12,547.15,547.16
550.0,tCal,547.37,547.39,547.41,547.44,547.46,547.48,547.5,547.53
550.0,tCal,547.73,547.75,547.78,547.8,547.82,547.84,547.85,547.87
550.0,tCal,548.06,548.08,548.11,548.13,548.15,548.18,548.18,548.2
550.0,tCal,548.38,548.4,548.42,548.44,548.46,548.47,548.48,548.5
550.0,tCal,548.67,548.69,548.7,548.72,548.74,548.76,548.78,548.8
550.0,tCal,548.94,548.95,548.97,548.98,548.99,549.0,549.02,549.04
550.0,tCal,549.19,549.2,549.22,549.23,549.24,549.25,549.27,549.29
550.0,tCal,549.42,549.43,549.45,549.46,549.47,549.48,549.5,549.51
550.0,tCal,549.63,549.65,549.66,549.67,549.68,549.7,549.7,549.72
550.0,tCal,549.84,549.85,549.86,549.86,549.88,549.89,549.91,549.93
550.0,tCal,550.03,550.03,550.05,550.06,550.06,550.07,550.09,550.09
550.0,tCal,550.19,550.2,550.2,550.22,550.24,550.24,550.26,550.26
550.0,tCal,550.36,550.37,550.38,550.39,550.4,550.42,550.42,550.42
550.0,tCal,550.5,550.52,550.52,550.53,550.54,550.56,550.56,550.57
550.0,tCal,550.64,550.65,550.66,550.67,550.69,550.69,550.7,550.71
550.0,tCal,550.76,550.77,550.78,550.78,550.8,550.8,550.81,550.82
550.0,tCal,550.87,550.88,550.89,550.9,550.9,550.91,550.91,550.91
550.0,tCal,550.99,550.99,551.0,551.0,551.01,551.02,551.03,551.03
550.0,tCal,551.09,551.11,551.11,551.11,551.12,551.12,551.13,551.13
550.0,tCal,551.19,551.2,551.21,551.21,551.22,551.23,551.23,551.23
550.0,tCal,551.26,551.26,551.26,551.26,551.26,551.27,551.28,551.29
550.0,tCal,551.32,551.32,551.33,551.33,551.33,551.33,551.35,551.36
550.0,tCal,551.4,551.4,551.4,551.41,551.42,551.42,551.42,551.42
550.0,tCal,551.47,551.47,551.47,551.48,551.47,551.47,551.47,551.48
550.0,tCal,551.5,551.51,551.51,551.5,551.5,551.51,551.5,551.51
550.0,tCal,551.53,551.54,551.54,551.54,551.54,551.54,551.54,551.54
550.0,tCal,551.58,551.58,551.58,551.58,551.59,551.59,551.6,551.6
550.0,tCal,551.61,551.61,551.62,551.62,551.62,551.63,551.62,551.62
550.0,tCal,551.63,551.64,551.64,551.64,551.64,551.64,551.65,551.66
550.0,tCal,551.66,551.66,551.65,551.66,551.66,551.66,551.67,551.67
550.0,tCal,551.69,551.7,551.7,551.7,551.7,551.7,551.7,551.7
550.0,tCal,551.69,551.69,551.7,551.7,551.71,551.71,551.71,551.71
550.0,tCal,551.73,551.74,551.74,551.74,551.73,551.73,551.74,551.74
550.0,tCal,551.75,551.74,551.74,551.74,551.74,551.74,551.74,551.74
550.0,tCal,551.75,551.74,551.75,551.75,551.75,551.75,551.76,551.75
550.0,tCal,551.76,551.77,551.77,551.77,551.77,551.77,551.77,551.78
550.0,tCal,551.78,551.78,551.78,551.78,551.78,551.78,551.78,551.78
550.0,tCal,551.77,551.79,551.78,551.79,551.79,551.79,551.79,551.79
550.0,tCal,551.8,551.8,551.8,551.79,551.8,551.79,551.8,551.79
550.0,tCal,551.76,551.77,551.78,551.77,551.78,551.76,551.76,551.76
550.0,tCal,551.79,551.78,551.78,551.77,551.78,551.77,551.78,551.78
550.0,tCal,551.78,551.77,551.77,551.77,551.77,551.76,551.76,551.76
550.0,tCal,551.76,551.77,551.77,551.76,551.76,551.76,551.76,551.76
550.0,tCal,551.75,551.74,551.74,551.74,551.74,551.74,551.74,551.74
550.0,tCal,551.75,551.75,551.75,551.75,551.74,551.74,551.73,551.73
550.0,tCal,551.73,551.72,551.73,551.73,551.73,551.72,551.73,551.73
550.0,tCal,551.73,551.73,551.73,551.73,551.72,551.73,551.72,551.72
550.0,tCal,551.71,551.71,551.72,551.72,551.71,551.71,551.71,551.71
550.0,tCal,551.69,551.7,551.69,551.7,551.7,551.7,551.7,551.7
550.0,tCal,551.69,551.68,551.69,551.68,551.69,551.68,551.68,551.67
550.0,tCal,551.66,551.66,551.66,551.65,551.65,551.66,551.66,551.65
550.0,tCal,551.65,551.64,551.64,551.64,551.64,551.63,551.64,551.64
550.0,tCal,551.62,551.62,551.62,551.61,551.61,551.61,551.61,551.6
550.0,tCal,551.59,551.59,551.59,551.59,551.59,551.59,551.59,551.59
550.0,tCal,551.57,551.56,551.56,551.57,551.57,551.57,551.57,551.57
550.0,tCal,551.56,551.57,551.57,551.57,551.57,551.56,551.55,551.55
550.0,tCal,551.56,551.56,551.56,551.55,551.55,551.55,551.55,551.55
550.0,tCal,551.55,551.54,551.54,551.54,551.54,551.54,551.53,551.53
550.0,tCal,551.52,551.53,551.52,551.53,551.52,551.52,551.53,551.52
550.0,tCal,551.52,551.52,551.52,551.52,551.52,551.52,551.52,551.52
550.0,tCal,551.49,551.49,551.49,551.48,551.49,551.49,551.48,551.49
550.0,tCal,551.46,551.47,551.47,551.47,551.47,551.47,551.47,551.47
550.0,tCal,551.46,551.46,551.46,551.46,551.46,551.46,551.46,551.45
550.0,tCal,551.46,551.45,551.45,551.45,551.44,551.45,551.44,551.45
550.0,tCal,551.45,551.45,551.44,551.44,551.44,551.44,551.45,551.45
550.0,tCal,551.45,551.45,551.44,551.44,551.44,551.43,551.44,551.42
550.0,tCal,551.43,551.43,551.42,551.42,551.42,551.43,551.43,551.43
550.0,tCal,551.41,551.4,551.39,551.4,551.4,551.4,551.4,551.4
550.0,tCal,551.39,551.39,551.39,551.4,551.38,551.39,551.38,551.38
550.0,tCal,551.37,551.37,551.37,551.37,551.38,551.37,551.37,551.38
550.0,tCal,551.37,551.36,551.35,551.35,551.35,551.35,551.34,551.34
550.0,tCal,551.35,551.35,551.35,551.35,551.35,551.35,551.34,551.34
550.0,tCal,551.34,551.35,551.33,551.33,551.34,551.34,551.34,551.34
550.0,tCal,551.34,551.33,551.33,551.33,551.33,551.33,551.33,551.32
550.0,tCal,551.31,551.31,551.31,551.31,551.31,551.31,551.31,551.31
550.0,tCal,551.31,551.31,551.31,551.3,551.31,551.31,551.31,551.31
550.0,tCal,551.3,551.29,551.3,551.3,551.3,551.29,551.3,551.29
550.0,tCal,551.29,551.29,551.28,551.28,551.29,551.29,551.28,551.27
550.0,tCal,551.27,551.26,551.27,551.26,551.26,551.24,551.25,551.25
550.0,tCal,551.23,551.24,551.24,551.24,551.24,551.24,551.23,551.23
550.0,tCal,551.22,551.22,551.23,551.23,551.23,551.22,551.22,551.23
550.0,tCal,551.23,551.22,551.21,551.22,551.23,551.23,551.22,551.22
550.0,tCal,551.21,551.21,551.22,551.22,551.23,551.22,551.22,551.23
550.0,tCal,551.23,551.24,551.24,551.23,551.23,551.22,551.22,551.22
550.0,tCal,551.22,551.21,551.22,551.22,551.22,551.22,551.22,551.22
550.0,tCal,551.21,551.21,551.21,551.2,551.21,551.21,551.21,551.21
550.0,tCal,551.18,551.19,551.19,551.19,551.19,551.19,551.19,551.18
550.0,tCal,551.17,551.17,551.17,551.17,551.17,551.17,551.17,551.17
550.0,tCal,551.16,551.15,551.15,551.15,551.15,551.16,551.16,551.17
550.0,tCal,551.16,551.16,551.16,551.16,551.16,551.16,551.15,551.15
550.0,tCal,551.15,551.15,551.15,551.16,551.16,551.16,551.16,551.16
550.0,tCal,551.15,551.15,551.16,551.15,551.15,551.14,551.14,551.14
550.0,tCal,551.14,551.14,551.15,551.14,551.14,551.13,551.13,551.13
550.0,tCal,551.12,551.12,551.12,551.12,551.12,551.13,551.12,551.13
550.0,tCal,551.12,551.11,551.1,551.1,551.11,551.11,551.11,551.12
550.0,tCal,551.11,551.11,551.11,551.11,551.1,551.11,551.1,551.1
550.0,tCal,551.09,551.1,551.1,551.1,551.09,551.09,551.1,551.09
550.0,tCal,551.1,551.1,551.11,551.11,551.11,551.1,551.1,551.1
550.0,tCal,551.09,551.09,551.1,551.09,551.09,551.09,551.09,551.09
550.0,tCal,551.09,551.09,551.09,551.09,551.09,551.09,551.08,551.08
550.0,tCal,551.08,551.09,551.09,551.08,551.08,551.08,551.08,551.08
550.0,tCal,551.09,551.09,551.09,551.08,551.09,551.09,551.09,551.09
550.0,tCal,551.09,551.08,551.07,551.08,551.07,551.08,551.07,551.07
550.0,tCal,551.07,551.08,551.07,551.08,551.09,551.08,551.08,551.08
550.0,tCal,551.08,551.08,551.07,551.07,551.07,551.08,551.08,551.07
550.0,tCal,551.08,551.07,551.08,551.08,551.08,551.08,551.09,551.09
550.0,tCal,551.07,551.06,551.06,551.06,551.07,551.06,551.06,551.06
550.0,tCal,551.07,551.07,551.07,551.07,551.06,551.06,551.06,551.06
550.0,tCal,551.05,551.05,551.05,551.05,551.05,551.04,551.05,551.05
550.0,tCal,551.04,551.04,551.05,551.05,551.06,551.05,551.06,551.06
550.0,tCal,551.05,551.05,551.05,551.04,551.05,551.05,551.05,551.05
550.0,tCal,551.05,551.05,551.04,551.05,551.05,551.05,551.05,551.05
550.0,tCal,551.05,551.05,551.05,551.05,551.05,551.05,551.04,551.05
550.0,tCal,551.04,551.04,551.03,551.03,551.03,551.03,551.03,551.04
550.0,tCal,551.04,551.04,551.04,551.03,551.03,551.03,551.03,551.03
550.0,tCal,551.02,551.02,551.03,551.03,551.02,551.02,551.02,551.01
550.0,tCal,551.02,551.01,551.02,551.01,551.02,551.02,551.01,551.03
550.0,tCal,551.04,551.05,551.04,551.04,551.04,551.04,551.04,551.03
550.0,tCal,551.03,551.04,551.05,551.04,551.04,551.04,551.03,551.05
550.0,tCal,551.03,551.04,551.05,551.04,551.04,551.04,551.05,551.04
550.0,tCal,551.05,551.05,551.05,551.05,551.05,551.05,551.05,551.05
550.0,tCal,551.03,551.04,551.05,551.05,551.04,551.05,551.04,551.05
550.0,tCal,551.03,551.03,551.03,551.02,551.03,551.04,551.04,551.03
550.0,tCal,551.04,551.05,551.05,551.05,551.04,551.05,551.05,551.06
550.0,tCal,551.06,551.06,551.06,551.07,551.07,551.07,551.07,551.07
550.0,tCal,551.06,551.06,551.06,551.06,551.07,551.06,551.06,551.07
550.0,tCal,551.08,551.08,551.07,551.08,551.08,551.08,551.07,551.08
550.0,tCal,551.08,551.1,551.09,551.08,551.08,551.08,551.08,551.08
550.0,tCal,551.07,551.06,551.07,551.07,551.07,551.07,551.07,551.07
550.0,tCal,551.08,551.08,551.09,551.09,551.09,551.09,551.08,551.08
550.0,tCal,551.08,551.08,551.09,551.08,551.08,551.08,551.08,551.07
550.0,tCal,551.06,551.07,551.07,551.07,551.07,551.07,551.07,551.07
550.0,tCal,551.08,551.08,551.08,551.07,551.07,551.07,551.07,551.07
550.0,tCal,551.05,551.05,551.06,551.05,551.06,551.06,551.06,551.07
550.0,tCal,551.05,551.05,551.05,551.05,551.06,551.05,551.07,551.06
550.0,tCal,551.05,551.05,551.04,551.04,551.04,551.05,551.05,551.05
550.0,tCal,551.05,551.05,551.05,551.04,551.04,551.03,551.04,551.03
550.0,tCal,551.05,551.05,551.05,551.05,551.05,551.05,551.04,551.04
550.0,tCal,551.02,551.03,551.03,551.03,551.04,551.04,551.03,551.04
550.0,tCal,551.03,551.04,551.03,551.03,551.03,551.03,551.04,551.03
550.0,tCal,551.03,551.02,551.02,551.03,551.02,551.03,551.03,551.03
550.0,tCal,551.03,551.03,551.03,551.02,551.03,551.03,551.03,551.03
550.0,tCal,551.04,551.05,551.05,551.04,551.05,551.05,551.04,551.04
550.0,tCal,551.04,551.04,551.03,551.03,551.03,551.03,551.04,551.03
550.0,tCal,551.02,551.03,551.03,551.03,551.02,551.02,551.01,551.01
550.0,tCal,551.01,551.01,551.01,551.01,551.02,551.01,551.02,551.02
550.0,tCal,551.02,551.03,551.03,551.03,551.03,551.03,551.03,551.03
550.0,tCal,551.03,551.03,551.03,551.03,551.03,551.03,551.02,551.02
550.0,tCal,551.03,551.02,551.03,551.03,551.03,551.04,551.04,551.03
550.0,tCal,551.03,551.03,551.03,551.04,551.04,551.03,551.04,551.03
550.0,tCal,551.03,551.03,551.03,551.04,551.04,551.04,551.03,551.04
550.0,tCal,551.02,551.03,551.03,551.02,551.02,551.01,551.02,551.02
550.0,tCal,551.0,551.01,551.01,551.01,551.01,551.01,551.01,551.01
550.0,tCal,551.02,551.02,551.02,551.02,551.03,551.03,551.03,551.02
550.0,tCal,551.02,551.02,551.02,551.02,551.01,551.01,551.01,551.01
550.0,tCal,551.02,551.02,551.01,551.01,551.01,551.01,551.01,551.01
550.0,tCal,551.01,551.01,551.01,551.01,551.02,551.02,551.03,551.02
550.0,tCal,551.03,551.04,551.04,551.04,551.04,551.04,551.04,551.04
550.0,tCal,551.04,551.02,551.03,551.02,551.02,551.01,551.03,551.02
550.0,tCal,551.02,551.03,551.03,551.03,551.03,551.03,551.02,551.03
550.0,tCal,551.03,551.04,551.03,551.03,551.03,551.04,551.03,551.04
550.0,tCal,551.03,551.03,551.02,551.02,551.02,551.02,551.02,551.03
550.0,tCal,551.02,551.01,551.01,551.01,551.0,551.01,551.01,551.01
550.0,tCal,551.0,551.0,551.01,551.0,551.0,551.0,551.0,551.0
550.0,tCal,550.98,550.99,550.98,550.99,550.99,550.99,550.98,551.0
550.0,tCal,551.0,550.99,550.99,550.99,550.99,551.0,551.0,551.0
550.0,tCal,550.98,550.98,550.99,550.99,550.99,550.99,551.0,550.99
550.0,tCal,550.99,550.99,550.98,550.99,550.98,550.98,550.98,550.98
550.0,tCal,550.99,550.98,550.99,550.99,550.99,550.99,550.98,550.98
550.0,tCal,550.97,550.96,550.97,550.97,550.98,550.97,550.97,550.96
550.0,tCal,550.97,550.97,550.98,550.97,550.96,550.96,550.96,550.96
550.0,tCal,550.96,550.96,550.96,550.96,550.97,550.97,550.97,550.96
550.0,tCal,550.97,550.97,550.97,550.96,550.97,550.97,550.98,550.98
550.0,tCal,550.96,550.95,550.95,550.95,550.95,550.95,550.94,550.95
550.0,tCal,550.93,550.93,550.93,550.94,550.94,550.93,550.94,550.94
550.0,tCal,550.94,550.94,550.94,550.94,550.95,550.94,550.95,550.94
550.0,tCal,550.93,550.93,550.95,550.95,550.95,550.95,550.95,550.94
550.0,tCal,550.93,550.94,550.95,550.95,550.94,550.96,550.95,550.95
550.0,tCal,550.93,550.93,550.94,550.95,550.95,550.94,550.94,550.94
550.0,tCal,550.94,550.93,550.93,550.93,550.93,550.93,550.93,550.95
550.0,tCal,550.95,550.96,550.95,550.95,550.95,550.94,550.94,550.94
550.0,tCal,550.94,550.94,550.94,550.93,550.94,550.95,550.95,550.95
550.0,tCal,550.95,550.95,550.95,550.96,550.96,550.95,550.96,550.96
550.0,tCal,550.97,550.97,550.96,550.96,550.95,550.96,550.96,550.96
550.0,tCal,550.96,550.96,550.96,550.96,550.95,550.95,550.95,550.95
550.0,tCal,550.95,550.95,550.95,550.95,550.95,550.94,550.95,550.95
550.0,tCal,550.96,550.95,550.95,550.94,550.95,550.95,550.95,550.93
550.0,tCal,550.94,550.94,550.94,550.95,550.95,550.95,550.95,550.95
550.0,tCal,550.95,550.95,550.96,550.96,550.96,550.95,550.95,550.95
550.0,tCal,550.95,550.96,550.96,550.96,550.96,550.94,550.96,550.95
550.0,tCal,550.97,550.97,550.97,550.97,550.97,550.97,550.96,550.97
550.0,tCal,550.96,550.97,550.96,550.96,550.97,550.96,550.96,550.96
550.0,tCal,550.97,550.96,550.96,550.95,550.95,550.95,550.94,550.94
550.0,tCal,550.95,550.95,550.95,550.95,550.95,550.96,550.95,550.95
550.0,tCal,550.95,550.96,550.96,550.96,550.97,550.96,550.96,550.96
550.0,tCal,550.96,550.96,550.96,550.96,550.95,550.96,550.95,550.96
550.0,tCal,550.95,550.95,550.95,550.95,550.96,550.96,550.96,550.96
550.0,tCal,550.95,550.95,550.95,550.96,550.96,550.96,550.97,550.97
550.0,tCal,550.97,550.97,550.96,550.96,550.96,550.96,550.96,550.96
550.0,tCal,550.95,550.95,550.95,550.95,550.95,550.95,550.95,550.95
550.0,tCal,550.95,550.95,550.94,550.94,550.94,550.93,550.93,550.93
550.0,tCal,550.91,550.92,550.92,550.93,550.92,550.92,550.92,550.92
550.0,tCal,550.93,550.92,550.93,550.93,550.93,550.93,550.93,550.93
550.0,tCal,550.93,550.94,550.93,550.93,550.93,550.93,550.93,550.93
550.0,tCal,550.95,550.94,550.95,550.95,550.94,550.95,550.95,550.94
550.0,tCal,550.94,550.95,550.95,550.95,550.94,550.95,550.95,550.95
550.0,tCal,550.94,550.94,550.94,550.94,550.95,550.95,550.94,550.94
550.0,tCal,550.94,550.94,550.94,550.94,550.95,550.96,550.95,550.95
550.0,tCal,550.97,550.97,550.97,550.97,550.98,550.97,550.97,550.96
550.0,tCal,550.97,550.97,550.98,550.97,550.98,550.98,550.98,550.98
550.0,tCal,550.98,550.98,550.99,550.99,550.99,550.99,550.99,550.99
550.0,tCal,550.97,550.97,550.98,550.98,550.98,550.98,550.98,550.97
550.0,tCal,550.98,550.98,550.99,550.98,550.98,550.98,550.98,550.98
550.0,tCal,550.98,550.99,551.0,551.0,551.0,550.99,551.0,551.0
550.0,tCal,550.99,551.0,551.0,551.0,550.99,550.99,550.99,550.99
550.0,tCal,550.99,550.99,550.98,550.99,550.98,550.98,550.97,550.98
550.0,tCal,550.98,550.98,550.98,550.97,550.98,550.98,550.98,550.97
550.0,tCal,550.98,550.98,550.98,550.98,550.99,550.98,550.99,550.98
550.0,tCal,550.98,550.97,550.98,550.98,550.98,550.98,550.98,550.97
550.0,tCal,550.97,550.96,550.97,550.97,550.96,550.96,550.97,550.96
550.0,tCal,550.97,550.96,550.97,550.97,550.97,550.97,550.97,550.97
550.0,tCal,550.96,550.96,550.96,550.96,550.96,550.96,550.96,550.96
550.0,tCal,550.95,550.94,550.95,550.94,550.94,550.95,550.96,550.95
550.0,tCal,550.94,550.94,550.94,550.94,550.94,550.94,550.94,550.94
550.0,tCal,550.93,550.93,550.93,550.93,550.93,550.93,550.93,550.93
550.0,tCal,550.93,550.94,550.93,550.93,550.92,550.92,550.93,550.93
550.0,tCal,550.93,550.94,550.94,550.94,550.94,550.94,550.93,550.93
550.0,tCal,550.95,550.95,550.94,550.94,550.93,550.94,550.94,550.94
550.0,tCal,550.95,550.94,550.94,550.94,550.95,550.94,550.95,550.95
550.0,tCal,550.95,550.95,550.95,550.95,550.95,550.94,550.95,550.94
550.0,tCal,550.91,550.91,550.92,550.92,550.91,550.92,550.92,550.93
550.0,tCal,550.93,550.92,550.93,550.93,550.93,550.92,550.91,550.93
550.0,tCal,550.92,550.91,550.92,550.92,550.94,550.94,550.93,550.93
550.0,tCal,550.93,550.92,550.92,550.92,550.92,550.92,550.92,550.92
550.0,tCal,550.92,550.92,550.92,550.92,550.92,550.91,550.91,550.92
550.0,tCal,550.92,550.92,550.92,550.92,550.92,550.93,550.93,550.93
550.0,tCal,550.93,550.92,550.92,550.92,550.92,550.92,550.92,550.93
550.0,tCal,550.94,550.93,550.92,550.92,550.92,550.92,550.92,550.92
550.0,tCal,550.91,550.92,550.94,550.93,550.93,550.92,550.93,550.92
550.0,tCal,550.93,550.92,550.92,550.93,550.93,550.93,550.93,550.93
550.0,tCal,550.92,550.92,550.92,550.92,550.91,550.91,550.92,550.92
550.0,tCal,550.92,550.91,550.92,550.92,550.92,550.93,550.93,550.93
550.0,tCal,550.94,550.93,550.94,550.93,550.94,550.93,550.93,550.93
550.0,tCal,550.94,550.95,550.95,550.95,550.95,550.94,550.95,550.96
550.0,tCal,550.95,550.95,550.95,550.95,550.94,550.95,550.94,550.94
550.0,tCal,550.93,550.94,550.94,550.94,550.94,550.93,550.93,550.94
550.0,tCal,550.95,550.94,550.94,550.94,550.94,550.94,550.94,550.94
550.0,tCal,550.97,550.96,550.94,550.94,550.94,550.94,550.94,550.94
550.0,tCal,550.93,550.93,550.94,550.93,550.93,550.93,550.94,550.94
550.0,tCal,550.95,550.95,550.95,550.95,550.94,550.94,550.95,550.94
550.0,tCal,550.94,550.95,550.94,550.94,550.93,550.93,550.93,550.94
550.0,tCal,550.95,550.95,550.95,550.96,550.96,550.97,550.96,550.96
550.0,tCal,550.94,550.94,550.95,550.95,550.95,550.94,550.94,550.96
550.0,tCal,550.96,550.96,550.96,550.96,550.96,550.96,550.96,550.95
550.0,tCal,550.96,550.96,550.95,550.95,550.95,550.95,550.95,550.96
550.0,tCal,550.93,550.93,550.93,550.93,550.93,550.93,550.94,550.93
550.0,tCal,550.95,550.94,550.94,550.95,550.95,550.95,550.95,550.94
550.0,tCal,550.94,550.94,550.93,550.94,550.94,550.93,550.92,550.92
550.0,tCal,550.93,550.94,550.93,550.93,550.94,550.94,550.94,550.94
550.0,tCal,550.94,550.94,550.94,550.92,550.92,550.92,550.92,550.92
550.0,tCal,550.92,550.93,550.94,550.95,550.94,550.94,550.94,550.94
550.0,tCal,550.95,550.94,550.95,550.95,550.95,550.95,550.95,550.95
550.0,tCal,550.96,550.95,550.96,550.96,550.96,550.95,550.95,550.95
550.0,tCal,550.95,550.94,550.94,550.94,550.94,550.94,550.94,550.94
550.0,tCal,550.95,550.95,550.94,550.95,550.95,550.95,550.94,550.94
550.0,tCal,550.95,550.94,550.94,550.95,550.95,550.95,550.95,550.95
550.0,tCal,550.96,550.96,550.96,550.97,550.96,550.96,550.95,550.96
550.0,tCal,550.96,550.96,550.95,550.95,550.96,550.95,550.96,550.96
550.0,tCal,550.97,550.96,550.96,550.96,550.97,550.97,550.98,550.97
550.0,tCal,550.97,550.96,550.97,550.96,550.97,550.98,550.97,550.97
550.0,tCal,550.95,550.95,550.95,550.95,550.95,550.95,550.94,550.95
550.0,tCal,550.96,550.96,550.96,550.96,550.96,550.96,550.96,550.97
550.0,tCal,550.97,550.97,550.97,550.97,550.97,550.97,550.98,550.98
550.0,tCal,550.98,550.98,550.98,550.98,550.99,550.98,550.98,550.99
550.0,tCal,550.98,550.98,550.98,550.98,550.99,551.0,550.99,551.0
550.0,tCal,550.99,550.98,551.0,550.99,550.99,550.98,550.98,550.99
550.0,tCal,550.99,550.99,550.98,550.99,551.0,551.0,550.99,550.99
550.0,tCal,551.01,551.0,551.01,551.02,551.02,551.02,551.01,551.02
550.0,tCal,551.0,551.0,551.0,551.0,551.0,551.0,550.99,550.99
550.0,tCal,550.99,551.0,550.99,551.0,550.99,550.98,550.99,550.98
550.0,tCal,550.98,550.98,550.97,550.98,550.99,550.98,550.99,550.98
550.0,tCal,550.98,550.99,550.99,550.99,550.99,550.98,550.98,550.97
550.0,tCal,550.98,550.99,550.98,550.98,550.98,550.99,550.99,550.99
550.0,tCal,550.98,550.99,550.98,550.98,550.98,550.98,550.99,550.98
550.0,tCal,550.99,550.99,550.99,550.99,551.0,551.0,551.0,550.98
550.0,tCal,550.97,550.97,550.98,550.98,550.97,550.98,550.98,550.98
550.0,tCal,550.98,550.99,550.99,550.99,550.99,550.99,550.99,550.99
550.0,tCal,550.98,550.98,550.99,550.99,550.99,550.99,550.99,550.99
550.0,tCal,550.99,550.98,550.99,550.99,550.99,550.98,550.98,550.98
550.0,tCal,550.99,550.99,550.99,551.0,550.99,550.98,550.98,550.99
550.0,tCal,550.98,550.98,550.98,550.98,550.97,550.98,550.98,550.98
550.0,tCal,551.0,551.0,550.99,550.99,550.98,550.99,550.99,550.99
550.0,tCal,551.0,550.99,551.0,550.99,550.99,550.98,550.97,550.97
550.0,tCal,550.96,550.96,550.97,550.96,550.96,550.96,550.96,550.97
550.0,tCal,550.97,550.97,550.96,550.96,550.96,550.96,550.97,550.96
550.0,tCal,550.96,550.96,550.96,550.95,550.94,550.94,550.94,550.94
550.0,tCal,550.95,550.95,550.95,550.94,550.95,550.94,550.95,550.94
550.0,tCal,550.95,550.95,550.96,550.96,550.97,550.96,550.96,550.96
550.0,tCal,550.94,550.94,550.95,550.95,550.95,550.94,550.95,550.94
550.0,tCal,550.94,550.95,550.95,550.95,550.95,550.95,550.94,550.95
550.0,tCal,550.94,550.94,550.95,550.95,550.94,550.95,550.95,550.95
550.0,tCal,550.93,550.93,550.93,550.93,550.93,550.93,550.93,550.93
550.0,tCal,550.94,550.94,550.94,550.94,550.94,550.94,550.93,550.93
550.0,tCal,550.93,550.93,550.93,550.93,550.93,550.93,550.92,550.93
550.0,tCal,550.92,550.92,550.92,550.92,550.92,550.93,550.92,550.92
550.0,tCal,550.95,550.95,550.94,550.94,550.94,550.94,550.94,550.95
550.0,tCal,550.94,550.94,550.94,550.93,550.94,550.94,550.94,550.93
550.0,tCal,550.94,550.94,550.95,550.94,550.94,550.94,550.94,550.93
550.0,tCal,550.94,550.94,550.95,550.95,550.95,550.95,550.96,550.96
550.0,tCal,550.94,550.93,550.93,550.94,550.94,550.93,550.94,550.93
550.0,tCal,550.94,550.94,550.94,550.94,550.94,550.94,550.94,550.93
550.0,tCal,550.94,550.93,550.94,550.93,550.94,550.94,550.94,550.93
550.0,tCal,550.94,550.94,550.94,550.93,550.94,550.95,550.94,550.94
550.0,tCal,550.93,550.92,550.93,550.93,550.93,550.92,550.93,550.92
550.0,tCal,550.94,550.94,550.94,550.95,550.94,550.95,550.95,550.95
550.0,tCal,550.94,550.93,550.93,550.93,550.94,550.94,550.94,550.93
550.0,tCal,550.94,550.94,550.95,550.95,550.95,550.95,550.95,550.95
550.0,tCal,550.94,550.94,550.94,550.94,550.94,550.93,550.95,550.93
550.0,tCal,550.94,550.94,550.95,550.95,550.94,550.94,550.94,550.94
550.0,tCal,550.93,550.94,550.94,550.94,550.93,550.94,550.94,550.93
550.0,tCal,550.92,550.94,550.93,550.94,550.94,550.93,550.93,550.93
550.0,tCal,550.93,550.93,550.92,550.93,550.92,550.93,550.93,550.93
550.0,tCal,550.93,550.94,550.94,550.94,550.94,550.94,550.94,550.95
550.0,tCal,550.94,550.93,550.94,550.94,550.93,550.94,550.94,550.94
550.0,tCal,550.93,550.93,550.92,550.93,550.93,550.94,550.94,550.94
550.0,tCal,550.94,550.95,550.94,550.94,550.94,550.94,550.94,550.93
550.0,tCal,550.94,550.94,550.95,550.94,550.94,550.93,550.92,550.92
550.0,tCal,550.93,550.93,550.94,550.94,550.92,550.93,550.94,550.93
550.0,tCal,550.94,550.94,550.94,550.95,550.94,550.95,550.94,550.94
550.0,tCal,550.94,550.94,550.95,550.95,550.94,550.95,550.94,550.94
550.0,tCal,550.95,550.96,550.95,550.95,550.94,550.95,550.94,550.94
550.0,tCal,550.95,550.95,550.95,550.94,550.95,550.95,550.95,550.94
550.0,tCal,550.93,550.94,550.94,550.93,550.94,550.95,550.95,550.95
550.0,tCal,550.94,550.93,550.94,550.93,550.94,550.94,550.94,550.94
550.0,tCal,550.93,550.93,550.93,550.93,550.93,550.93,550.93,550.93
550.0,tCal,550.93,550.92,550.91,550.92,550.92,550.92,550.92,550.92
550.0,tCal,550.92,550.92,550.92,550.92,550.92,550.92,550.93,550.93
550.0,tCal,550.92,550.92,550.93,550.92,550.93,550.92,550.92,550.92
550.0,tCal,550.91,550.92,550.91,550.91,550.9,550.9,550.9,550.9
550.0,tCal,550.93,550.92,550.92,550.92,550.92,550.92,550.91,550.92
550.0,tCal,550.92,550.91,550.92,550.92,550.92,550.92,550.92,550.92
550.0,tCal,550.92,550.92,550.91,550.92,550.92,550.92,550.91,550.91
550.0,tCal,550.93,550.93,550.92,550.92,550.92,550.93,550.92,550.92
550.0,tCal,550.92,550.92,550.92,550.92,550.92,550.92,550.91,550.92
550.0,tCal,550.91,550.92,550.92,550.92,550.93,550.93,550.92,550.91
550.0,tCal,550.91,550.91,550.9,550.91,550.91,550.91,550.91,550.91
550.0,tCal,550.91,550.91,550.9,550.91,550.9,550.9,550.9,550.9
550.0,tCal,550.9,550.9,550.9,550.89,550.9,550.89,550.9,550.9
550.0,tCal,550.89,550.9,550.91,550.91,550.91,550.91,550.91,550.9
550.0,tCal,550.9,550.9,550.91,550.91,550.91,550.91,550.9,550.9
550.0,tCal,550.91,550.91,550.91,550.9,550.91,550.92,550.91,550.91
550.0,tCal,550.91,550.92,550.92,550.92,550.92,550.91,550.91,550.92
550.0,tCal,550.93,550.93,550.92,550.92,550.92,550.92,550.93,550.92
550.0,tCal,550.92,550.92,550.91,550.92,550.91,550.9,550.91,550.9
550.0,tCal,550.9,550.91,550.91,550.91,550.91,550.91,550.91,550.91
550.0,tCal,550.92,550.91,550.91,550.91,550.92,550.93,550.92,550.92
550.0,tCal,550.92,550.91,550.91,550.91,550.91,550.91,550.91,550.92
550.0,tCal,550.93,550.93,550.94,550.94,550.94,550.93,550.93,550.93
550.0,tCal,550.94,550.93,550.93,550.93,550.93,550.93,550.92,550.92
550.0,tCal,550.92,550.93,550.92,550.93,550.93,550.92,550.91,550.92
550.0,tCal,550.93,550.93,550.93,550.93,550.93,550.92,550.93,550.92
550.0,tCal,550.9,550.91,550.91,550.91,550.92,550.91,550.92,550.92
550.0,tCal,550.93,550.92,550.92,550.92,550.93,550.93,550.93,550.93
550.0,tCal,550.93,550.92,550.92,550.93,550.92,550.92,550.92,550.92
550.0,tCal,550.92,550.92,550.92,550.92,550.91,550.92,550.91,550.91
550.0,tCal,550.92,550.93,550.93,550.92,550.91,550.91,550.91,550.91
550.0,tCal,550.91,550.91,550.91,550.91,550.91,550.92,550.91,550.92
550.0,tCal,550.91,550.91,550.91,550.91,550.91,550.91,550.91,550.93
550.0,tCal,550.91,550.92,550.92,550.91,550.91,550.92,550.92,550.91
550.0,tCal,550.91,550.91,550.92,550.92,550.92,550.92,550.92,550.92
550.0,tCal,550.93,550.93,550.92,550.93,550.93,550.93,550.93,550.92
550.0,tCal,550.92,550.92,550.92,550.93,550.93,550.92,550.92,550.92
550.0,tCal,550.91,550.91,550.92,550.9,550.91,550.91,550.91,550.91
550.0,tCal,550.9,550.91,550.91,550.9,550.9,550.91,550.91,550.9
550.0,tCal,550.92,550.92,550.92,550.92,550.91,550.91,550.91,550.92
550.0,tCal,550.93,550.92,550.92,550.92,550.92,550.92,550.92,550.93
550.0,tCal,550.93,550.93,550.93,550.93,550.93,550.93,550.93,550.93
550.0,tCal,550.94,550.94,550.94,550.93,550.93,550.93,550.92,550.93
550.0,tCal,550.93,550.93,550.94,550.93,550.93,550.93,550.93,550.93
550.0,tCal,550.94,550.94,550.94,550.93,550.93,550.93,550.93,550.92
550.0,tCal,550.93,550.94,550.94,550.93,550.92,550.92,550.92,550.92
550.0,tCal,550.91,550.91,550.91,550.91,550.91,550.91,550.91,550.91
550.0,tCal,550.9,550.9,550.9,550.9,550.9,550.9,550.9,550.89
550.0,tCal,550.89,550.89,550.89,550.89,550.89,550.89,550.89,550.9
550.0,tCal,550.92,550.92,550.92,550.92,550.91,550.91,550.9,550.91
550.0,tCal,550.92,550.92,550.93,550.93,550.92,550.92,550.93,550.92
550.0,tCal,550.92,550.92,550.92,550.92,550.92,550.92,550.92,550.92
550.0,tCal,550.91,550.91,550.9,550.91,550.92,550.91,550.91,550.91
550.0,tCal,550.91,550.91,550.91,550.91,550.92,550.92,550.91,550.92
550.0,tCal,550.91,550.91,550.92,550.91,550.92,550.92,550.92,550.92
550.0,tCal,550.93,550.93,550.93,550.93,550.93,550.93,550.94,550.93
550.0,tCal,550.95,550.95,550.95,550.95,550.95,550.96,550.95,550.95
550.0,tCal,550.94,550.94,550.94,550.95,550.95,550.96,550.95,550.95
550.0,tCal,550.96,550.96,550.96,550.95,550.95,550.94,550.94,550.94
550.0,tCal,550.95,550.94,550.95,550.94,550.95,550.95,550.95,550.94
550.0,tCal,550.94,550.95,550.95,550.95,550.95,550.95,550.95,550.94
550.0,tCal,550.95,550.95,550.96,550.95,550.94,550.95,550.95,550.95
550.0,tCal,550.94,550.95,550.94,550.94,550.93,550.94,550.95,550.95
550.0,tCal,550.95,550.95,550.95,550.95,550.94,550.95,550.95,550.95
550.0,tCal,550.94,550.94,550.95,550.96,550.96,550.96,550.96,550.96
550.0,tCal,550.96,550.96,550.96,550.97,550.97,550.97,550.97,550.96
550.0,tCal,550.96,550.95,550.95,550.95,550.95,550.94,550.95,550.94
550.0,tCal,550.94,550.94,550.94,550.94,550.94,550.95,550.95,550.95
550.0,tCal,550.96,550.95,550.95,550.95,550.95,550.95,550.95,550.95
650.0,tCal,550.94,550.95,550.94,550.94,550.93,550.94,550.94,550.94
650.0,tCal,550.94,550.94,550.95,550.95,550.95,550.95,550.95,550.96
650.0,tCal,551.02,551.03,551.05,551.05,551.06,551.07,551.09,551.1
650.0,tCal,551.27,551.3,551.32,551.34,551.36,551.39,551.41,551.44
650.0,tCal,551.74,551.78,551.82,551.85,551.9,551.93,551.97,552.02
650.0,tCal,552.43,552.49,552.54,552.59,552.64,552.69,552.75,552.8
650.0,tCal,553.34,553.4,553.48,553.54,553.6,553.66,553.73,553.79
650.0,tCal,554.46,554.53,554.6,554.67,554.74,554.82,554.89,554.97
650.0,tCal,555.73,555.82,555.9,555.97,556.06,556.15,556.23,556.32
650.0,tCal,557.17,557.26,557.35,557.45,557.54,557.62,557.72,557.81
650.0,tCal,558.76,558.86,558.95,559.04,559.16,559.25,559.35,559.45
650.0,tCal,560.46,560.56,560.67,560.77,560.88,560.99,561.1,561.21
650.0,tCal,562.26,562.37,562.49,562.6,562.72,562.83,562.95,563.05
650.0,tCal,564.16,564.28,564.39,564.51,564.62,564.74,564.86,564.97
650.0,tCal,566.11,566.23,566.35,566.48,566.6,566.72,566.85,566.97
650.0,tCal,568.14,568.28,568.4,568.51,568.65,568.78,568.91,569.03
650.0,tCal,570.26,570.38,570.51,570.62,570.76,570.89,571.02,571.15
650.0,tCal,572.38,572.52,572.65,572.78,572.91,573.04,573.17,573.3
650.0,tCal,574.56,574.69,574.82,574.96,575.09,575.22,575.36,575.49
650.0,tCal,576.79,576.92,577.05,577.18,577.32,577.45,577.58,577.71
650.0,tCal,579.02,579.16,579.29,579.43,579.56,579.7,579.84,579.98
650.0,tCal,581.29,581.43,581.57,581.69,581.84,581.97,582.1,582.24
650.0,tCal,583.58,583.72,583.86,583.99,584.13,584.26,584.41,584.53
650.0,tCal,585.85,585.99,586.13,586.26,586.4,586.54,586.67,586.81
650.0,tCal,588.16,588.29,588.42,588.57,588.71,588.85,588.99,589.13
650.0,tCal,590.47,590.6,590.75,590.89,591.04,591.17,591.3,591.43
650.0,tCal,592.78,592.91,593.06,593.2,593.33,593.47,593.61,593.75
650.0,tCal,595.06,595.2,595.35,595.48,595.61,595.76,595.88,596.03
650.0,tCal,597.33,597.46,597.61,597.74,597.87,597.99,598.14,598.27
650.0,tCal,599.56,599.71,599.84,599.97,600.11,600.24,600.38,600.51
650.0,tCal,601.77,601.91,602.04,602.16,602.3,602.42,602.55,602.67
650.0,tCal,603.89,604.01,604.14,604.27,604.39,604.51,604.64,604.77
650.0,tCal,605.96,606.08,606.19,606.31,606.44,606.56,606.67,606.79
650.0,tCal,607.92,608.04,608.16,608.27,608.39,608.5,608.62,608.73
650.0,tCal,609.85,609.96,610.07,610.19,610.29,610.41,610.52,610.64
650.0,tCal,611.73,611.86,611.96,612.07,612.18,612.29,612.4,612.51
650.0,tCal,613.56,613.66,613.77,613.87,613.98,614.08,614.19,614.3
650.0,tCal,615.32,615.42,615.52,615.63,615.74,615.84,615.94,616.05
650.0,tCal,617.03,617.14,617.25,617.34,617.45,617.55,617.64,617.74
650.0,tCal,618.7,618.79,618.9,619.0,619.09,619.2,619.29,619.38
650.0,tCal,620.31,620.4,620.5,620.59,620.68,620.77,620.87,620.96
650.0,tCal,621.84,621.93,622.02,622.11,622.21,622.3,622.38,622.47
650.0,tCal,623.32,623.4,623.49,623.58,623.66,623.75,623.84,623.92
650.0,tCal,624.74,624.82,624.91,624.99,625.07,625.15,625.23,625.32
650.0,tCal,626.09,626.18,626.26,626.35,626.42,626.5,626.58,626.66
650.0,tCal,627.4,627.49,627.57,627.65,627.73,627.8,627.89,627.95
650.0,tCal,628.7,628.77,628.84,628.91,628.98,629.05,629.13,629.21
650.0,tCal,629.91,629.98,630.06,630.13,630.2,630.26,630.34,630.4
650.0,tCal,631.07,631.15,631.21,631.29,631.35,631.42,631.49,631.56
650.0,tCal,632.18,632.24,632.31,632.37,632.43,632.49,632.55,632.61
650.0,tCal,633.22,633.29,633.35,633.41,633.46,633.53,633.59,633.65
650.0,tCal,634.23,634.29,634.36,634.42,634.48,634.54,634.61,634.66
650.0,tCal,635.23,635.29,635.35,635.4,635.45,635.5,635.56,635.62
650.0,tCal,636.14,636.19,636.25,636.32,636.38,636.43,636.48,636.54
650.0,tCal,637.05,637.09,637.15,637.19,637.24,637.3,637.34,637.39
650.0,tCal,637.86,637.91,637.96,638.01,638.07,638.11,638.16,638.21
650.0,tCal,638.68,638.73,638.78,638.82,638.87,638.91,638.95,639.0
650.0,tCal,639.44,639.49,639.52,639.57,639.62,639.66,639.71,639.76
650.0,tCal,640.18,640.22,640.26,640.31,640.35,640.39,640.43,640.47
650.0,tCal,640.88,640.92,640.97,641.0,641.05,641.09,641.14,641.19
650.0,tCal,641.56,641.6,641.64,641.68,641.71,641.75,641.79,641.83
650.0,tCal,642.17,642.22,642.25,642.28,642.31,642.35,642.4,642.42
650.0,tCal,642.77,642.81,642.83,642.88,642.91,642.93,642.98,643.02
650.0,tCal,643.35,643.38,643.42,643.45,643.48,643.51,643.55,643.58
650.0,tCal,643.9,643.92,643.96,643.98,644.01,644.03,644.07,644.1
650.0,tCal,644.38,644.42,644.45,644.47,644.5,644.53,644.57,644.59
650.0,tCal,644.85,644.88,644.91,644.93,644.96,644.99,645.02,645.04
650.0,tCal,645.3,645.34,645.35,645.39,645.42,645.44,645.46,645.49
650.0,tCal,645.76,645.79,645.8,645.83,645.85,645.88,645.91,645.93
650.0,tCal,646.17,646.19,646.22,646.24,646.26,646.29,646.31,646.33
650.0,tCal,646.56,646.59,646.62,646.63,646.65,646.68,646.71,646.73
650.0,tCal,646.93,646.95,646.97,646.98,647.0,647.03,647.05,647.07
650.0,tCal,647.27,647.27,647.3,647.32,647.34,647.35,647.37,647.39
650.0,tCal,647.57,647.59,647.61,647.63,647.65,647.67,647.68,647.71
650.0,tCal,647.91,647.92,647.94,647.96,647.98,647.99,648.01,648.03
650.0,tCal,648.19,648.2,648.22,648.24,648.26,648.26,648.29,648.3
650.0,tCal,648.46,648.47,648.48,648.49,648.51,648.53,648.54,648.56
650.0,tCal,648.69,648.7,648.72,648.73,648.75,648.76,648.79,648.8
650.0,tCal,648.96,648.96,648.97,648.99,648.99,649.01,649.02,649.02
650.0,tCal,649.15,649.15,649.17,649.19,649.2,649.22,649.23,649.24
650.0,tCal,649.35,649.37,649.38,649.41,649.42,649.43,649.44,649.45
650.0,tCal,649.55,649.56,649.58,649.58,649.58,649.59,649.6,649.62
650.0,tCal,649.7,649.71,649.74,649.76,649.77,649.8,649.81,649.83
650.0,tCal,649.9,649.92,649.93,649.93,649.93,649.95,649.96,649.96
650.0,tCal,650.03,650.04,650.05,650.05,650.07,650.08,650.09,650.11
650.0,tCal,650.19,650.19,650.2,650.21,650.22,650.23,650.24,650.24
650.0,tCal,650.3,650.3,650.31,650.32,650.33,650.34,650.35,650.35
650.0,tCal,650.4,650.41,650.42,650.42,650.43,650.43,650.44,650.45
650.0,tCal,650.54,650.55,650.55,650.56,650.56,650.57,650.58,650.59
650.0,tCal,650.65,650.65,650.65,650.66,650.67,650.68,650.69,650.69
650.0,tCal,650.75,650.76,650.77,650.78,650.78,650.79,650.8,650.8
650.0,tCal,650.88,650.88,650.88,650.89,650.9,650.9,650.91,650.91
650.0,tCal,650.96,650.96,650.96,650.97,650.98,650.99,650.99,650.99
650.0,tCal,651.03,651.04,651.04,651.04,651.05,651.04,651.04,651.04
650.0,tCal,651.09,651.09,651.1,651.1,651.1,651.09,651.1,651.11
650.0,tCal,651.13,651.14,651.15,651.14,651.15,651.14,651.16,651.16
650.0,tCal,651.18,651.19,651.18,651.18,651.19,651.19,651.2,651.21
650.0,tCal,651.21,651.23,651.22,651.24,651.25,651.24,651.25,651.25
650.0,tCal,651.27,651.27,651.27,651.27,651.27,651.28,651.28,651.28
650.0,tCal,651.3,651.31,651.31,651.32,651.32,651.32,651.32,651.32
650.0,tCal,651.34,651.33,651.34,651.34,651.34,651.35,651.35,651.35
650.0,tCal,651.38,651.38,651.38,651.37,651.37,651.37,651.38,651.38
650.0,tCal,651.38,651.38,651.38,651.39,651.39,651.39,651.39,651.4
650.0,tCal,651.4,651.41,651.41,651.42,651.43,651.43,651.44,651.44
650.0,tCal,651.45,651.45,651.46,651.46,651.47,651.47,651.46,651.46
650.0,tCal,651.46,651.47,651.48,651.48,651.48,651.49,651.49,651.49
650.0,tCal,651.5,651.51,651.51,651.51,651.5,651.5,651.51,651.5
650.0,tCal,651.53,651.53,651.53,651.53,651.53,651.53,651.52,651.52
650.0,tCal,651.52,651.53,651.54,651.54,651.54,651.55,651.55,651.55
650.0,tCal,651.54,651.54,651.54,651.54,651.54,651.54,651.54,651.54
650.0,tCal,651.53,651.53,651.52,651.52,651.53,651.53,651.53,651.54
650.0,tCal,651.56,651.55,651.55,651.55,651.54,651.54,651.54,651.54
650.0,tCal,651.55,651.55,651.56,651.55,651.55,651.54,651.54,651.54
650.0,tCal,651.52,651.51,651.52,651.52,651.52,651.52,651.51,651.51
650.0,tCal,651.51,651.51,651.52,651.51,651.51,651.51,651.5,651.5
650.0,tCal,651.5,651.5,651.5,651.49,651.5,651.5,651.5,651.5
650.0,tCal,651.48,651.49,651.49,651.49,651.49,651.49,651.5,651.49
650.0,tCal,651.51,651.51,651.5,651.5,651.51,651.5,651.5,651.5
650.0,tCal,651.5,651.5,651.5,651.5,651.51,651.5,651.51,651.51
650.0,tCal,651.52,651.52,651.51,651.5,651.5,651.5,651.51,651.5
650.0,tCal,651.48,651.49,651.5,651.49,651.5,651.49,651.49,651.48
650.0,tCal,651.48,651.47,651.47,651.47,651.48,651.47,651.47,651.46
650.0,tCal,651.47,651.46,651.46,651.47,651.47,651.46,651.46,651.46
650.0,tCal,651.44,651.44,651.44,651.43,651.44,651.44,651.44,651.44
650.0,tCal,651.42,651.42,651.42,651.42,651.42,651.43,651.42,651.42
650.0,tCal,651.4,651.4,651.39,651.4,651.39,651.39,651.38,651.38
650.0,tCal,651.37,651.37,651.37,651.37,651.38,651.38,651.38,651.38
650.0,tCal,651.38,651.38,651.38,651.38,651.38,651.38,651.38,651.38
650.0,tCal,651.37,651.36,651.37,651.37,651.36,651.36,651.36,651.36
650.0,tCal,651.35,651.35,651.34,651.34,651.34,651.33,651.32,651.33
650.0,tCal,651.29,651.29,651.3,651.31,651.31,651.31,651.31,651.32
650.0,tCal,651.33,651.33,651.33,651.34,651.34,651.33,651.33,651.33
650.0,tCal,651.3,651.29,651.29,651.29,651.28,651.28,651.29,651.28
650.0,tCal,651.29,651.29,651.28,651.28,651.28,651.27,651.27,651.28
650.0,tCal,651.28,651.28,651.29,651.29,651.29,651.3,651.29,651.29
650.0,tCal,651.29,651.28,651.28,651.29,651.29,651.29,651.28,651.29
650.0,tCal,651.27,651.27,651.27,651.27,651.28,651.27,651.27,651.27
650.0,tCal,651.27,651.26,651.26,651.25,651.25,651.25,651.25,651.25
650.0,tCal,651.25,651.24,651.24,651.24,651.25,651.25,651.25,651.25
650.0,tCal,651.24,651.24,651.24,651.24,651.23,651.24,651.23,651.24
650.0,tCal,651.24,651.24,651.22,651.23,651.23,651.24,651.23,651.21
650.0,tCal,651.21,651.22,651.22,651.21,651.22,651.22,651.22,651.22
650.0,tCal,651.22,651.23,651.24,651.25,651.24,651.24,651.24,651.23
650.0,tCal,651.22,651.22,651.23,651.23,651.23,651.22,651.22,651.23
650.0,tCal,651.19,651.2,651.2,651.2,651.18,651.17,651.17,651.17
650.0,tCal,651.16,651.15,651.15,651.15,651.15,651.14,651.15,651.15
650.0,tCal,651.14,651.14,651.14,651.15,651.14,651.14,651.14,651.14
650.0,tCal,651.13,651.13,651.14,651.14,651.13,651.13,651.13,651.13
650.0,tCal,651.14,651.13,651.13,651.13,651.13,651.12,651.13,651.13
650.0,tCal,651.12,651.11,651.11,651.11,651.11,651.12,651.11,651.11
650.0,tCal,651.09,651.09,651.09,651.1,651.1,651.09,651.09,651.08
650.0,tCal,651.09,651.08,651.08,651.08,651.08,651.08,651.08,651.08
650.0,tCal,651.09,651.09,651.1,651.09,651.1,651.1,651.09,651.09
650.0,tCal,651.07,651.06,651.07,651.07,651.06,651.07,651.06,651.06
650.0,tCal,651.06,651.07,651.06,651.06,651.05,651.05,651.06,651.07
650.0,tCal,651.07,651.06,651.07,651.07,651.08,651.07,651.07,651.07
650.0,tCal,651.07,651.06,651.06,651.06,651.06,651.06,651.05,651.05
650.0,tCal,651.05,651.05,651.05,651.05,651.05,651.05,651.06,651.06
650.0,tCal,651.06,651.06,651.07,651.06,651.06,651.07,651.07,651.07
650.0,tCal,651.04,651.05,651.05,651.05,651.06,651.05,651.05,651.05
650.0,tCal,651.06,651.06,651.06,651.06,651.06,651.05,651.05,651.05
650.0,tCal,651.05,651.06,651.05,651.04,651.05,651.06,651.06,651.06
650.0,tCal,651.06,651.06,651.05,651.05,651.05,651.04,651.04,651.04
650.0,tCal,651.04,651.03,651.05,651.04,651.04,651.04,651.04,651.04
650.0,tCal,651.04,651.05,651.05,651.04,651.04,651.04,651.04,651.03
650.0,tCal,651.04,651.04,651.03,651.04,651.04,651.04,651.04,651.04
650.0,tCal,651.04,651.04,651.04,651.04,651.04,651.04,651.04,651.03
650.0,tCal,651.04,651.04,651.04,651.03,651.03,651.04,651.05,651.04
650.0,tCal,651.03,651.03,651.02,651.03,651.03,651.03,651.02,651.03
650.0,tCal,651.01,651.01,651.02,651.01,651.02,651.02,651.02,651.01
650.0,tCal,651.01,651.01,651.0,651.01,651.0,650.99,651.0,651.0
650.0,tCal,650.99,650.99,650.98,650.99,650.99,650.99,650.99,650.99
650.0,tCal,650.99,650.99,650.99,650.99,651.0,651.0,651.0,650.99
650.0,tCal,650.99,650.99,650.99,651.0,650.98,650.97,650.97,650.97
650.0,tCal,650.99,650.99,650.98,650.98,650.99,650.99,650.99,650.99
650.0,tCal,650.97,650.98,650.99,650.99,650.98,650.98,650.99,650.98
650.0,tCal,650.96,650.96,650.96,650.97,650.96,650.96,650.97,650.97
650.0,tCal,650.97,650.98,650.99,650.98,650.98,650.99,650.98,650.99
650.0,tCal,650.99,650.99,650.99,650.99,650.99,650.99,651.0,651.0
650.0,tCal,650.99,651.0,651.01,651.0,651.0,650.99,650.99,651.0
650.0,tCal,650.99,650.98,650.98,650.98,650.99,650.98,650.99,650.99
650.0,tCal,651.0,651.0,650.99,651.0,651.0,650.99,651.0,651.0
650.0,tCal,651.0,651.01,651.01,651.01,651.0,651.0,651.0,651.01
650.0,tCal,650.99,650.99,650.99,650.99,651.0,651.0,651.0,651.0
650.0,tCal,651.01,651.01,651.0,651.0,651.0,651.0,651.01,651.0
650.0,tCal,651.0,651.0,651.01,651.01,651.0,651.0,650.99,651.0
650.0,tCal,650.98,650.99,651.0,651.0,651.0,650.98,650.99,650.99
650.0,tCal,651.0,651.0,650.99,650.99,650.99,650.99,650.98,650.98
650.0,tCal,650.99,650.98,650.99,650.99,650.99,650.99,650.99,650.99
650.0,tCal,650.98,650.99,650.98,650.97,650.97,650.97,650.97,650.97
650.0,tCal,650.99,651.0,651.0,651.0,651.0,651.0,650.99,651.0
650.0,tCal,651.02,651.02,651.02,651.01,651.0,651.0,651.0,651.01
650.0,tCal,651.0,651.0,651.0,651.0,650.99,651.0,651.0,651.0
650.0,tCal,650.99,650.99,650.99,650.98,650.97,650.98,650.97,650.98
650.0,tCal,650.98,650.98,650.98,650.98,650.98,650.98,650.98,650.99
650.0,tCal,650.98,650.98,650.99,650.99,650.98,650.98,650.99,650.98
650.0,tCal,651.0,651.0,651.01,651.0,651.0,651.01,651.01,651.01
650.0,tCal,651.0,651.0,651.0,650.99,651.0,651.0,651.01,651.0
650.0,tCal,650.99,651.0,651.0,650.99,650.99,650.99,650.98,650.98
650.0,tCal,651.0,651.0,650.99,650.99,651.0,651.0,650.99,650.98
650.0,tCal,650.97,650.98,650.97,650.98,650.97,650.97,650.97,650.97
650.0,tCal,650.98,650.98,650.98,650.98,650.99,650.99,650.99,651.0
650.0,tCal,650.97,650.97,650.97,650.97,650.97,650.96,650.96,650.96
650.0,tCal,650.95,650.97,650.96,650.97,650.97,650.97,650.97,650.98
650.0,tCal,650.99,650.98,650.98,650.98,650.98,650.98,650.98,650.97
650.0,tCal,650.94,650.94,650.95,650.94,650.94,650.94,650.94,650.94
650.0,tCal,650.96,650.96,650.95,650.95,650.95,650.93,650.93,650.93
650.0,tCal,650.93,650.93,650.93,650.93,650.94,650.93,650.94,650.95
650.0,tCal,650.96,650.96,650.97,650.96,650.96,650.95,650.97,650.96
650.0,tCal,650.96,650.96,650.96,650.96,650.96,650.96,650.96,650.97
650.0,tCal,650.96,650.96,650.96,650.96,650.97,650.97,650.98,650.98
650.0,tCal,650.98,650.99,650.99,650.98,650.99,650.98,650.98,650.98
650.0,tCal,650.98,650.98,650.98,650.99,650.97,650.98,650.97,650.97
650.0,tCal,650.97,650.97,650.97,650.97,650.97,650.97,650.97,650.98
650.0,tCal,650.95,650.94,650.94,650.95,650.95,650.95,650.96,650.95
650.0,tCal,650.95,650.95,650.95,650.94,650.95,650.96,650.96,650.96
650.0,tCal,650.96,650.97,650.96,650.96,650.96,650.96,650.96,650.96
650.0,tCal,650.97,650.97,650.96,650.96,650.97,650.97,650.97,650.97
650.0,tCal,650.98,650.97,650.97,650.98,650.98,650.98,650.98,650.98
650.0,tCal,650.98,650.97,650.97,650.98,650.98,650.98,650.98,650.98
650.0,tCal,650.98,650.98,650.97,650.97,650.96,650.95,650.96,650.95
650.0,tCal,650.95,650.95,650.95,650.94,650.95,650.95,650.94,650.94
650.0,tCal,650.94,650.93,650.93,650.93,650.93,650.93,650.93,650.93
650.0,tCal,650.91,650.91,650.91,650.91,650.91,650.92,650.92,650.93
650.0,tCal,650.93,650.93,650.92,650.92,650.93,650.93,650.93,650.91
650.0,tCal,650.92,650.91,650.92,650.92,650.91,650.91,650.92,650.92
650.0,tCal,650.94,650.94,650.94,650.94,650.95,650.94,650.94,650.95
650.0,tCal,650.95,650.95,650.96,650.95,650.95,650.95,650.95,650.95
650.0,tCal,650.95,650.95,650.95,650.95,650.95,650.96,650.95,650.96
650.0,tCal,650.94,650.93,650.94,650.94,650.94,650.94,650.94,650.94
650.0,tCal,650.94,650.95,650.95,650.95,650.94,650.95,650.95,650.95
650.0,tCal,650.92,650.93,650.93,650.92,650.93,650.93,650.92,650.92
650.0,tCal,650.91,650.92,650.92,650.93,650.93,650.93,650.93,650.93
650.0,tCal,650.93,650.93,650.92,650.93,650.92,650.91,650.92,650.93
650.0,tCal,650.93,650.94,650.93,650.93,650.93,650.94,650.93,650.93
650.0,tCal,650.93,650.92,650.91,650.91,650.91,650.92,650.92,650.93
650.0,tCal,650.92,650.93,650.93,650.93,650.93,650.94,650.93,650.94
650.0,tCal,650.97,650.98,650.97,650.96,650.96,650.96,650.96,650.96
650.0,tCal,650.95,650.96,650.95,650.95,650.95,650.95,650.94,650.94
650.0,tCal,650.95,650.95,650.94,650.94,650.94,650.94,650.94,650.94
650.0,tCal,650.94,650.95,650.94,650.94,650.96,650.95,650.96,650.96
650.0,tCal,650.95,650.94,650.95,650.94,650.94,650.94,650.94,650.94
650.0,tCal,650.94,650.94,650.95,650.95,650.95,650.95,650.96,650.96
650.0,tCal,650.95,650.96,650.95,650.96,650.96,650.96,650.96,650.96
650.0,tCal,650.96,650.96,650.96,650.96,650.96,650.96,650.96,650.96
650.0,tCal,650.98,650.98,650.98,650.98,650.98,650.97,650.97,650.96
650.0,tCal,650.96,650.95,650.95,650.96,650.96,650.96,650.97,650.96
650.0,tCal,650.97,650.98,650.98,650.98,650.97,650.97,650.97,650.97
650.0,tCal,650.96,650.96,650.95,650.95,650.96,650.96,650.97,650.97
650.0,tCal,650.96,650.97,650.96,650.96,650.96,650.96,650.96,650.96
650.0,tCal,650.95,650.96,650.96,650.96,650.95,650.96,650.95,650.95
650.0,tCal,650.97,650.96,650.97,650.97,650.97,650.97,650.96,650.96
650.0,tCal,650.97,650.96,650.97,650.97,650.97,650.96,650.96,650.95
650.0,tCal,650.96,650.96,650.97,650.97,650.97,650.96,650.96,650.96
650.0,tCal,650.97,650.97,650.97,650.97,650.97,650.97,650.97,650.97
650.0,tCal,650.98,650.99,650.98,650.98,650.99,650.99,651.0,650.99
650.0,tCal,650.99,650.98,650.98,650.98,650.98,650.98,650.99,650.99
650.0,tCal,650.99,650.99,651.0,650.99,650.99,650.99,650.99,650.99
650.0,tCal,650.99,650.98,650.98,650.98,650.98,650.98,650.98,650.97
650.0,tCal,650.97,650.98,650.98,650.98,650.98,650.98,650.99,650.97
650.0,tCal,650.97,650.97,650.97,650.97,650.96,650.97,650.97,650.96
650.0,tCal,650.94,650.95,650.95,650.94,650.94,650.96,650.95,650.96
650.0,tCal,650.96,650.97,650.96,650.96,650.95,650.95,650.96,650.96
650.0,tCal,650.97,650.97,650.98,650.98,650.98,650.99,650.98,650.99
650.0,tCal,650.98,650.98,650.97,650.97,650.97,650.97,650.97,650.97
650.0,tCal,650.96,650.96,650.96,650.97,650.96,650.96,650.97,650.96
650.0,tCal,650.94,650.96,650.95,650.96,650.95,650.95,650.95,650.95
650.0,tCal,650.95,650.95,650.95,650.97,650.96,650.96,650.96,650.95
650.0,tCal,650.98,650.97,650.97,650.98,650.98,650.98,650.98,650.98
650.0,tCal,650.97,650.98,650.99,650.98,650.97,650.97,650.99,650.98
650.0,tCal,650.98,650.98,650.98,650.98,650.98,650.99,650.98,650.98
650.0,tCal,650.99,650.98,650.97,650.97,650.96,650.96,650.96,650.96
650.0,tCal,650.96,650.96,650.96,650.97,650.96,650.97,650.96,650.96
650.0,tCal,650.95,650.95,650.95,650.94,650.94,650.95,650.95,650.95
650.0,tCal,650.99,650.99,650.99,650.99,650.98,650.99,650.99,650.99
650.0,tCal,650.99,651.0,650.99,650.99,650.99,650.99,650.99,650.99
650.0,tCal,650.99,650.99,650.99,651.01,651.0,651.0,651.0,651.01
650.0,tCal,650.98,650.98,650.99,650.99,650.99,650.99,650.99,650.99
650.0,tCal,650.99,651.0,651.01,651.0,651.0,651.0,651.0,651.0
650.0,tCal,651.01,651.0,651.0,651.01,651.02,651.01,651.01,651.01
650.0,tCal,651.0,651.0,651.0,651.0,651.0,651.0,651.01,651.01
650.0,tCal,651.01,651.01,651.01,651.01,651.0,651.01,651.01,651.01
650.0,tCal,650.98,650.99,650.99,650.99,651.0,650.99,650.99,651.0
650.0,tCal,650.99,650.99,650.99,650.99,650.98,650.98,651.0,651.0
650.0,tCal,651.0,651.0,651.0,651.0,651.0,651.01,651.0,651.0
650.0,tCal,651.0,651.0,651.0,651.0,651.0,650.99,651.0,650.99
650.0,tCal,651.0,651.0,651.0,651.0,651.01,651.01,651.01,651.0
650.0,tCal,651.0,651.0,651.0,651.0,651.0,651.0,650.99,650.99
650.0,tCal,651.02,651.02,651.03,651.03,651.03,651.03,651.02,651.02
650.0,tCal,651.0,651.0,651.01,651.0,651.0,650.99,650.99,650.98
650.0,tCal,650.97,650.98,650.98,650.98,650.98,650.97,650.98,650.98
650.0,tCal,650.98,650.98,650.97,650.98,650.98,650.98,650.98,650.97
650.0,tCal,650.98,650.98,650.98,650.98,650.97,650.98,650.98,650.99
650.0,tCal,650.98,650.98,650.98,650.98,650.97,650.97,650.97,650.97
650.0,tCal,650.98,650.97,650.98,650.98,650.97,650.96,650.96,650.95
650.0,tCal,650.99,650.99,650.99,650.98,650.98,650.97,650.97,650.97
650.0,tCal,650.97,650.97,650.97,650.97,650.98,650.98,650.99,650.99
650.0,tCal,650.98,650.99,650.99,650.98,650.98,650.99,650.99,650.99
650.0,tCal,650.97,650.96,650.96,650.97,650.97,650.98,650.97,650.98
650.0,tCal,650.97,650.98,650.98,650.98,650.98,650.98,650.97,650.97
650.0,tCal,650.98,650.98,650.99,650.99,650.99,650.98,650.97,650.97
650.0,tCal,650.98,650.99,650.98,650.99,650.99,651.0,650.99,650.99
650.0,tCal,650.98,650.97,650.97,650.97,650.97,650.96,650.98,650.98
650.0,tCal,651.0,651.01,651.01,651.0,651.01,651.01,651.0,651.01
650.0,tCal,651.01,651.01,651.01,651.0,650.99,650.99,651.0,651.0
650.0,tCal,651.0,651.0,651.01,651.01,651.02,651.01,651.01,651.0
650.0,tCal,651.01,651.01,651.02,651.02,651.02,651.01,651.01,651.01
650.0,tCal,651.04,651.03,651.04,651.03,651.03,651.02,651.02,651.02
650.0,tCal,651.03,651.02,651.03,651.03,651.03,651.03,651.03,651.03
650.0,tCal,651.0,651.01,651.01,651.01,651.01,651.02,651.02,651.02
650.0,tCal,651.02,651.03,651.04,651.04,651.03,651.04,651.04,651.03
650.0,tCal,651.04,651.04,651.05,651.04,651.04,651.04,651.04,651.04
650.0,tCal,651.04,651.04,651.04,651.04,651.03,651.03,651.03,651.03
650.0,tCal,651.02,651.03,651.03,651.03,651.04,651.03,651.02,651.03
650.0,tCal,651.02,651.02,651.02,651.02,651.02,651.02,651.02,651.02
650.0,tCal,651.0,651.01,651.01,651.01,651.01,651.02,651.02,651.01
650.0,tCal,651.02,651.02,651.02,651.02,651.01,651.02,651.02,651.01
650.0,tCal,651.02,651.02,651.02,651.03,651.02,651.03,651.03,651.03
650.0,tCal,651.01,651.01,651.01,651.01,651.01,651.01,651.0,651.0
650.0,tCal,651.02,651.02,651.02,651.02,651.02,651.02,651.03,651.02
650.0,tCal,651.01,651.02,651.02,651.02,651.02,651.01,651.02,651.03
650.0,tCal,651.03,651.02,651.01,651.01,651.01,651.01,651.03,651.02
650.0,tCal,651.03,651.03,651.04,651.04,651.04,651.04,651.04,651.04
650.0,tCal,651.02,651.04,651.03,651.03,651.03,651.03,651.03,651.02
650.0,tCal,651.03,651.03,651.03,651.03,651.02,651.01,651.01,651.02
650.0,tCal,651.01,651.0,651.0,651.01,651.01,651.01,651.01,651.01
650.0,tCal,651.0,651.0,651.0,651.0,651.0,650.98,650.98,650.99
650.0,tCal,651.01,651.01,651.02,651.02,651.02,651.02,651.02,651.02
650.0,tCal,651.02,651.02,651.02,651.01,651.01,651.02,651.01,651.01
650.0,tCal,651.02,651.02,651.02,651.01,651.02,651.0,651.0,651.01
650.0,tCal,651.03,651.03,651.01,651.01,651.02,651.02,651.01,651.02
650.0,tCal,651.02,651.02,651.02,651.02,651.02,651.01,651.01,651.02
650.0,tCal,651.0,650.99,650.99,650.99,651.0,651.0,651.0,651.01
650.0,tCal,651.01,651.0,651.01,651.01,651.01,651.01,651.0,651.0
650.0,tCal,651.01,651.01,651.02,651.01,651.01,651.01,651.01,651.01
650.0,tCal,651.0,651.01,651.01,651.01,651.01,651.01,651.01,651.02
650.0,tCal,651.01,651.01,651.01,651.0,651.01,651.01,651.01,651.01
650.0,tCal,651.0,651.01,651.0,651.01,651.0,651.01,651.01,651.0
650.0,tCal,651.01,651.0,651.01,651.02,651.01,651.01,651.02,651.01
650.0,tCal,650.99,651.0,650.99,650.98,650.99,650.99,650.99,650.99
650.0,tCal,651.0,651.01,651.0,651.0,651.01,651.0,651.0,650.99
650.0,tCal,650.99,651.0,650.99,651.0,651.0,651.0,650.99,650.99
650.0,tCal,650.99,650.99,650.98,650.98,650.97,650.98,650.97,650.97
650.0,tCal,650.98,650.98,650.98,650.97,650.98,650.98,650.97,650.97
650.0,tCal,650.97,650.99,650.99,650.99,650.98,650.99,650.98,650.98
650.0,tCal,650.96,650.97,650.96,650.98,650.98,650.98,650.98,650.98
650.0,tCal,650.97,650.96,650.97,650.97,650.96,650.96,650.96,650.95
650.0,tCal,650.96,650.96,650.95,650.95,650.95,650.95,650.94,650.95
650.0,tCal,650.96,650.96,650.96,650.96,650.96,650.97,650.97,650.98
650.0,tCal,650.99,650.99,650.98,650.98,650.98,650.98,650.99,650.99
650.0,tCal,651.0,651.0,650.99,650.99,650.99,651.0,651.0,650.99
650.0,tCal,651.01,651.01,651.01,651.01,651.02,651.02,651.02,651.02
650.0,tCal,651.01,650.99,651.0,651.0,650.99,651.0,651.0,651.0
650.0,tCal,651.0,651.0,651.0,650.99,650.99,651.0,651.0,650.99
650.0,tCal,650.99,651.0,650.99,650.99,650.99,650.99,650.99,650.98
650.0,tCal,651.0,650.99,650.98,650.98,650.98,650.98,650.98,650.97
650.0,tCal,650.97,650.97,650.97,650.97,650.97,650.97,650.95,650.95
650.0,tCal,650.93,650.93,650.93,650.93,650.94,650.94,650.93,650.93
650.0,tCal,650.94,650.94,650.94,650.94,650.94,650.93,650.94,650.95
650.0,tCal,650.95,650.94,650.95,650.94,650.96,650.95,650.95,650.94
650.0,tCal,650.95,650.95,650.94,650.94,650.93,650.94,650.93,650.94
650.0,tCal,650.92,650.93,650.92,650.92,650.92,650.91,650.91,650.91
650.0,tCal,650.91,650.91,650.92,650.91,650.91,650.92,650.92,650.91
650.0,tCal,650.91,650.92,650.91,650.91,650.91,650.91,650.9,650.9
650.0,tCal,650.9,650.91,650.9,650.9,650.89,650.89,650.89,650.9
650.0,tCal,650.91,650.91,650.91,650.91,650.92,650.92,650.92,650.93
650.0,tCal,650.92,650.92,650.92,650.92,650.92,650.92,650.92,650.92
650.0,tCal,650.93,650.93,650.93,650.93,650.93,650.94,650.93,650.93
650.0,tCal,650.95,650.95,650.94,650.94,650.94,650.94,650.94,650.94
650.0,tCal,650.94,650.93,650.93,650.94,650.94,650.94,650.94,650.95
650.0,tCal,650.93,650.94,650.94,650.95,650.96,650.95,650.96,650.96
650.0,tCal,650.95,650.96,650.96,650.97,650.96,650.96,650.95,650.95
650.0,tCal,650.95,650.94,650.94,650.94,650.95,650.95,650.94,650.95
650.0,tCal,650.96,650.96,650.95,650.95,650.95,650.96,650.95,650.95
650.0,tCal,650.96,650.95,650.96,650.94,650.95,650.94,650.95,650.95
650.0,tCal,650.95,650.95,650.95,650.95,650.95,650.94,650.94,650.94
650.0,tCal,650.95,650.95,650.95,650.95,650.96,650.96,650.96,650.96
650.0,tCal,650.96,650.97,650.98,650.98,650.97,650.97,650.99,650.98
650.0,tCal,650.99,650.99,650.99,650.99,650.99,650.99,651.0,651.0
650.0,tCal,651.0,651.0,650.99,650.99,650.98,650.98,650.98,650.97
650.0,tCal,650.97,650.97,650.97,650.97,650.97,650.97,650.97,650.96
650.0,tCal,650.97,650.97,650.97,650.97,650.97,650.97,650.97,650.96
650.0,tCal,650.95,650.95,650.96,650.95,650.96,650.95,650.95,650.95
650.0,tCal,650.95,650.96,650.96,650.96,650.96,650.96,650.96,650.96
650.0,tCal,650.95,650.95,650.95,650.95,650.95,650.94,650.95,650.94
650.0,tCal,650.96,650.96,650.96,650.96,650.96,650.97,650.96,650.96
650.0,tCal,650.99,650.99,650.99,651.0,650.99,650.99,650.99,651.0
650.0,tCal,650.99,651.0,651.0,651.0,651.0,651.0,651.01,651.0
650.0,tCal,650.99,650.99,651.0,651.0,651.0,651.0,651.0,651.0
650.0,tCal,650.98,650.97,650.97,650.97,650.96,650.96,650.95,650.95
650.0,tCal,650.96,650.95,650.95,650.95,650.95,650.95,650.95,650.95
650.0,tCal,650.97,650.97,650.97,650.96,650.95,650.96,650.94,650.95
650.0,tCal,650.97,650.97,650.98,650.99,650.98,650.98,650.98,650.98
650.0,tCal,651.0,650.99,651.0,651.0,650.99,650.99,650.99,650.99
650.0,tCal,650.99,651.0,651.0,651.01,651.01,651.01,651.01,651.01
650.0,tCal,651.01,651.01,651.01,651.0,651.0,650.99,650.99,651.0
650.0,tCal,651.0,650.99,650.99,650.99,650.99,651.01,651.0,651.0
650.0,tCal,651.03,651.02,651.01,651.02,651.01,651.01,651.02,651.01
650.0,tCal,651.0,651.0,651.0,651.0,651.01,651.01,651.01,651.02
650.0,tCal,651.0,651.0,651.0,651.0,651.01,651.0,651.01,651.01
650.0,tCal,651.0,651.0,651.0,651.0,650.99,650.99,650.99,650.99
650.0,tCal,650.99,651.0,651.0,651.0,651.0,651.01,651.01,651.02
650.0,tCal,650.99,650.99,650.99,650.99,650.99,650.99,650.99,650.98
650.0,tCal,651.0,650.99,650.98,650.99,650.98,650.99,650.98,650.99
650.0,tCal,651.0,650.99,650.99,651.0,651.0,651.0,651.0,651.0
650.0,tCal,651.02,651.03,651.02,651.02,651.02,651.02,651.03,651.03
650.0,tCal,651.04,651.03,651.03,651.03,651.04,651.03,651.02,651.02
650.0,tCal,651.02,651.02,651.02,651.02,651.02,651.01,651.01,651.01
650.0,tCal,651.01,651.02,651.02,651.03,651.02,651.02,651.02,651.02
650.0,tCal,651.03,651.03,651.02,651.03,651.03,651.03,651.03,651.02
650.0,tCal,651.0,650.99,650.99,650.99,650.98,650.99,650.99,650.99
650.0,tCal,650.99,650.99,650.99,650.99,650.98,650.99,650.99,650.99
650.0,tCal,650.98,650.98,650.98,650.98,650.98,650.98,650.98,650.99
650.0,tCal,651.0,651.0,651.0,651.01,650.99,651.0,651.01,651.0
650.0,tCal,651.0,650.99,651.0,651.0,651.0,651.0,650.99,650.99
650.0,tCal,650.98,650.98,650.97,650.97,650.97,650.97,650.97,650.97
650.0,tCal,650.97,650.98,650.98,650.97,650.99,650.98,650.99,650.99
650.0,tCal,650.98,650.98,650.98,650.97,650.96,650.95,650.96,650.96
650.0,tCal,650.97,650.97,650.96,650.96,650.96,650.97,650.96,650.96
650.0,tCal,650.97,650.97,650.96,650.97,650.97,650.96,650.97,650.96
650.0,tCal,650.96,650.96,650.96,650.95,650.96,650.96,650.95,650.95
650.0,tCal,650.93,650.94,650.93,650.93,650.94,650.95,650.95,650.94
650.0,tCal,650.96,650.95,650.95,650.96,650.96,650.95,650.96,650.96
650.0,tCal,650.94,650.94,650.93,650.93,650.94,650.93,650.93,650.94
650.0,tCal,650.95,650.95,650.95,650.95,650.95,650.94,650.95,650.95
650.0,tCal,650.96,650.97,650.96,650.96,650.96,650.96,650.96,650.96
650.0,tCal,650.95,650.95,650.95,650.95,650.94,650.96,650.96,650.95
650.0,tCal,650.94,650.94,650.95,650.95,650.95,650.95,650.95,650.95
650.0,tCal,650.97,650.97,650.96,650.96,650.96,650.96,650.96,650.97
650.0,tCal,650.97,650.96,650.96,650.96,650.96,650.96,650.95,650.96
650.0,tCal,650.98,650.98,650.99,650.98,650.98,650.98,650.97,650.97
650.0,tCal,650.97,650.97,650.97,650.97,650.98,650.98,650.98,650.98
650.0,tCal,650.99,651.0,651.0,650.99,650.99,650.99,650.98,650.98
650.0,tCal,651.0,651.0,651.0,651.0,651.0,651.01,651.01,651.01
650.0,tCal,651.0,651.01,651.0,651.01,651.0,651.01,651.01,651.0
650.0,tCal,651.02,651.02,651.03,651.03,651.03,651.03,651.03,651.02
650.0,tCal,651.02,651.02,651.02,651.03,651.03,651.03,651.03,651.03
650.0,tCal,651.03,651.03,651.04,651.04,651.03,651.03,651.03,651.03
650.0,tCal,651.01,651.02,651.01,651.0,650.99,650.99,650.99,650.99
650.0,tCal,650.98,650.98,650.98,650.98,650.98,650.98,650.98,650.98
650.0,tCal,650.96,650.95,650.96,650.96,650.97,650.97,650.97,650.98
650.0,tCal,650.96,650.96,650.97,650.97,650.97,650.97,650.98,650.98
650.0,tCal,651.01,651.01,651.01,651.02,651.0,651.0,651.0,651.0
650.0,tCal,651.01,651.01,651.01,651.0,651.01,651.01,651.01,651.0
650.0,tCal,651.0,651.0,651.0,651.0,651.0,650.99,650.99,650.99
650.0,tCal,650.97,650.99,650.98,650.98,650.98,650.98,650.97,650.98
650.0,tCal,650.98,650.98,650.98,650.99,650.98,650.99,650.99,650.99
650.0,tCal,650.99,650.98,650.97,650.98,650.97,650.98,650.98,650.98
650.0,tCal,650.98,650.97,650.97,650.97,650.96,650.97,650.97,650.98
650.0,tCal,650.96,650.96,650.95,650.95,650.96,650.95,650.95,650.96
650.0,tCal,650.97,650.96,650.95,650.95,650.96,650.95,650.95,650.94
650.0,tCal,650.96,650.96,650.97,650.97,650.98,650.98,650.99,650.99
650.0,tCal,650.98,650.98,650.98,650.98,650.97,650.97,650.98,650.98
650.0,tCal,650.99,650.99,650.99,651.0,650.99,650.99,650.98,650.98
650.0,tCal,650.98,650.98,650.99,650.99,650.99,650.99,651.0,651.0
650.0,tCal,650.99,650.99,650.98,650.99,650.99,650.98,650.99,650.98
650.0,tCal,650.98,650.99,650.98,650.98,650.98,650.98,650.98,650.98
650.0,tCal,650.97,650.97,650.97,650.97,650.98,650.99,650.98,650.97
650.0,tCal,650.97,650.96,650.96,650.97,650.98,650.98,650.97,650.97
650.0,tCal,650.96,650.97,650.96,650.97,650.97,650.97,650.96,650.96
650.0,tCal,650.97,650.97,650.97,650.98,650.97,650.97,650.98,650.97
650.0,tCal,650.97,650.98,650.98,650.97,650.97,650.97,650.98,650.98
650.0,tCal,650.98,650.98,650.97,650.97,650.98,650.98,650.98,650.97
650.0,tCal,650.98,650.97,650.98,650.98,650.98,650.99,650.98,650.99
650.0,tCal,650.97,650.95,650.95,650.95,650.95,650.94,650.94,650.93
650.0,tCal,650.95,650.94,650.95,650.96,650.95,650.95,650.96,650.95
650.0,tCal,650.95,650.95,650.95,650.95,650.95,650.96,650.96,650.96
650.0,tCal,650.95,650.97,650.96,650.96,650.96,650.96,650.96,650.97
650.0,tCal,650.98,650.97,650.98,650.98,650.98,650.99,650.98,650.97
650.0,tCal,650.99,650.98,650.99,650.99,650.99,651.0,650.99,650.99
650.0,tCal,651.0,651.0,651.0,651.01,650.99,650.99,650.99,650.99
650.0,tCal,650.99,650.99,650.98,650.99,650.99,651.01,651.01,650.99
650.0,tCal,650.99,650.99,650.99,650.99,650.98,650.98,650.98,650.98
650.0,tCal,650.98,650.98,650.97,650.97,650.96,650.97,650.97,650.96
650.0,tCal,650.94,650.93,650.94,650.94,650.93,650.93,650.93,650.92
650.0,tCal,650.92,650.92,650.92,650.92,650.92,650.92,650.92,650.92
650.0,tCal,650.92,650.93,650.92,650.93,650.93,650.93,650.94,650.94
650.0,tCal,650.95,650.95,650.95,650.95,650.96,650.96,650.96,650.95
650.0,tCal,650.95,650.95,650.94,650.94,650.95,650.96,650.97,650.96
650.0,tCal,650.98,650.98,650.98,650.99,650.99,650.98,650.98,650.97
650.0,tCal,650.97,650.97,650.96,650.97,650.97,650.96,650.96,650.97
650.0,tCal,650.98,650.98,650.98,650.97,650.97,650.98,650.97,650.96
650.0,tCal,650.98,650.97,650.97,650.97,650.97,650.98,650.97,650.98
650.0,tCal,650.96,650.94,650.95,650.95,650.94,650.94,650.94,650.95
650.0,tCal,650.97,650.96,650.96,650.96,650.96,650.95,650.96,650.96
650.0,tCal,650.96,650.96,650.97,650.97,650.96,650.98,650.96,650.97
650.0,tCal,651.0,651.0,651.0,650.99,650.99,651.0,651.0,651.0
650.0,tCal,650.99,650.99,651.01,651.01,651.02,651.02,651.02,651.02
650.0,tCal,651.02,651.03,651.03,651.03,651.02,651.01,651.01,651.01
650.0,tCal,651.01,651.01,651.01,651.01,651.0,651.01,651.0,651.0
650.0,tCal,651.01,651.01,651.0,650.99,651.0,651.0,651.0,650.99
650.0,tCal,650.99,650.99,650.99,650.99,650.99,650.99,650.99,651.0
650.0,tCal,651.01,651.0,651.02,651.02,651.01,651.02,651.02,651.03
650.0,tCal,651.03,651.03,651.02,651.02,651.02,651.01,651.01,651.01
650.0,tCal,651.02,651.01,651.02,651.03,651.03,651.02,651.02,651.01
650.0,tCal,651.01,651.01,651.01,651.01,651.01,651.0,651.01,651.01
650.0,tCal,651.02,651.02,651.02,651.03,651.02,651.02,651.03,651.04
650.0,tCal,651.06,651.06,651.06,651.06,651.05,651.05,651.05,651.05
650.0,tCal,651.08,651.07,651.08,651.07,651.08,651.08,651.08,651.08
650.0,tCal,651.08,651.08,651.08,651.08,651.08,651.08,651.08,651.08
650.0,tCal,651.07,651.07,651.08,651.09,651.08,651.08,651.08,651.09
650.0,tCal,651.08,651.08,651.09,651.08,651.08,651.08,651.08,651.08
650.0,tCal,651.07,651.08,651.08,651.08,651.08,651.08,651.08,651.08
650.0,tCal,651.07,651.07,651.07,651.07,651.07,651.07,651.08,651.08
650.0,tCal,651.09,651.08,651.08,651.08,651.07,651.07,651.06,651.07
650.0,tCal,651.05,651.05,651.05,651.06,651.06,651.06,651.06,651.06
650.0,tCal,651.06,651.06,651.07,651.07,651.06,651.06,651.05,651.05
650.0,tCal,651.05,651.05,651.05,651.06,651.05,651.06,651.06,651.06
650.0,tCal,651.04,651.05,651.04,651.06,651.06,651.05,651.05,651.06
650.0,tCal,651.05,651.05,651.06,651.05,651.04,651.05,651.05,651.05
650.0,tCal,651.05,651.05,651.05,651.05,651.05,651.06,651.04,651.05
650.0,tCal,651.04,651.03,651.04,651.03,651.03,651.03,651.05,651.04
650.0,tCal,651.04,651.04,651.04,651.04,651.05,651.04,651.04,651.04
650.0,tCal,651.02,651.01,651.02,651.02,651.02,651.02,651.03,651.02
650.0,tCal,651.0,651.0,651.0,651.0,651.01,651.02,651.01,651.01
650.0,tCal,651.02,651.02,651.02,651.03,651.03,651.03,651.03,651.03
650.0,tCal,651.03,651.03,651.04,651.04,651.04,651.04,651.04,651.03
650.0,tCal,651.04,651.03,651.03,651.03,651.03,651.03,651.04,651.04
650.0,tCal,651.06,651.06,651.06,651.05,651.05,651.06,651.05,651.05
650.0,tCal,651.03,651.04,651.05,651.05,651.05,651.05,651.05,651.05
650.0,tCal,651.04,651.03,651.04,651.03,651.03,651.02,651.02,651.03
650.0,tCal,651.01,651.02,651.02,651.02,651.02,651.01,651.03,651.03
650.0,tCal,651.03,651.03,651.03,651.03,651.02,651.03,651.03,651.03
650.0,tCal,651.03,651.03,651.04,651.03,651.03,651.02,651.02,651.03
650.0,tCal,651.0,651.02,651.02,651.02,651.03,651.03,651.03,651.02
650.0,tCal,651.01,651.0,650.99,651.0,651.0,651.0,651.0,651.01
650.0,tCal,651.01,651.0,651.0,651.0,651.01,651.0,651.01,651.01
650.0,tCal,651.01,651.01,651.01,651.01,651.02,651.03,651.03,651.04
650.0,tCal,651.01,651.02,651.02,651.01,651.0,651.01,651.01,651.02
650.0,tCal,651.03,651.03,651.03,651.03,651.03,651.03,651.04,651.04
650.0,tCal,651.02,651.03,651.01,651.01,651.01,651.03,651.02,651.02
650.0,tCal,651.03,651.03,651.03,651.03,651.02,651.02,651.02,651.02
650.0,tCal,651.02,651.03,651.03,651.03,651.02,651.03,651.03,651.02
650.0,tCal,651.02,651.02,651.01,651.01,651.01,651.0,651.0,651.0
650.0,tCal,651.02,651.02,651.02,651.02,651.02,651.02,651.02,651.01
650.0,tCal,650.99,651.0,651.0,651.0,651.01,651.01,651.01,651.01
650.0,tCal,651.03,651.03,651.03,651.04,651.03,651.04,651.05,651.04
650.0,tCal,651.03,651.04,651.04,651.05,651.04,651.04,651.03,651.03
650.0,tCal,651.03,651.02,651.03,651.03,651.03,651.04,651.04,651.03
650.0,tCal,651.02,651.03,651.03,651.03,651.04,651.04,651.04,651.04
650.0,tCal,651.03,651.03,651.04,651.04,651.03,651.03,651.02,651.01
650.0,tCal,651.04,651.03,651.03,651.05,651.05,651.05,651.05,651.04
650.0,tCal,651.06,651.06,651.06,651.06,651.06,651.06,651.06,651.07
650.0,tCal,651.05,651.05,651.05,651.05,651.05,651.05,651.05,651.05
650.0,tCal,651.06,651.06,651.07,651.07,651.06,651.06,651.06,651.06
